date,cs_pace_med,cs_pace_lo50,cs_pace_hi50,cs_pace_lo95,cs_pace_hi95,cs_mps_med,cs_pace_trend_med,cs_pace_trend_lo95,cs_pace_trend_hi95,dp_med,dp_lo50,dp_hi50,dp_lo95,dp_hi95
2008-04-26,9.570365373021225,9.420499507564767,9.718734672896884,9.126483079728327,10.019582684352066,2.802651619446151,9.404492745361061,8.697616456985212,10.159275599960655,168.06907654922506,157.39596297959747,178.72285828136444,122.60740460446449,219.90214720766227
2008-05-03,9.559525742812752,9.416052127149083,9.701365094054783,9.124987412587036,9.987035542357617,2.805829569637054,9.400809201525442,8.70068336219784,10.143936523220624,168.07123501838726,157.4157196786957,178.67115429050514,122.30997504616758,220.95870758805427
2008-05-10,9.548242660815395,9.407657086648006,9.685189889763748,9.120017208154975,9.964063077066214,2.8091451963728913,9.397338282122163,8.706633242240498,10.129361360943303,168.14992096916274,157.38399927652213,178.6743313084242,122.70583964425474,219.51257896168275
2008-05-17,9.53393349993226,9.398016545228714,9.66784036878402,9.120050137445647,9.937670250875911,2.8133613497714562,9.393861083271627,8.709315733575,10.116416421612788,168.23152770604733,157.50754130087876,178.71741205228727,122.56092437578296,219.73712526606013
2008-05-24,9.518387178165124,9.386672137464913,9.65436819346429,9.116933430658749,9.91844112307691,2.817956393046493,9.390560684127589,8.709933534895184,10.1101269975879,168.19618862299416,157.5471999686657,178.69390662600662,122.912099496029,219.63371817055335
2008-05-31,9.506647503448576,9.371564003161621,9.639214985585937,9.111276150725685,9.902931640668958,2.8214362629974534,9.385364611833573,8.71657919433146,10.098564350278489,168.227312800633,157.494718987139,178.70850675412333,123.54316695974161,219.52228526656558
2008-06-07,9.49222788680083,9.356572425795278,9.627337554363994,9.092271972424642,9.886252305179752,2.8257222982837904,9.381060644261822,8.723071211502536,10.08135982108535,168.20844105566664,157.5559116865344,178.79947797425376,123.76554510941605,219.72051655667622
2008-06-14,9.477634894134003,9.3393469154507,9.613102035099883,9.077522487783208,9.876441270553027,2.830073145948986,9.37490957695475,8.724247516721254,10.072320746164698,168.26689096818265,157.6684143683632,178.89470394364162,123.35650431237426,220.23234574060763
2008-06-21,9.461987314359284,9.321135879683192,9.601912381509715,9.055102030295043,9.858298775108796,2.8347533249491743,9.37127952257704,8.728691281742545,10.066102053802688,168.34347193469029,157.7830033576692,178.95884206921326,123.31836497762318,220.73534738609706
2008-06-28,9.447921626581131,9.302824323888261,9.593243441472238,9.034009151702037,9.852083905003429,2.8389735925380433,9.36774916044368,8.734280826305437,10.048767541614506,168.3146529269189,157.87657857292933,179.13958048223537,123.61651034515626,222.14238243478093
2008-07-05,9.43321661317508,9.284608615639588,9.582272683641772,9.01316164357695,9.847245040667321,2.843399139434532,9.363261434252,8.73515232707809,10.037887870022503,168.49054810707543,157.84590684941344,179.1796607436004,123.6320083005268,221.72355971331325
2008-07-12,9.417102740934197,9.264946106199051,9.569156832609561,8.98829121143225,9.847633685743645,2.848264560634946,9.358488227198006,8.734604302391764,10.02816107787776,168.5493645712211,157.90275987638972,179.19572819408052,124.1920378484371,222.0650847821174
2008-07-19,9.401294645068626,9.245932090235806,9.555292443472112,8.962468533915706,9.849731335466547,2.8530538625546775,9.353981845108294,8.737308530258,10.019566788072776,168.49432051832287,157.95510439348652,179.15092195130282,124.3800813394129,223.57406915353792
2008-07-26,9.385648682222277,9.222991117417031,9.544369068982636,8.934302399986038,9.850095035315453,2.8578099296800508,9.348808523113101,8.737406631737814,10.008371035726961,168.52965205787268,158.01948633741225,179.22886700082847,124.76123181577233,222.70019998966802
2008-08-02,9.369252851728739,9.200249996359819,9.533112408936727,8.904445904032915,9.847187033304632,2.8628109872070446,9.345018444604825,8.734094060737698,9.999649974813831,168.5362897026894,158.01409513336006,179.22533243530106,124.77833145246792,222.8987462761271
2008-08-09,9.351071069714493,9.177036820831445,9.520270382311908,8.865593547528931,9.85288059854316,2.8683773016987555,9.339411141590684,8.736409303859634,9.992642007094005,168.60951572213992,158.09986193467216,179.2310690184721,125.37123365063687,223.2208826639069
2008-08-16,9.334314683663317,9.154579317290505,9.508567536243753,8.832030382206316,9.85062019722828,2.8735264354201173,9.336282587779564,8.733029107580737,9.981926736069672,168.54744792624723,158.20692917879344,179.30199744215923,126.15401369111963,223.28432991914954
2008-08-23,9.317463396909343,9.130936243330105,9.496555638429058,8.806707860746819,9.849612774505356,2.87872340973432,9.33190251137261,8.732470781813346,9.971174712257186,168.68463129158914,158.24605264095106,179.30576096083718,126.63223563453813,223.7594521746319
2008-08-30,9.301403404755265,9.106263740018072,9.484770187160665,8.770228992545572,9.844209868800851,2.883693872152623,9.326510329596942,8.732186044056055,9.963872889745957,168.82811291383322,158.30010631031965,179.31435033985346,127.00103487910584,223.85994453403345
2008-09-06,9.281429921605994,9.083176782558908,9.471597468158908,8.733904753998637,9.8473296487963,2.8898995334465245,9.322322872929409,8.732760764941437,9.956827781700566,168.9143852083281,158.38133844390617,179.35882524070024,127.75949757476863,223.81079325578335
2008-09-13,9.265883704093902,9.06076605119443,9.461528680671497,8.701672828992834,9.836225854121423,2.894748181246527,9.317528041198425,8.72969563528579,9.942710090283898,169.04028112760003,158.52145851369943,179.44893089248984,128.32876480110662,224.01698257154217
2008-09-20,9.246035406682857,9.038040832732907,9.450395416296324,8.666583034927013,9.827527877196449,2.900962284974148,9.31237107244236,8.727083431913284,9.93595372486343,169.12523302542272,158.67475711895128,179.47183568326494,128.39753744303914,223.17666932436762
2008-09-27,9.22482203709462,9.013286359187372,9.435226158587556,8.629913726487395,9.819184472968544,2.9076333281447697,9.30665658427988,8.720541885736367,9.931653238136144,169.17374564236314,158.75227320661915,179.54261563668973,128.6116847296513,223.74949576834376
2008-10-04,9.20626533511393,8.99081261785659,9.421204966578532,8.597081810127303,9.811457468795394,2.913494128586121,9.301129553976935,8.7210968013134,9.92098953750539,169.24023390490655,158.78362596498133,179.71628967426187,128.69270990923562,223.3209103196698
2008-10-11,9.18656061422223,8.96823304680744,9.405463940016752,8.566971762004533,9.808191492574172,2.919743430522958,9.295360691768407,8.721802294326498,9.908834621946164,169.26622729078866,158.78303729939557,179.84160355140864,128.36797584121388,224.04370920527302
2008-10-18,9.16894606079779,8.945616628652463,9.38732932843645,8.541231171639414,9.801106908936957,2.9253525784242917,9.29217218184359,8.721781731960723,9.904439084929987,169.3017653761375,158.7456633707449,180.08691636596797,128.31388547534937,224.75377027672093
2008-10-25,9.151365676383499,8.92527338151594,9.370249496092397,8.510668804696866,9.783909394289191,2.9309723765894713,9.287737081305139,8.719605187802031,9.898178107487867,169.30034950281902,158.69375430342524,179.9570399135385,128.58662966272647,224.9030619310665
2008-11-01,9.131481562317507,8.905690849567414,9.352583532206781,8.478105898911743,9.772872533276946,2.9373546687861385,9.282595367684753,8.714438358563957,9.889211832680708,169.30548411232064,158.68326712263735,179.9794422198487,129.3737831860639,225.37275878411384
2008-11-08,9.113242846478986,8.884012745197502,9.334896683620492,8.449445033805809,9.75272650337145,2.9432333236968744,9.278311910660985,8.709285707371544,9.881155244642247,169.38220869065464,158.72085920980632,180.02642915708773,129.4101184732972,225.68781413860043
2008-11-15,9.09280383174527,8.863623763837229,9.314237244274805,8.420009414997335,9.73932881102476,2.949849188162483,9.274194500396419,8.704205775589635,9.874852764699797,169.48301759302583,158.74544875895438,180.06177546831702,128.79753468872886,226.88224190881633
2008-11-22,9.07305842231673,8.844618821068991,9.29518871203604,8.397537310332185,9.725806189133701,2.9562688513341406,9.270725875913019,8.702728537820374,9.873019366196475,169.47127129977707,158.7875936135535,180.22444831722643,128.6306022695644,227.32727826410652
2008-11-29,9.052390718744453,8.82637312676406,9.275351755765783,8.37364480177167,9.706609682297087,2.963018370942173,9.267790461323143,8.702477080567451,9.868844051770727,169.50821171537922,158.81270019846244,180.3475702766264,128.78399807139925,227.62433449341947
2008-12-06,9.034345055722426,8.805781619327371,9.256285684973474,8.349722796673918,9.68530855698691,2.968936856199479,9.26387691789633,8.696181106810005,9.862303188520523,169.53893745224008,158.92010487965027,180.43196580228093,129.0224814672375,227.6472914340768
2008-12-13,9.012848062796069,8.788045905758821,9.235371445745137,8.337846047517141,9.65872573567871,2.9760182151051024,9.259241099070175,8.694889778966042,9.855141610558867,169.5273500772422,158.96478540507633,180.35818105215023,128.71572234349372,228.11779526361414
2008-12-20,8.993218450245102,8.76898403665659,9.216902958407779,8.317999496478215,9.639417937834896,2.9825140075449137,9.253890464425258,8.690433826526142,9.848302307701706,169.50152000894377,159.00466765521116,180.3304020854276,128.95983266967426,228.5916661768204
2008-12-27,8.977532056681417,8.7520895015681,9.19724310797639,8.305157489419026,9.620986432546113,2.987725340363019,9.248259535805843,8.679929893531677,9.843930737738528,169.54500856023498,159.08951507374468,180.3480847397631,128.74741457964615,227.44901804707493
2009-01-03,8.962298434865808,8.736816290787376,9.177744556370449,8.292020203976215,9.595922785699662,2.9928037100649187,9.243777464162882,8.678877075782776,9.839095627288513,169.5619324587346,159.12720396634464,180.3914619869788,129.15033993843284,228.22286089023615
2009-01-10,8.943749924568897,8.722377094064699,9.15869891615126,8.285380432634945,9.575544781685233,2.999010507474159,9.237447731564192,8.668066396477803,9.83527423995993,169.55524164492942,159.18381792713845,180.49252578781685,129.14949554356662,228.5525407452976
2009-01-17,8.926156189527866,8.708060483677162,9.139160376348308,8.27995337760914,9.547688517435336,3.0049216519139414,9.233106389437513,8.661500159743124,9.828538749021549,169.56946604693226,159.10353018993922,180.54883110381294,129.42930378604316,229.2172722131844
2009-01-24,8.910794900039514,8.69823149361013,9.120676267072835,8.26802381790131,9.52290151480918,3.010101826058168,9.227879691742874,8.655275078890753,9.825210364320135,169.560712106072,159.0505923403008,180.58575304116619,128.88616919615902,228.9900204458113
2009-01-31,8.893533593573682,8.683442836395937,9.102278618799783,8.26590162593995,9.488662154357632,3.015944080921704,9.221891064400033,8.65030602037433,9.820812918292217,169.51980522298572,159.10408988441242,180.63376049370765,128.72377400185943,229.5492941853209
2009-02-07,8.877275935741396,8.67057751543951,9.082929727378259,8.25860168787377,9.463555256639944,3.021467417950684,9.21550180030441,8.648885142962516,9.81419719056775,169.531545387501,159.1277045500254,180.65037814601217,128.7775036448083,229.1921684931643
2009-02-14,8.859873587459365,8.659320754131777,9.068299907765205,8.256608024508001,9.43113803510222,3.0274021112491427,9.209145836463092,8.646164865636022,9.80970214246685,169.62933911939047,159.20732781802317,180.70557204443622,128.67152645743604,228.99323676928427
2009-02-21,8.846644065941842,8.650051647230203,9.046816063597147,8.251273827234932,9.407446812059185,3.0319293735380803,9.203414566697584,8.641980695912364,9.802794420886777,169.61568215215448,159.1952962232212,180.6254671268471,128.94614208409334,229.87379524202598
2009-02-28,8.834325976310094,8.6411666492743,9.030801825809961,8.262463209571987,9.38046352921216,3.0361569260559707,9.199444519830923,8.63554558724959,9.799557617473637,169.5263616605938,159.16338283304282,180.62737186375153,129.21056569370734,230.35252573189942
2009-03-07,8.82057188450571,8.633438567539788,9.015079743570574,8.26387874546113,9.360155605780033,3.0408912654667666,9.1945369698459,8.63042721727561,9.792328954124304,169.5112300087775,159.21121089456125,180.55245648866625,129.39665789848146,230.46821430250066
2009-03-14,8.811816308933853,8.625579553264357,9.001205323382546,8.263579566589165,9.343475324101055,3.04391274881442,9.19099702250021,8.627543103696473,9.78522366367012,169.49312043308691,159.17586987209597,180.54577669393876,128.8867398733157,231.17877900150594
2009-03-21,8.802782048953873,8.62061761354068,8.98650337477487,8.273678966305997,9.31426756031189,3.047036704401422,9.186153777573374,8.624282138053774,9.783749647542795,169.53464626467985,159.06988347561747,180.50508627214077,128.8418089292203,232.0546847320184
2009-03-28,8.79591970593944,8.617593006614289,8.974453063936913,8.281911364311233,9.29739904580372,3.0494139212524223,9.180237925811495,8.624498327558086,9.778921726859702,169.51407090657608,159.05618037988134,180.50322565409687,128.92721876750383,231.65141131409604
2009-04-04,8.789833529419424,8.617877203803015,8.960807254507493,8.286237042971496,9.276644789566316,3.0515253687273036,9.174863759937853,8.620555535477058,9.776939046890098,169.50861996131172,159.08482918019112,180.60616764065261,128.59811061588692,232.12197531779867
2009-04-11,8.78471348422314,8.617481948598297,8.94908996504662,8.297645807041103,9.263525404051457,3.053303906631291,9.168571513884523,8.617705173249524,9.768610798146687,169.50110729817789,159.12283579635854,180.62335329735276,129.00486575464913,231.6304917910668
2009-04-18,8.779071654304685,8.618807040248676,8.942647822057769,8.306938513804482,9.245516395638115,3.0552660983070616,9.163631201298386,8.608213767217089,9.764822077601016,169.46450869334055,159.0083799713297,180.58948593047987,128.8160094060223,231.99094687509444
2009-04-25,8.777326905911536,8.619374322247886,8.935339147098322,8.322947936283995,9.23379341206283,3.055873421094849,9.157929929577389,8.60585325348038,9.762393565147745,169.47379638451153,159.04744131816096,180.6542937569985,128.79745324263973,231.9795481538194
2009-05-02,8.776261223485907,8.617324683958003,8.931659650525544,8.325055568575094,9.223820706191953,3.0562444892191456,9.152974483252116,8.599512130596763,9.759231190912116,169.48729631488092,158.9811092379984,180.7520877760713,128.46183075418205,233.12799461833305
2009-05-09,8.773921780948797,8.621541319072204,8.92596892034383,8.329011648748494,9.21492728416857,3.0570593938337103,9.14813329346072,8.593947366109795,9.753092640903992,169.5274059081654,158.9290849287466,180.7161835821175,128.7820733755753,232.8862514280503
2009-05-16,8.776300669393107,8.625071794196764,8.926172798196212,8.346466219743963,9.214018071537144,3.0562307526182413,9.141974679210037,8.58784517304816,9.74718791235635,169.51867203340777,158.9047581094456,180.73559084157372,129.06614805094583,232.5484540903271
2009-05-23,8.778250960471183,8.629279623327639,8.926809443167308,8.355035300785392,9.21024897956754,3.0555517405510004,9.136274638526363,8.581950504377634,9.746158162405436,169.38303474703866,158.91876690509784,180.66974913669787,129.4114802252488,232.17954757453802
2009-05-30,8.781500302241728,8.63834460481886,8.930552005455011,8.36439362273291,9.205815541579412,3.054421121411247,9.131348496074018,8.576039197446486,9.745573734016533,169.2917686928468,158.9349341020594,180.63389474293103,129.07282750501912,232.34808505239116
2009-06-06,8.786622979435398,8.645406796271827,8.934822940704015,8.370508322740005,9.210853812846711,3.0526403675797606,9.125317756085986,8.569795501452546,9.741976359051574,169.2948001476037,158.78772655615023,180.5368437441808,128.50006115333645,232.39109100420507
2009-06-13,8.793936013102481,8.654848072112664,8.942687554533983,8.3773703930001,9.216590501174924,3.0501017933369474,9.119678955737855,8.562221335121784,9.738245721212488,169.2477211667416,158.7538670514581,180.53677354056987,128.8969609468564,231.78202099691714
2009-06-20,8.801202254863354,8.663604826546031,8.951281708254612,8.389739716668883,9.226551511905296,3.047583639596951,9.115373014460856,8.557784510246902,9.73446306354141,169.2511268632104,158.90639810969728,180.41096767536064,128.77644420461903,230.57926418323376
2009-06-27,8.809638511894676,8.67299056631584,8.961849439945794,8.399561603057778,9.237719272550665,3.044665222544305,9.110382216252322,8.55244212482685,9.730613482563996,169.1816100671138,158.89432525808394,180.25874782657837,128.91978628774513,229.86620117623363
2009-07-04,8.820887354076302,8.6825874504401,8.974039281438714,8.414336451429326,9.251956379461596,3.0407825118506215,9.104564280354154,8.54886591908009,9.726636317532815,169.2349221781809,158.9475117619362,180.06719677976773,128.99899937854238,229.10946281038036
2009-07-11,8.833675293648485,8.692107022631749,8.98866086019069,8.429013232102593,9.269940495871793,3.0363805675763684,9.097309847679554,8.544176940558003,9.722163688798576,169.1438152568307,158.85653843123197,180.02300922262316,129.23934890994516,228.24568295605758
2009-07-18,8.847358969277998,8.704852855644122,9.003127998961766,8.440220948488925,9.287734896320107,3.031684381089031,9.092896644980616,8.542505685246901,9.721168187036225,169.0677190439999,158.92561984159022,180.06695689128725,129.49756756572285,226.73826802594695
2009-07-25,8.865523163483573,8.717736391935372,9.018922145386917,8.448197705014763,9.306486869289794,3.0254728915025355,9.087336760440785,8.539220408031325,9.719625147300649,169.0044652831428,158.93939243436017,180.0397216121756,129.3054104117279,226.13687593784508
2009-08-01,8.880553635572035,8.732003272287406,9.03426087893775,8.458441678093754,9.3308481080221,3.0203522327954886,9.081181430155905,8.53283868134204,9.716933237430924,168.9640646965238,158.95820358737575,179.96669784116864,129.07167222168403,225.68689935021823
2009-08-08,8.896945730593062,8.745513149916851,9.049752030975494,8.465644588259302,9.350872489385425,3.014787412736366,9.076667226570843,8.527822699357513,9.714040769802926,168.85916401909276,158.81394275258836,179.88561069147727,128.59837990992685,225.76708522416362
2009-08-15,8.914100437137758,8.76282805460962,9.069077652365234,8.478883274463952,9.378931478606075,3.00898561658117,9.07244909362326,8.520798477194656,9.714089526218954,168.9315889738739,158.72383408226148,179.79471848935913,128.34844047109024,224.8363336370519
2009-08-22,8.934379725047329,8.778486124334563,9.08803865297379,8.492951418237732,9.398360526605112,3.0021558100892842,9.067939483548177,8.512629330688469,9.712378681122113,168.8789876299075,158.646838801383,179.66481531428562,128.26410049977872,225.21578147899825
2009-08-29,8.954388766477255,8.7940312989584,9.110623100866594,8.5026099324193,9.425033975225206,2.995447338824035,9.061622765135429,8.507466904564366,9.709542213813119,168.7499315014669,158.65578441924967,179.68320835125704,128.45377319672437,224.02739528000356
2009-09-05,8.97220923528296,8.812713094862499,9.132919444706463,8.51447833114574,9.448948750754568,2.9894978256525113,9.057456445687244,8.499334608194435,9.704297548544554,168.714157697087,158.66206503514093,179.72050859023364,128.62193202699913,223.4935057365167
2009-09-12,8.991516147057988,8.830345466783289,9.153094482444521,8.533516215371325,9.471279782966095,2.9830786668513403,9.053685954003484,8.495413315986132,9.708280159549043,168.61590878310244,158.4481099256845,179.580227620922,128.60867969639162,222.84099714547972
2009-09-19,9.012576906340458,8.848840663177057,9.17424477062001,8.546392404245458,9.496772172094364,2.976107752436783,9.048481131087833,8.487419320922246,9.710394764904786,168.58093717133377,158.50237268951082,179.49324303736608,128.46331441760424,222.61966516821064
2009-09-26,9.031268658694437,8.867191529435457,9.194600530792826,8.565669594207025,9.519585947145169,2.9699481893895223,9.043722461869862,8.47686911505925,9.71112072200905,168.61288573539872,158.30494082111278,179.4051915295185,128.50794251210306,222.66752491897932
2009-10-03,9.04990427119089,8.885903585593697,9.2140922561013,8.58241505756843,9.538512875003248,2.963832456210053,9.039443785379957,8.472932264631512,9.717297746019586,168.61099714937072,158.43531937683719,179.22111997079736,128.31146654605575,222.76588602809184
2009-10-10,9.06830092450638,8.902191919180618,9.2330706621659,8.600522073803369,9.562884003973819,2.957819797037682,9.033801786462973,8.466280774524048,9.719529039624963,168.5005259206947,158.4146081063302,179.21264216814134,127.91410262421753,222.73565537377095
2009-10-17,9.08658383095754,8.918067753473528,9.252900787693973,8.62092524938538,9.580130158751263,2.9518684361997907,9.028674686914943,8.457530936556234,9.717924221635013,168.45956107548136,158.202851898551,179.17576778929748,127.99905115193086,222.63080080249037
2009-10-24,9.105720626604523,8.932472653465153,9.274294863463751,8.633310410070843,9.605997851290295,2.945664720012609,9.022513049393375,8.448251782608194,9.713748747172822,168.3789656133226,158.1364345969182,179.05519960157284,127.96064926623912,222.44938049440339
2009-10-31,9.123224876127452,8.95070943364179,9.292271838548558,8.647825982668609,9.621465706518398,2.9400130287696293,9.01811328674912,8.442789329964652,9.71881302907208,168.31228999288555,158.11682769962772,178.92311544378043,127.9120900117939,221.12814611241959
2009-11-07,9.137680066093704,8.965736207978443,9.312989031722548,8.663046981976484,9.644160807219562,2.9353621276602775,9.010476321914426,8.436718228856089,9.723144372182992,168.22960025110405,158.12587490629835,178.8082079557077,126.72598608107266,220.89084101693146
2009-11-14,9.155207651592189,8.982496004300238,9.328201360589116,8.678986433556462,9.670891532464042,2.929742396401017,9.005622980656648,8.428320374884676,9.723875257543122,168.18743771885926,158.1023625037954,178.93385285278143,127.08559674471205,220.15707547118112
2009-11-21,9.168717413161716,8.993813863078213,9.346230357122188,8.686777175329116,9.69361849189105,2.9254255302750876,8.99950238026128,8.419976814763611,9.724918498363001,168.1790746225282,158.03823118170422,178.82960154610896,126.75027234137848,219.50704952560466
2009-11-28,9.1820703497705,9.004242650495373,9.364085749759784,8.6975638989389,9.716047310644651,2.9211712588645984,8.992043859825014,8.411689383050273,9.721670452261948,168.16339189312777,157.95194430783215,178.81389348001258,126.63091715174477,218.8126278499436
2009-12-05,9.196005400920674,9.014303593540696,9.378693409431605,8.70135473019769,9.73519993946137,2.916744699444678,8.9869942530351,8.40189849308066,9.721563445495212,168.1684443232422,157.88802099130277,178.730292380246,126.1519794854633,217.7576145525864
2009-12-12,9.206150282397857,9.022916612622314,9.393888993167923,8.702993683543653,9.762039134533465,2.9135305396143654,8.979405042556055,8.395014904654428,9.728543516572167,168.1918985580317,157.7727904618039,178.69054178054245,126.15484218286055,217.24381477590623
2009-12-19,9.213670732217398,9.032183869965891,9.405226484875548,8.704300565699215,9.782822331787342,2.9111524363842354,8.97248567524396,8.386591231539056,9.735476340926345,168.20953838152292,157.61257187775053,178.7147994200389,125.66249138209842,217.2004266071841
2009-12-26,9.221422666977567,9.036732047050938,9.418092510281994,8.707285639963319,9.800295078139868,2.9087051932038834,8.967192289400321,8.377039487555066,9.731923829281302,168.19456962640433,157.48421647667072,178.62662718281797,125.49128871169509,215.78337113934998
2010-01-02,9.227094895820422,9.037938514954103,9.427376346149007,8.70664910328704,9.818930163335098,2.9069171070177475,8.960702984087273,8.371393740865226,9.748365064658278,168.1895308035364,157.4928668384697,178.6637398701637,124.03813208120911,215.41799641794842
2010-01-09,9.234014958188027,9.03924941980584,9.436718061925365,8.7046319555887,9.843831162761317,2.904738634436087,8.954500201847637,8.363568947324017,9.756626707840141,168.13310717285327,157.3709051217471,178.58342446359262,124.60997737634725,214.91679081280432
2010-01-16,9.239127163859584,9.03825922076096,9.441583146351206,8.696117109164645,9.873724221799492,2.9031313820104923,8.948515486421748,8.355786120931425,9.760432438803164,168.07287071071585,157.37771595419835,178.49309002693377,123.71628421049536,214.3707380897691
2010-01-23,9.243283499040643,9.035317456321392,9.449055188565424,8.683995775289167,9.901165917574971,2.9018259585845,8.943323358138873,8.348082187891475,9.772893645861755,168.02553937575527,157.29100632339185,178.49387927357296,122.87018444857107,213.85221780908304
2010-01-30,9.24516023030299,9.032010477851443,9.453581111136119,8.67212885903917,9.927044084735488,2.901236899946107,8.937744138722206,8.341100103761583,9.784826585755125,167.9631968352336,157.19002573093235,178.55182482308837,123.2662770920335,213.99798334966934
2010-02-06,9.247777651622929,9.0267609910122,9.457802743788097,8.660153548019297,9.94662630565333,2.900415755082059,8.93109199674165,8.332858641298927,9.799836040893254,167.94569719530529,157.0554963759339,178.50709088771123,122.97150294202497,213.77431133331442
2010-02-13,9.246398161029465,9.017937932624813,9.461415285712508,8.643055978549427,9.962567543783189,2.9008484748113736,8.925419363954067,8.325658947166213,9.814786079551592,167.83287250714056,156.96897587074568,178.4048438383859,123.06225218327342,213.55299679201553
2010-02-20,9.239876959174618,9.006845066210282,9.461554314892354,8.62727397365591,9.97629244787655,2.902895802062738,8.918561850247064,8.315862838120136,9.833059744943528,167.803762164835,156.89034194089714,178.3854211443025,122.98395394241068,213.58762629983124
2010-02-27,9.232117008699522,8.995026650096127,9.462882062887765,8.599065898914938,10.005183749833408,2.9053357940280504,8.911171285151315,8.305462844829588,9.847981812494702,167.75829407421634,156.86158119766847,178.37848683187494,123.32532161369643,212.99075036511866
2010-03-06,9.22444252950378,8.981517929724419,9.460092294530412,8.577280199058588,10.03872261548607,2.907752952464867,8.903725530333816,8.293095646722925,9.854864229676156,167.76802515755242,156.8392645466879,178.32956892125958,122.66905275734135,213.19876515700471
2010-03-13,9.21315619383726,8.969427284084812,9.456181871619183,8.552750043347704,10.070052777241397,2.9113150205173923,8.896798430848353,8.285290862474637,9.86680847178639,167.85397222049275,156.89854939220803,178.3678508840128,121.77234111668494,213.9087052168816
2010-03-20,9.200692529377815,8.95358438430652,9.452523848456302,8.525960352308838,10.084808153959113,2.9152588149626513,8.890521167548297,8.274083565351921,9.87217420120765,167.78871531789602,156.78896847119177,178.31422086031046,121.99786312452024,214.24657587152728
2010-03-27,9.188688146619537,8.936758314330763,9.45042544510145,8.499206216968673,10.100407937337,2.9190673981012596,8.884171875835484,8.267225980880085,9.87679580427645,167.90976266058829,156.78995475426902,178.30417500369828,122.37225713795708,213.8178718264348
2010-04-03,9.174195547891202,8.91972386376248,9.447755897562478,8.471711535694364,10.111585320035317,2.923678688927444,8.877129117913,8.258896101939328,9.908130318607279,168.1030319319455,156.85804759180974,178.29181660170153,122.10926442268222,213.28717576946957
2010-04-10,9.159060018913369,8.899802933232323,9.444295454596576,8.445629242795263,10.142457345513495,2.9285101271102585,8.871652236470986,8.250600859355513,9.907254901075033,168.15555497193424,156.96294457045036,178.32814917875368,122.0485737200042,212.82422860526614
2010-04-17,9.141347886771644,8.88025358866248,9.433990386270729,8.417054379429619,10.168914764085098,2.9341843650596706,8.864584090659964,8.238752161805998,9.915824475575924,168.08657719390263,157.06868866352406,178.2789950692685,122.1452264572098,213.64659119559965
2010-04-24,9.126731434197715,8.860492799273405,9.425245841161331,8.387407983135681,10.20628991449373,2.9388834542443667,8.856274597403903,8.230355961559807,9.91925113396332,167.97399783153446,157.09848995493277,178.24148114993343,122.16082934758322,213.4915278633977
2010-05-01,9.108895156466968,8.838160432184468,9.416556546534242,8.358017256126052,10.227277183470836,2.944638132101194,8.847544499207803,8.222019889154085,9.922538286218241,167.90127148790717,157.05276646720978,178.26339677343023,122.45299812931785,213.78426979035038
2010-05-08,9.091456508516092,8.81495330902067,9.406741808055607,8.324899118463337,10.2377278702277,2.9502863479569683,8.840063683822354,8.210881537328971,9.930592688287563,167.89609111827056,157.14015046550693,178.33781666060207,122.55065269383375,213.7158896140472
2010-05-15,9.074841334879174,8.792524938058381,9.39668442489742,8.291374427792782,10.24223958529184,2.955688040607278,8.832115154871422,8.195246982841763,9.951851451802277,167.85169555679562,157.1863662638147,178.36310007296362,123.45008440030014,213.91137852815388
2010-05-22,9.053043867354205,8.769770639037747,9.382418801822583,8.243508398229295,10.266822971415577,2.9628045984396687,8.823886009551469,8.185055924719952,9.960690718201144,167.79845680733771,157.1419291106438,178.51364816463837,123.78119542965695,214.08728075223542
2010-05-29,9.033485074455719,8.748396818300028,9.365909742546332,8.204632435647474,10.32464126174352,2.969219496599297,8.816424751666709,8.177400202676807,9.973315422727065,167.75779622527784,157.04064084970446,178.65803945953218,123.99083432213219,213.26825187192478
2010-06-05,9.014294985390562,8.72054293731604,9.35232097901465,8.17520860258479,10.335596853599577,2.9755405221471984,8.807470660326947,8.167016626289373,9.98564806396302,167.77259808977453,157.1418464187948,178.71187365009527,124.05906859119972,213.89077455722781
2010-06-12,8.990732363446698,8.699616785855829,9.343341250701345,8.143205869184232,10.363136755723694,2.9833387418287844,8.79913492877189,8.152910289543188,10.011373706741537,167.83393375917873,157.1120560828689,178.77110150360943,124.45108994756228,215.1570909962098
2010-06-19,8.969550957627847,8.67567144877524,9.327654142597336,8.123237223671508,10.365567138830501,2.9903838149295554,8.791695294046324,8.141315480405686,10.038022456540034,167.7488939104759,157.2183616095547,178.71658868379117,124.56272616743121,215.75209690383218
2010-06-26,8.950176131675176,8.652434982375606,9.309268711177612,8.093548256073472,10.38583199354252,2.996857225201846,8.78388966511136,8.131966979943424,10.073556447637207,167.8181539951892,157.34925720065215,178.77228577056584,125.14417460762606,215.7640590890321
2010-07-03,8.932695405163276,8.627850474454494,9.293881551898924,8.060363596184759,10.408751458753711,3.002721886831418,8.776123094092393,8.12174542373743,10.08124240280266,167.8689264119061,157.54016296274855,178.77693933174487,125.17935397547366,216.1010774289494
2010-07-10,8.91505981918307,8.607003440656225,9.280126559740388,8.026667932851492,10.424095559864977,3.008661808707437,8.76683199432244,8.112134401740224,10.0910905306769,167.92431374519703,157.49455218239197,178.9690048080422,125.67171547088928,216.79218788011232
2010-07-17,8.896146095274727,8.585736364512785,9.260305099829406,8.001459479698443,10.440979584899281,3.0150584010308155,8.75730181636696,8.10441294370788,10.120043769271353,168.00508419292308,157.41965203470588,178.9445518577784,125.97492713378382,216.96003907117742
2010-07-24,8.878354310248458,8.56542605013694,9.24265990687426,7.972338758721179,10.452775062409312,3.0211004274917936,8.748723120970581,8.096147427851596,10.143466135056798,168.0521874732432,157.47148139156297,178.92060640200197,125.81563518881032,216.57394401028594
2010-07-31,8.858633855847017,8.542524316435218,9.229298396280747,7.946895917260078,10.473971628460674,3.0278257842034413,8.739932119429024,8.084669140321829,10.1572169054998,168.04114039165333,157.43606041427557,179.06204916511305,126.06343596817747,216.47628679299342
2010-08-07,8.840821283792241,8.519990654165767,9.21459642850395,7.921840596804282,10.471533910861591,3.0339262769105253,8.731345102255059,8.0744780167643,10.157464831295384,168.05756610234803,157.48632046108207,179.2242953795592,126.04622829786514,216.04104054332305
2010-08-14,8.822712536099747,8.502547130573673,9.198546135927435,7.895768150245452,10.478932309716724,3.04015345573516,8.723917360555717,8.065558121873304,10.18174317045218,168.1437725643627,157.65155411268972,179.1553274880704,126.14042136284705,216.1379957994254
2010-08-21,8.807237836547888,8.482201466429341,9.180933077505188,7.8770394462182445,10.503340414368973,3.0454951388715124,8.714029897947217,8.056577036386466,10.211110713771086,168.2089796556362,157.7465689873681,178.9860323033412,125.48654963600639,216.49374506028786
2010-08-28,8.790154735691756,8.461546162532208,9.165112172079127,7.853328861164932,10.507706062626756,3.0514138609484016,8.706161174631704,8.047108087727617,10.249830248044402,168.23072310109237,157.7423715784641,178.959088619877,125.63530852232024,217.04685694426402
2010-09-04,8.773440194694032,8.44301535344886,9.151750552287842,7.832271742331678,10.512780666541877,3.0572271999236964,8.698354453830209,8.037661194656591,10.254368702573533,168.28019438130218,157.80670624288223,179.0170471468614,126.16552533183473,217.48891289322387
2010-09-11,8.760203416871358,8.423374106325795,9.138881258755529,7.816229990521671,10.519826048926943,3.0618467099739246,8.689631873238032,8.024990709364069,10.264263997729937,168.39852407146208,157.93530128466807,178.97850383482097,126.17151384815254,217.75558928389395
2010-09-18,8.747856827288686,8.409460722569431,9.126895057552433,7.801604342731317,10.52046516982458,3.0661681666470524,8.681569364075735,8.015382996837586,10.291139351997582,168.4052538307263,157.98028714521558,178.98011787640672,126.53190965964978,218.73723901094309
2010-09-25,8.733964818609234,8.392825027956937,9.11273900315797,7.795915722912493,10.511238942808339,3.0710451163751182,8.673229753105337,8.005905270713452,10.303728495045249,168.32728335946814,157.94388196746974,179.09033768404515,127.2251232264307,219.17385686833344
2010-10-02,8.7212368652133,8.380014504178734,9.094052549447579,7.779214120688016,10.519184724606351,3.0755270627942393,8.66500977291274,7.995811067669749,10.32756515758732,168.36669530977622,157.94512629063826,179.36284693498337,127.67145985633685,219.9744255359968
2010-10-09,8.70686216401643,8.364431385030642,9.082793851961977,7.7599973738384085,10.541464697510387,3.080604642285002,8.657171790120824,7.984264418453283,10.348379315021257,168.41502827800392,157.91464693865936,179.27984096225194,128.2467956104464,220.1096361438774
2010-10-16,8.693800431400259,8.347761757083827,9.07013325154692,7.750392553462142,10.566527627739811,3.0852330016664213,8.647933799524374,7.97338266487693,10.37143279991516,168.5555918636935,157.8894853292474,179.25558519435268,128.2182548203455,220.50767633228628
2010-10-23,8.682847236650518,8.333626571547166,9.058957667201298,7.733006731884779,10.587704531103716,3.0891249507122747,8.638111111292014,7.965670559940502,10.395879345350746,168.5463649655142,157.85311092870822,179.35547275398199,128.4688028886076,221.01887497460078
2010-10-30,8.669503500996397,8.322468384286662,9.04714237906975,7.713487392519052,10.611374238124075,3.0938795972557367,8.629114805250591,7.953967644739706,10.41613737219337,168.57911845799276,157.89405720145152,179.3065703072406,128.8824306583669,221.6008469241139
2010-11-06,8.661914054728703,8.310338002729361,9.037456056370965,7.700960607712578,10.642009608109296,3.096590411091248,8.618530053518636,7.944320123928918,10.417030401334511,168.56941525878796,157.87955576266256,179.27830079776666,128.1578822689442,222.07704285619104
2010-11-13,8.651620332340368,8.301144775239699,9.02984811734295,7.700763997906131,10.61511959583035,3.100274742757164,8.61012403202204,7.9329984829066715,10.434230625672805,168.58991713375974,157.77062472138098,179.33061131687236,128.37234024267613,222.38448940715185
2010-11-20,8.641279604422671,8.288229387649944,9.02237923684214,7.694629826718614,10.648980000158877,3.103984737794815,8.600281352494928,7.922879804825057,10.459349632922365,168.66438783941322,157.7593282347855,179.29200193858972,128.45171495913752,221.95648160708592
2010-11-27,8.630996870386998,8.281839750422193,9.010547027040008,7.6805737598604855,10.687661151037398,3.107682740330233,8.591354874830483,7.911368846376004,10.484279924697622,168.5838953606808,157.7057768769951,179.2739381954147,128.65063220903818,222.57098430056692
2010-12-04,8.618568131687361,8.267496999499347,9.00339190432841,7.668614755766308,10.673360364516844,3.1121643012705773,8.58226775597704,7.901751313557716,10.520232651909435,168.59042162212313,157.67666126495405,179.19994089754852,128.44592512522763,222.8855134926596
2010-12-11,8.607826899736839,8.254845782442596,8.994585271751019,7.659324766984614,10.727431610493312,3.116047791664774,8.572031841896901,7.890764249142619,10.55074444090456,168.64782692210707,157.64067559299,179.19521753460552,128.57019284098246,222.65674881188272
2010-12-18,8.595054754048725,8.24432956941825,8.987941656223999,7.65679147965288,10.762069843644964,3.120678200389941,8.563252212183112,7.879973620450738,10.572196600451266,168.62174171491023,157.6591159510963,179.18160255825924,128.61809827934127,222.76594456854383
2010-12-25,8.583319376842777,8.23134998468356,8.977240478175055,7.6437710404943084,10.778098268313924,3.124944886999173,8.5542325797295,7.8688761780213605,10.595377446453238,168.65597640347698,157.65529225127662,179.1279577189933,128.57079919079047,223.80500864710785
2011-01-01,8.57376425499439,8.224183263754103,8.968907847796595,7.631105033585751,10.769130007577173,3.1284275243551667,8.544216487844363,7.858801649548436,10.606972590778334,168.7275856844258,157.5394496801578,179.15204396397365,128.05605907628933,223.99957485253466
2011-01-08,8.563987813227286,8.216843741115337,8.96216810269079,7.624371645873964,10.81942934031999,3.131998865763781,8.534273844894056,7.848698923151522,10.630128618400343,168.71504419593748,157.5804125949552,179.1839916729308,128.98699660527026,223.0603524669997
2011-01-15,8.55011180040113,8.205413753701974,8.952577450986226,7.613783294480277,10.821335229943829,3.1370817873194072,8.523751242851585,7.838542999926581,10.642733218944159,168.5906255528031,157.65077762075555,179.17655748590767,128.44509642984886,222.7677061880961
2011-01-22,8.540399088874038,8.192445861171517,8.947773502222857,7.608781536002033,10.83437466232513,3.140649487500941,8.514491562843403,7.826876201111933,10.657084110086268,168.57995991358797,157.58657615418124,179.13797135054907,128.57226203636245,221.9716664816259
2011-01-29,8.531093840228618,8.18165390114422,8.938188909278445,7.596399781035615,10.832607640306247,3.1440751333829264,8.505747109800033,7.816345593660632,10.665967102131223,168.59025117038706,157.61265454292607,179.2035053361618,128.5374106413572,221.72106498712725
2011-02-05,8.516914874073858,8.173396522039027,8.92773877710109,7.588208271850054,10.833669042871014,3.1493093915777672,8.49589786952263,7.805206954968103,10.669896216394084,168.60417527242325,157.66598159371023,179.17160039534684,128.40491792899627,221.88596927721923
2011-02-12,8.510073583790671,8.163219456831554,8.917079670493688,7.575416826121505,10.830918136964792,3.1518411373055626,8.487005603875058,7.792938592139696,10.682405229603752,168.52660442249706,157.77317596148222,179.1209706111808,128.23625345544392,220.86224715382136
2011-02-19,8.497495628523179,8.152257273775529,8.913313979422046,7.563358673145079,10.802487580848513,3.156506479865435,8.476664990901597,7.781888073564256,10.690050631289647,168.53623669985444,157.72166716201647,179.0546978248632,127.33650244075237,219.77129533728075
2011-02-26,8.486316064625003,8.13820351186869,8.904086065619195,7.5535046429127135,10.795964958180235,3.1606647449751692,8.466865391128735,7.770743550478461,10.70202628079363,168.56145324978743,157.7572726329417,179.02081599224047,126.87453550871975,218.90399707882565
2011-03-05,8.475025133242998,8.125780890688832,8.893431707680751,7.543557151777379,10.790824192727936,3.164875570350558,8.458428240140341,7.760792832453044,10.706178212096379,168.51008590035053,157.80645831198473,179.0796141425007,126.67204805085018,219.33567329380787
2011-03-12,8.468543262218983,8.112259753032113,8.88260957226721,7.525635072611092,10.768437793409085,3.167297992915682,8.449311700118626,7.750701938275688,10.709732542725112,168.4854760918288,157.7965876770373,179.14434449720403,126.64772536174968,220.26528173503291
2011-03-19,8.459257010652756,8.105661700914954,8.87263742470654,7.509104341759974,10.776754303775704,3.170774923587532,8.439385781547811,7.740765651496951,10.71539312867691,168.58880066418234,157.7671339581095,179.04625161353658,126.06772957422767,221.09787997858797
2011-03-26,8.449744382351403,8.091200144557599,8.860904336169511,7.4989085368382336,10.787972081503177,3.1743445482453954,8.428117441444947,7.730633810200918,10.726198499110508,168.60070087199438,157.7734720395964,179.16841666818806,126.50327078304478,221.72438404084016
2011-04-02,8.438119564119738,8.079577268083678,8.850885779472055,7.49108604488592,10.80348793452733,3.1787176988367696,8.416416745151256,7.718750249951646,10.736361571433642,168.50860453166337,157.72149107738096,179.1575749219395,127.05396462800759,223.06179461306468
2011-04-09,8.427333700347745,8.070966421904087,8.841165474188118,7.477179863469989,10.816532731269078,3.1827860334564333,8.406544841008786,7.709292320657271,10.745863993247525,168.47089392857526,157.7740460964618,179.11082102416628,127.1266134033128,221.96820763467886
2011-04-16,8.417909090213723,8.057903476838817,8.829164183885364,7.466130326759796,10.835023717139247,3.186349450890712,8.396701839761924,7.698080693410105,10.754532845856213,168.50148911167764,157.7317382159858,179.13315395818168,126.93901941184869,220.51758479009163
2011-04-23,8.40077799551468,8.044677199210307,8.821939279805143,7.457162853496052,10.85250251206725,3.1928471404146603,8.384939658147253,7.686514876324137,10.762815468111565,168.4803278651313,157.69761821363758,179.2252439953498,126.72910690283236,220.2142619061249
2011-04-30,8.39064965362451,8.034550140590829,8.80396883006587,7.443899222445976,10.872659090568341,3.196701223331664,8.374320493965216,7.6749874274382215,10.770229886983902,168.57649736264767,157.65915252773945,179.14264168875067,126.29725172960654,219.86386265937026
2011-05-07,8.37429091757477,8.023761815345903,8.791502926291862,7.429152233298873,10.892459530527546,3.202945810268217,8.363251490911239,7.662976597174486,10.77804470273733,168.4926036549574,157.73667051845067,179.05744598382995,126.24496547565757,219.72786050667517
2011-05-14,8.360991708547004,8.0132267718569,8.782754919196192,7.415343482929897,10.889890854812528,3.208040499195533,8.351508201381876,7.65216409140138,10.78322883603603,168.4540013485103,157.79836763427096,179.11531098778843,126.18805756482143,219.30142617643384
2011-05-21,8.349989804355424,8.001274085577057,8.769935724169251,7.398083367651437,10.881930057614614,3.212267402844677,8.339644508478292,7.642658441764578,10.788416288909753,168.4430558819216,157.93599973592532,179.07820360215698,126.21778236762411,219.49926908562202
2011-05-28,8.336157371050586,7.987512657608999,8.756572233678042,7.3929485915676585,10.897825575753814,3.2175976081996907,8.328980620162422,7.63347527305756,10.79271017912919,168.60517950066384,157.99302097738484,179.04174730618234,126.12543073479213,219.4032102357418
2011-06-04,8.323042076713584,7.972533393562727,8.740256699626816,7.376251182222866,10.881252008936661,3.2226678362462784,8.316796570063516,7.621347457879799,10.796637658632962,168.62664041548263,157.91715269974273,179.06439737562567,125.85649497182258,220.12971102659532
2011-06-11,8.309897860699996,7.961283900103817,8.731081778971634,7.363923814678602,10.900961852002773,3.2277653066252237,8.306384471012084,7.609889548886667,10.799752769059175,168.55251974578923,157.7774282777628,179.05534389323935,125.58371715934851,220.00414608691653
2011-06-18,8.297915338750428,7.949667860537543,8.7176256570698,7.353022039804847,10.935456031442708,3.232426328299036,8.295372586942884,7.600457834677428,10.802041810239087,168.57850031117704,157.6993421821028,179.06762234008778,125.16349400186557,219.1763595739478
2011-06-25,8.28286796469285,7.938078720650465,8.706906011059083,7.3261698325936075,10.975284293095445,3.2382986324303076,8.282889787922379,7.589872057022318,10.803230494748664,168.55058870490507,157.65746685837917,179.10580902844495,124.84034208482156,220.35964505084365
2011-07-02,8.268243239429248,7.923865596810652,8.69459874024899,7.324524937349011,10.992779656884258,3.2440264787059796,8.273411917445836,7.5778866880397056,10.803536677961503,168.67885650980475,157.604835349726,179.16400089464213,124.52567012261366,220.30990443580444
2011-07-09,8.254636225115402,7.914886022352889,8.679716848251147,7.309935148203602,11.000205447297125,3.2493739605655203,8.262804743628157,7.56691049420968,10.802987758641288,168.59420850422975,157.5876977165546,179.22453795085568,124.98819949336506,220.57620997847377
2011-07-16,8.243718901072086,7.901833558917229,8.665409861637322,7.302705961561121,11.007788024742649,3.2536771721445135,8.251270505184042,7.556990421284577,10.801573054856215,168.50978891173742,157.50078252080095,179.16199251088983,125.10360963421505,220.99351773405283
2011-07-23,8.231737033349951,7.8878104677773875,8.655577290310909,7.297592313393855,11.021271464415952,3.2584131285511244,8.239740113290733,7.544666899742256,10.799282601176307,168.49757382844626,157.46777882346885,179.22988126446194,126.08637886243453,221.01836397777012
2011-07-30,8.22256937568476,7.8798307101225715,8.645300740003345,7.283699970300734,11.024848363125816,3.262046056810428,8.227976956872128,7.534932867429056,10.795575616772906,168.46881365745156,157.4915139746746,179.44389471340597,126.02158786942479,221.40552537863223
2011-08-06,8.211545144692924,7.866384533912965,8.635870830973023,7.267674576797736,11.043186687453108,3.2664254447400243,8.216370473335289,7.521564614293672,10.782993440768431,168.52893853293133,157.5299171731797,179.36744742527873,126.00682147980545,222.49607372788785
2011-08-13,8.200944398824483,7.8532809811295134,8.63385699330254,7.2577792276869095,11.054128232961116,3.270647718082727,8.204087707371219,7.510798724531484,10.769147828530233,168.53992566949745,157.57193967490213,179.39650599002243,125.99984619524834,222.75250611204652
2011-08-20,8.195872760384496,7.844347644660163,8.627641817642909,7.248175999606702,11.047173668186849,3.272671597700965,8.192236190781884,7.501749581696625,10.754103819366838,168.45822211629752,157.54577172470755,179.45078793132762,125.83093184420673,223.10300686040932
2011-08-27,8.186169556760508,7.834237873680603,8.615388593423745,7.242909239953724,11.020073724283012,3.276550750844865,8.179630530446968,7.492811844483766,10.757399351295168,168.43351773484437,157.67754640877305,179.40105259215431,126.40125799862798,223.01513308747943
2011-09-03,8.174454786385201,7.823094681498963,8.605306516141166,7.232451968500023,10.99363640405102,3.2812463689977944,8.167621909139845,7.483767305705489,10.744986703084887,168.4914331684856,157.64147857205768,179.38100139140312,126.81353287246871,222.49489458151604
2011-09-10,8.16570411506709,7.816060149478637,8.599297705879245,7.224064332743363,10.964282322727355,3.2847626750196577,8.155386317205016,7.471341379306517,10.730926025369056,168.48049792406562,157.71365436001625,179.40497250620695,127.04745514391905,223.0489766019723
2011-09-17,8.153549827197233,7.806173104117734,8.588875168683632,7.217490772854536,10.942489453941564,3.2896591798970496,8.142391249914956,7.458931830364052,10.705860398519324,168.46883612175122,157.6917157846567,179.39996608013521,127.36753123254547,222.06125321980738
2011-09-24,8.145214917505292,7.799465947195116,8.577634314991611,7.20447307123539,10.933615170504524,3.2930254481485477,8.13032471031961,7.447800029298752,10.681503131158737,168.39353464361815,157.70674825693925,179.52423682686185,127.42485655962061,222.08134715251356
2011-10-01,8.129040645118959,7.78981223355262,8.568748542002984,7.1951328775304,10.901297956951911,3.2995775483202,8.118003764442255,7.435673012068384,10.668777982014621,168.31605670991178,157.80474031016237,179.4951426568287,127.53173317960426,221.15014485394082
2011-10-08,8.118524347801603,7.7810098798842295,8.557895493470877,7.192014384356717,10.906523125867517,3.3038516436949035,8.105026705498314,7.423085030246112,10.655103121729626,168.29386085462113,157.80066846923097,179.495494930597,127.54839840729343,222.14404585816538
2011-10-15,8.111451260539575,7.771399144239702,8.552480239193033,7.1808737120554555,10.917490915632463,3.3067325615397483,8.09251016143639,7.412014953366223,10.639961143556226,168.37137329879857,157.7067712052441,179.48977770752805,127.75351896788045,221.7374989785421
2011-10-22,8.103854388310442,7.764153042233634,8.542276939489678,7.1739500121458155,10.915274096016248,3.309832422467096,8.078794605760871,7.405726293234384,10.605822197759998,168.3495813315596,157.65943063864074,179.55447275201246,127.66230166696073,221.94184205433334
2011-10-29,8.093825683883335,7.754268500458915,8.534385348811343,7.171104615179992,10.901937021257675,3.3139335027772083,8.065332881265785,7.3939311132675565,10.590159668238245,168.25822984300567,157.68602784635388,179.68530110205404,127.13362181800811,221.23113824258218
2011-11-05,8.0847391824611,7.743084654383081,8.528120897292993,7.16799454307141,10.88796426887167,3.3176580462841243,8.051540203261673,7.3842944092824006,10.582267961826846,168.1660192861325,157.70599209642526,179.6602389824305,126.67938282210686,220.41830418216787
2011-11-12,8.078637807113664,7.733233602225923,8.5151723669409,7.158190198979469,10.883075271392267,3.320163700921529,8.039345172720001,7.372233969125262,10.564680830496625,168.13352559004096,157.65926943339747,179.5818099099231,127.05684317777944,220.98475697387028
2011-11-19,8.065226349775195,7.72103484955891,8.500051647231622,7.153407952238174,10.857514722171468,3.325684717266024,8.025961299160668,7.3622317755961495,10.541634376890201,168.1998295409235,157.61349317501578,179.47866197096656,126.69136782526328,221.15333648964935
2011-11-26,8.056947321973036,7.710369954046373,8.487281048257802,7.143198976354189,10.841700363325312,3.329102069253746,8.013860306529242,7.351266274788734,10.527408995343638,168.1268636676253,157.6009407890259,179.43774546193438,126.60436863730743,220.99168710605204
2011-12-03,8.045670580374855,7.6996960054607415,8.471227603206524,7.13648493453195,10.82549759039038,3.3337681094531955,8.002157700472011,7.341189395575427,10.51237366937739,168.1546695589067,157.58471958289118,179.4390385548754,126.83244672500366,220.9317181128054
2011-12-10,8.035069250545183,7.690340619345621,8.457024853752138,7.130270602631302,10.799756043146253,3.3381666299000115,7.990029791622947,7.329051920779469,10.490596387001093,168.22876984087577,157.56828206551552,179.38257327876465,126.83834718542863,220.89037467417407
2011-12-17,8.026462761259545,7.682785402813115,8.439682596013663,7.12811649192311,10.773599292756872,3.341746022602483,7.976772837286317,7.316975793502261,10.467913464863306,168.1456325123535,157.61464379412834,179.3550829997509,127.10114588116951,221.50563382320016
2011-12-24,8.016919863654547,7.674327932027554,8.417409199606624,7.121835519630593,10.738326885866426,3.345723851983138,7.964449345002182,7.306415237883841,10.444333923474806,168.13582152300432,157.70585712437875,179.30390104959324,127.19549729903227,221.1833805829325
2011-12-31,8.005065160768904,7.661893643784959,8.399562262533033,7.10960769386459,10.717457699243576,3.3506785343179204,7.951494454867717,7.297345701766874,10.419867565204743,168.0581309240203,157.62448066579873,179.23961377723253,127.2264293367145,221.38581774650294
2012-01-07,7.992465902741319,7.648985089308781,8.38400098034273,7.101565221250094,10.690312039743949,3.355960516930738,7.938143948153636,7.2879191251353586,10.394155720567754,168.15103584973878,157.63437504062557,179.09542875124941,127.18968370355697,221.13280227730883
2012-01-14,7.979467856781536,7.637445329335232,8.368648189941345,7.09378894800891,10.677312551303432,3.3614271631284227,7.924659596551448,7.277076412330852,10.367541542694317,168.18398864558515,157.5675616315128,179.11907636910988,127.03249505766378,221.02425634052912
2012-01-21,7.96165776973041,7.6252922156631815,8.356634353590803,7.08113118556604,10.638753657038487,3.368946615933144,7.911839748783457,7.267052749275063,10.340073646509447,168.15152393148912,157.4884972251143,179.03877653425855,126.63671561923562,220.7868608172784
2012-01-28,7.9472582757380446,7.6099837208885726,8.34428291472244,7.070231534188669,10.608784409636016,3.3750507518647517,7.898131223000094,7.254170469405762,10.308705691688441,168.22941608652422,157.4733498995036,179.0422313674806,126.38909445234587,220.1137836795046
2012-02-04,7.932514747338996,7.597873614626172,8.325210606678418,7.057988286672994,10.560922615425547,3.3813236862232827,7.884219527917116,7.240850069263782,10.283020207697774,168.2335768225863,157.38002923993199,179.00007880671632,125.95851718815192,219.18128731442667
2012-02-11,7.917958254012444,7.585156943861107,8.310669048809089,7.04135489779007,10.531764621911119,3.387539962864028,7.871278870014905,7.228002267214449,10.253616465298673,168.17628646760096,157.4407917174051,178.84462200548762,125.51212586570043,219.47886659094735
2012-02-18,7.905402019040771,7.5703764068682435,8.289271718827118,7.027187462067775,10.50504721530296,3.3929204292958874,7.8573735224176255,7.217223242535765,10.223412605441517,168.1779829541285,157.46806763796172,178.7346761583069,125.32315427868998,219.98612214064482
2012-02-25,7.89301813974703,7.5592425042215075,8.27466511145336,7.007475611304351,10.477440622993534,3.3982438054920943,7.844692539368716,7.207098409496501,10.192424005241074,168.1909316563969,157.43478962966697,178.71982725052686,125.0790734570646,220.25701011504304
2012-03-03,7.8782626942228875,7.5422194982783335,8.25493713393996,7.004069628638409,10.44976611761691,3.4046084838262236,7.830178240422101,7.19459162049064,10.164052919914491,168.1521323819926,157.2432836728911,178.60902457047453,125.05394309602106,220.80798912713612
2012-03-10,7.861836582706172,7.527725343083686,8.236004166920539,6.992703645264747,10.419344586870283,3.411721895699337,7.817972162287113,7.183331631222531,10.139309366136414,168.06871620757056,157.21108957464816,178.52376772031167,124.31654671120133,219.66005323751318
2012-03-17,7.845788734541195,7.511327445128649,8.215295820508821,6.981514118388232,10.391242800993718,3.4187002638762705,7.804582487934843,7.1743299035627395,10.11389031188631,168.12987844024394,157.14316998246656,178.50529001794374,123.93701605253612,218.85707017072184
2012-03-24,7.829224086007704,7.495308848763926,8.201084850467538,6.969041959325324,10.3759064523204,3.4259333689956435,7.7905220152573555,7.166015850366389,10.087794481352013,168.18615309975786,157.00720255444665,178.46001928963935,123.96678761210987,218.6245424928742
2012-03-31,7.8114885928188045,7.478735923887666,8.185807429312081,6.958822765314722,10.33147088781251,3.433711728745274,7.777459408228564,7.1557808056682495,10.066487004118583,168.08337971843827,157.03162894764216,178.30217416860245,124.20693170677797,217.6775583145184
2012-04-07,7.79635121326355,7.463810282269325,8.1637560075861,6.944163753322664,10.280025300992188,3.4403786193070784,7.763236031469248,7.145030708106482,10.034845308274479,168.0627053634464,157.15490723656558,178.27242456163287,123.96150663921757,216.87574429963922
2012-04-14,7.777066804711149,7.450695647840051,8.146205664767056,6.9264875495042,10.234350624394056,3.448909554344871,7.749278846792748,7.133434220857112,10.007629069693204,168.03942274171598,156.97450858024968,178.24941561603464,123.89187410115898,217.20951627100533
2012-04-21,7.759444133111798,7.437270939972519,8.125216505657988,6.908137661108042,10.187470667921266,3.456742460981004,7.735587552942407,7.122954552403616,9.973730096209175,168.04293846732202,156.87144263488142,178.24999799361495,123.57423131700742,216.1088573652825
2012-04-28,7.743320806015579,7.421842586062753,8.106711976493576,6.895591234973006,10.157447883827949,3.463940172325408,7.722668331480799,7.112546296110907,9.927162457645613,167.9608827548669,156.887416028935,178.11555451482897,123.75723575472772,215.85088069190206
2012-05-05,7.724676977506,7.404652084068168,8.08520941676462,6.877360882616364,10.099023050218133,3.4723005360989108,7.708814788523012,7.102930453116335,9.890940519658,167.9354818835432,156.79627720342808,178.06328569827326,124.02553593076128,215.49086728174436
2012-05-12,7.70826071390354,7.389637838611071,8.06838237420332,6.861869977838327,10.04614694529101,3.4796954875262225,7.695642816708714,7.093360993899798,9.847439135380363,167.90648641533414,156.81644575576087,178.0395903741094,123.80551956636025,215.9410713226737
2012-05-19,7.693388252122301,7.3719803880375405,8.054380193831701,6.8446063662720436,9.997416020064925,3.4864222532134557,7.681859478826395,7.083324520942501,9.810051353307863,167.8391690669705,156.79449315308705,178.04248476739556,123.8739755258953,215.32540399144185
2012-05-26,7.676164237860199,7.355571352887547,8.034724164505722,6.831064392244741,9.96350714542765,3.4942451993534345,7.667755877405353,7.073905326543004,9.774664367633733,167.77524251959431,156.77051700471193,178.0565955152952,123.39203361078016,215.5520534541522
2012-06-02,7.66172555026025,7.342641189700024,8.020327406065782,6.8150259286121715,9.925942635574463,3.5008301769584245,7.653804698380484,7.064339356574905,9.738226890629294,167.72499188518353,156.69508283854043,178.0631326399355,123.46904505499856,215.5046141961961
2012-06-09,7.646218915436718,7.328716883637863,8.002515179958134,6.799492362116472,9.90270267345239,3.5079299061175213,7.63885904910345,7.053422305318223,9.70099677658325,167.78523940541874,156.7362207613112,177.95793257413655,122.77640752230282,214.96630638564596
2012-06-16,7.633263300557692,7.314695682560874,7.988003631083226,6.785585420710741,9.888647271449345,3.513883767014005,7.62522753469894,7.042243094736505,9.664250579144332,167.7221174759225,156.6986392018888,177.9786201494929,122.68388994679906,214.7366112750803
2012-06-23,7.619866010987405,7.301666416712031,7.976364611988544,6.77692883570615,9.871405179585302,3.520061896301753,7.611650446671279,7.030580417666588,9.625684839240163,167.70671271549793,156.7694902338706,177.95262696324028,122.64280544092331,214.11508188347736
2012-06-30,7.602456450261047,7.290836900980476,7.966088559461173,6.765176348361925,9.820686637231699,3.5281228081744658,7.598684651334937,7.020001597133538,9.586476578284303,167.6872433263145,156.83804025383338,177.90320094643823,122.06306385085844,213.87195236912643
2012-07-07,7.586519882251,7.277671955346201,7.954974243780624,6.745750210489546,9.769066882585186,3.5355341346722273,7.58368737735464,7.008439017289875,9.541820980966198,167.69541066247896,156.77374170503967,177.83767813210255,121.71703240735334,213.25602779502782
2012-07-14,7.576434546939147,7.266086157219299,7.943969879278383,6.741182361333281,9.725101370418363,3.5402404434202053,7.5701364969040945,6.998486796321902,9.482386096322967,167.61768958346607,156.71750057327642,177.83851988864578,122.15933825479246,212.860488522213
2012-07-21,7.563563103080392,7.258958753558288,7.934485066087656,6.726795835593148,9.67627771786191,3.5462651195800596,7.556503309891518,6.988077136808038,9.43716268254262,167.64843050965905,156.8411446844085,177.80943166657244,121.81783775546972,212.6111513706255
2012-07-28,7.552693408046244,7.24899542762723,7.925348608203511,6.718642714074079,9.650160818169338,3.551368855790493,7.541987846498198,6.978057054609412,9.396984744089734,167.68266473491013,156.84142809186775,177.7002560467375,121.26053002056238,212.61122687504687
2012-08-04,7.545617058926352,7.236280239491741,7.917380659731765,6.713527407223507,9.586665817108768,3.5546993429262623,7.527917781656919,6.967345961659577,9.369461528015373,167.6494003554099,156.9607909885375,177.7143656365506,121.23400629222229,212.06412828736913
2012-08-11,7.536652828824435,7.231281907841479,7.909343083729761,6.706420215759924,9.538100406252719,3.558927373342625,7.514283645871764,6.9550877677893626,9.341069864025277,167.66194759905954,156.86251813178143,177.74667472387995,121.50284435312193,211.79591810409386
2012-08-18,7.531096735831459,7.227547254859172,7.903799339054142,6.6989498750325245,9.506185399491557,3.5615529790744214,7.500541333083334,6.9435279604841735,9.298723603742294,167.58520031886724,156.99342474589685,177.65364958158793,122.1495925471169,211.08999676272677
2012-08-25,7.5273549637082,7.222785908128008,7.89657729012764,6.700059548033843,9.458401806756825,3.5633233896562446,7.4871660520818315,6.930930034670273,9.251646267105349,167.56928197123995,157.05164157587998,177.57659812565066,121.84955599655476,210.02581821437548
2012-09-01,7.52113390087205,7.217383427494889,7.89115045003368,6.696322130759746,9.437309476045648,3.5662707771189117,7.4729993684720615,6.9203996917163995,9.201160114959016,167.49422420380398,157.02187149038917,177.53612493623368,121.64354242892298,210.43386703465103
2012-09-08,7.519086025048906,7.21739143436767,7.891709345829395,6.696602982132054,9.373565648469564,3.5672420755127217,7.458500844086778,6.910421219926393,9.167979788783152,167.49536557455193,157.02767152822778,177.62991939609148,121.52183789282631,211.09278945168577
2012-09-15,7.522363522266888,7.217080745990449,7.89109292927508,6.69603692248159,9.35493499951909,3.5656878231493176,7.444656839644726,6.900434927614402,9.12404619671813,167.50109568460255,156.91200954555575,177.6048783876438,121.38509961541553,210.62541617229473
2012-09-22,7.5216213912786465,7.217752830241336,7.894185039581313,6.6998350110470595,9.33270208957828,3.566039635022366,7.430689501266665,6.890457030443756,9.079080171169846,167.4268288223063,156.87865946482938,177.57568594496877,121.15908235048735,210.3759447141149
2012-09-29,7.5220549151079155,7.218971588311311,7.891518978776449,6.705552011900517,9.297212233157625,3.5658341132630396,7.41607607087037,6.880897714330173,9.03419103638735,167.3404745096231,156.9051504589911,177.54398355830395,121.03979776714115,209.57838537474018
2012-10-06,7.523184792191216,7.222324879849075,7.894699826861218,6.7128077292352115,9.271667310671358,3.565298573902306,7.4029377217860635,6.8705372916944425,8.99402864995699,167.34846540399866,156.81340482925458,177.43040194103452,121.04612475172782,209.8012083789462
2012-10-13,7.5259515816838505,7.224343795447038,7.8943500341750505,6.720854461842808,9.25329921029317,3.5639878507023344,7.388278422231835,6.86075506740516,8.953656666017723,167.28427123348638,156.80814085580033,177.36251717154363,120.65738096287204,209.7634059103376
2012-10-20,7.5308596024575385,7.229021731454565,7.895926766092295,6.726499784098894,9.219330746020944,3.561665124033037,7.374290217344747,6.850666062092359,8.91295298611437,167.28229917765003,156.7390474437548,177.21549742281854,121.08924261341443,209.87849543173974
2012-10-27,7.534509911712497,7.23589997575743,7.897916810369904,6.734179157536515,9.179798154769658,3.559939590137861,7.359775553474192,6.840721919346817,8.871867672786632,167.3373065045642,156.68754516619592,177.20866805134668,120.34894761585588,209.57937512132793
2012-11-03,7.541785276573773,7.242866427418906,7.900890759785685,6.744821657121291,9.126097896632777,3.556505393363972,7.344811559943047,6.830454600903599,8.831198401128269,167.32659711470558,156.6771558584939,177.0709509795925,119.94273405649588,209.29946864780328
2012-11-10,7.547202854465802,7.249987418262723,7.904176171500153,6.75623018383514,9.098348994852456,3.5539524425754694,7.329368298104783,6.820006061864203,8.794537133109863,167.20294380488713,156.61827375767592,177.0037530679143,119.21468703537607,208.9248659719056
2012-11-17,7.551416886039785,7.257395104435406,7.907065306203295,6.7709906297564775,9.072060842613391,3.5519691873452137,7.3147538817458,6.809674986808353,8.745928036440919,167.10390431303048,156.48471596251528,177.12337308919095,119.2375638042102,208.55859990388336
2012-11-24,7.560196250300535,7.269700076925869,7.911391008989709,6.786723388121791,9.05333093825144,3.5478444104967672,7.300329858550304,6.79936017259484,8.69720914077388,166.99018397105772,156.2620936655639,177.10574924365383,118.77136407136163,207.76712220356248
2012-12-01,7.564404215832035,7.2761334177439,7.915206046343743,6.8020301926102436,9.021254483433614,3.5458707966016902,7.286581112278489,6.789109383565945,8.641834518010654,166.90933034141852,156.15237328743794,177.06742432997277,118.63241144322386,207.60908550674324
2012-12-08,7.572643928069409,7.285402904593781,7.915267006758921,6.818606719569741,8.991942060934146,3.5420125724951337,7.272141747286289,6.78008981911787,8.609974254278544,166.8451935510791,155.95654847925692,177.1092157752978,118.24509374583577,207.6020104180144
2012-12-15,7.579207269549056,7.298798685195565,7.919414133398349,6.834946150486511,8.981156483949643,3.5389453074521406,7.257750873694864,6.771097139333197,8.57180247454527,166.79013672863488,155.94167434050362,176.87464892851008,118.1751304675165,206.64715160274326
2012-12-22,7.58635544491914,7.309285223324139,7.924549873694474,6.849211588740231,8.95921225920178,3.5356107678773485,7.243864536865594,6.759630467969259,8.526964174720657,166.59954823734967,155.64550306617156,176.82396800879647,118.43028259593368,206.26078353704017
2012-12-29,7.5929546644860135,7.320196988157911,7.9231410836406475,6.867536393113176,8.92714330313052,3.5325378837196846,7.229382441651157,6.74799434576026,8.482238681669635,166.5328143934559,155.46482861913898,176.78664715581579,118.3733532171026,205.82472727372232
2013-01-05,7.5984682802941705,7.33173042662376,7.922087165406862,6.889601451971705,8.899123529808184,3.5299746013723547,7.214636534859677,6.738101159337956,8.437646603517909,166.45099193390647,155.51280960627813,176.75920406359185,118.03275603792329,205.19549284111028
2013-01-12,7.6046313732962805,7.343148746631907,7.925638515303259,6.904329621573651,8.873134577093605,3.5271137660958995,7.199634934102598,6.728042260239696,8.373093890808416,166.2924819061529,155.31545231221511,176.52943478803405,117.67773281819689,204.33289265864255
2013-01-19,7.609868330934727,7.353427033726362,7.92464120012112,6.921239849859375,8.83937521211433,3.5246864794652155,7.185172814524586,6.7165444945061505,8.332340171281524,166.19836616965506,155.1745449393953,176.43657592111762,116.75492436140841,204.46109888645117
2013-01-26,7.614875127303392,7.363811569322942,7.921719015285714,6.944712148208532,8.806565830230006,3.5223689886324605,7.170524944401756,6.708111195345227,8.286533002587728,166.16032246793924,154.96237654791207,176.24085863319988,116.27441884140123,203.34845590826538
2013-02-02,7.617950189905437,7.37251303474031,7.917282793652791,6.960667053182693,8.764889059464933,3.520947149416074,7.156786240236874,6.698179271139701,8.23581681750593,165.999895656342,154.84707994304745,176.16749002821973,115.91791920688553,202.7387478739722
2013-02-09,7.620332019964467,7.378246091496754,7.913686908914713,6.975035179637662,8.719177361620265,3.519846632872656,7.142786792324079,6.689030794802855,8.18551905503422,165.9311158976014,154.58978070288003,176.09878918889288,115.41506520746029,201.84309023785838
2013-02-16,7.621723290107738,7.382031922945792,7.908213910632363,6.985986207361585,8.674718521205387,3.5192041199752695,7.128337046605159,6.678391686178469,8.135151462106538,165.73484399622063,154.3647827357913,175.92983315067323,114.72570778798375,201.40675362794187
2013-02-23,7.621678603199294,7.387101154412753,7.89875781093043,6.996160795443068,8.627237699763244,3.5192247535021988,7.113359334037221,6.666968696476431,8.095146137405738,165.67932882793355,154.29606599675748,175.80661279557708,114.16760137762977,200.87053882579266
2013-03-02,7.617819531600056,7.389195180342902,7.888621464335657,7.009543804710305,8.582478906239839,3.5210075406326933,7.09918864284284,6.657286086056759,8.052126032925626,165.51699587705127,154.0950968214422,175.69741809464426,113.53490362108688,200.2534379859953
2013-03-09,7.614154783417388,7.388125781699887,7.875892732583013,7.023330642325847,8.546236143511562,3.522702225403449,7.084878500016412,6.647201210274716,8.006624823081241,165.39548266946593,153.9283904626535,175.5212511238745,113.1641064993308,199.84151448521985
2013-03-16,7.609025614993254,7.3910399391444805,7.862161901113939,7.0374589184820415,8.505970577861632,3.5250768485686326,7.071618144142832,6.63824687349695,7.959708987943572,165.212754332112,153.8023026934161,175.47491435832097,112.65191041603619,200.03673232498667
2013-03-23,7.599874039320993,7.3903651089653035,7.845787884925489,7.044248845926219,8.452574774514101,3.5293216520744517,7.057599182075272,6.628801266586199,7.9169006957944585,165.06885172296438,153.68828264381222,175.45424121290554,112.10752100774809,199.3663056851603
2013-03-30,7.587775008192386,7.387367253773439,7.825825375325694,7.051885799995661,8.404235913306191,3.5349493065098336,7.04374273082333,6.619209308879221,7.875633805822754,164.83216760729908,153.5981543046856,175.33349887121076,111.50842205485303,198.8373365094177
2013-04-06,7.5753361130098735,7.380032406877005,7.804521016027192,7.054608347114739,8.353092293577491,3.5407537840083205,7.029439534477744,6.607994118318658,7.84776662205263,164.70397687897426,153.44314309437434,175.28376443877232,110.6385358651817,198.95488925252823
2013-04-13,7.559875915575169,7.37081565202711,7.779242626236665,7.058388620648577,8.29669889860641,3.54799474228788,7.017160035547384,6.597470085112762,7.801992623482314,164.53187563984807,153.39853449427682,175.13152189149946,110.41539644785792,198.6320526806798
2013-04-20,7.541621943630316,7.361781063713363,7.75153113004668,7.05726469632132,8.235926992962412,3.556582417397877,7.0037824810225064,6.588684484987937,7.767691794358721,164.49834026810066,153.26435543226728,175.020036529714,110.04304539909312,198.3957373794552
2013-04-27,7.520862887404564,7.350628081588616,7.721915171730868,7.060598621400704,8.181059770544232,3.5663992818072074,6.989614586558543,6.579465379862754,7.730942208830724,164.5253856351393,153.09246611481714,174.9408782119294,109.82559356460655,197.76332711306316
2013-05-04,7.49750524447251,7.333900771810724,7.68946597888864,7.052239192804247,8.115686075320271,3.577510001857859,6.975295595724778,6.570274740139332,7.698310309167683,164.37829122501495,152.99166576759606,174.92645449007864,109.69985578973744,197.8615709472945
2013-05-11,7.472790526925319,7.3159446784087105,7.652722593240714,7.045870919872462,8.046122545046817,3.589341880178085,6.961226500668804,6.557358195386029,7.668058495766113,164.10101028654373,152.80541731049624,174.71902109910192,109.19000184007234,197.45221372671517
2013-05-18,7.446785224600642,7.298238777962682,7.612959728327276,7.036243742244413,7.986582312463243,3.601876406946519,6.946925077893091,6.543754927636512,7.637545055963381,164.03557764584687,152.62032216231376,174.6135635439793,108.85985466416977,197.04712136433645
2013-05-25,7.417532683988766,7.277271279137484,7.572457948988917,7.0244188224435025,7.924069662683969,3.61608113438255,6.932063284076038,6.532989107457171,7.604203573774663,164.04833131329093,152.55744565446392,174.55000467504883,108.40331131587985,196.31683668873828
2013-06-01,7.386123925432721,7.251614298284444,7.532463199020432,7.013075611232427,7.856370476747825,3.6314581600336466,6.918777984305551,6.521771753436738,7.576081585467004,164.0566725235747,152.34159258208206,174.4785929154414,108.49218345311819,196.13288841306567
2013-06-08,7.352457191646421,7.22631985202121,7.4879561620703825,6.9993979256204515,7.789033373408772,3.6480865252045067,6.9039677828948065,6.512079223817546,7.550582252089641,163.97215774899223,152.27654768347554,174.31290025643196,108.62447851233868,195.84061416381385
2013-06-15,7.317661713572706,7.198895300636153,7.443832380869255,6.984076285616514,7.718660520390207,3.6654331738650168,6.890145567300484,6.5018837274772565,7.523936221560418,163.8194349579731,152.2425209582329,174.18916287166468,108.9842344377462,195.38781828596598
2013-06-22,7.280174993395924,7.168645123532286,7.398570912781313,6.968464388610303,7.651004915793227,3.684307043199829,6.87720389413311,6.490585047182017,7.4947425561455185,163.81200725583489,152.0544053344691,174.04140758304231,109.25644158217224,195.42998228247015
2013-06-29,7.241280619398442,7.136892225255195,7.3512240952582015,6.947648327349346,7.580103810817994,3.7040961965479813,6.863548347696216,6.47989636354393,7.462887739361617,163.68064655220073,151.9777203461317,173.78972782110236,109.87277683598741,195.09414196471315
2013-07-06,7.200465032347058,7.102237377369266,7.302197153409458,6.92569169489683,7.512191520046012,3.725092737692893,6.850272060950987,6.469661941638912,7.425984300673012,163.62949295889888,151.8891729618215,173.76877825071878,110.09586593075588,194.3866803661501
2013-07-13,7.15918140635504,7.067167562379035,7.254579843667034,6.899536765463464,7.444511588179781,3.746573592364957,6.83702070877982,6.460515085945914,7.401039944059088,163.5999539871457,151.87503134124438,173.65364652224,109.86863975495181,194.5454175268065
2013-07-20,7.115951187807257,7.030229981613989,7.204404369510366,6.874266735008901,7.3736768616390655,3.769334456108532,6.821856424321103,6.448634193314229,7.372662555443687,163.54098720522325,151.7387613079631,173.6591263413332,109.2611965852637,194.73084940749806
2013-07-27,7.072147835800543,6.991062649674668,7.152189041480958,6.846661245634627,7.30730219795962,3.7926808975452944,6.808963984985986,6.439218326535122,7.348468162071589,163.55397849586387,151.76158380474172,173.584721524447,109.63629952468592,194.40984832791824
2013-08-03,7.025508467373687,6.951324014401191,7.1000764113568575,6.8150600644160635,7.2388180504506945,3.817858895947811,6.795313943782535,6.430428448153956,7.319058146776301,163.54721129756422,151.70795297464838,173.54359468300405,109.97956479796484,194.24718516224073
2013-08-10,6.979046863420884,6.907953789130586,7.046936963232299,6.780152385229045,7.1774611537201265,3.843275525298091,6.781583973490569,6.4188027504929,7.296434292283449,163.5126748447245,151.75186751176273,173.5904719443628,110.70930829409025,194.45491327940596
2013-08-17,6.931998286266906,6.865826405238235,6.994602562967299,6.745006780904613,7.1114363257315345,3.869360448896531,6.76749914581689,6.407619823367066,7.2742716062305,163.4785037663822,151.77778227930764,173.6816637862247,111.5678929102833,194.38731524281567
2013-08-24,6.88414399977861,6.824055093860205,6.942572052666112,6.708194316563165,7.0500989802072125,3.8962578355366455,6.752212738750574,6.39875003310725,7.259382448147905,163.59315091436974,151.82555778925018,173.6887105402914,112.40317570306561,194.27166546397714
2013-08-31,6.837952833735811,6.7790174305062445,6.8912315896586245,6.670599231259548,6.9928690362631665,3.922577510276909,6.738910405265682,6.387996945852653,7.2388054016361965,163.61367231621756,152.0438711471209,173.78375374755257,113.04382967214117,194.78310175142002
2013-09-07,6.789604867355164,6.735035243360593,6.840389633269135,6.630114477360323,6.937477453744842,3.9505097166992966,6.724198359435288,6.378750268097702,7.218802907805374,163.62559640035101,152.28328047463538,173.92508403172593,113.5298009179682,194.8839710198697
2013-09-14,6.7415587288866075,6.689422029690178,6.790328622547392,6.589673095970847,6.8848182352666125,3.9786644422565183,6.710531313714412,6.367710150734157,7.202323710141036,163.65117199206188,152.51430917022452,174.0475698030991,114.07482079956694,195.0310402031851
2013-09-21,6.694942340389052,6.644050037224382,6.742031860483323,6.544215673511026,6.835937534321786,4.0063675887065955,6.695804510122157,6.358398239395205,7.182348082488453,163.85246014436132,152.62865405777785,174.16461082504148,114.795872396724,194.87403175821967
2013-09-28,6.648497682290396,6.597838246708703,6.6958190129089985,6.499232618838089,6.787767439369291,4.034355020027785,6.681465740764498,6.346262950580164,7.165006627322936,163.91266048572402,152.75340992729423,174.1657640679882,114.92317761660667,194.74639523053165
2013-10-05,6.602075534519569,6.551412741706554,6.649503575874543,6.4574673643790685,6.74318840974364,4.062722375677318,6.667804817876302,6.334470528712524,7.146461988054968,164.051311711927,152.95383914775468,174.29097681927274,115.21334704781127,194.96881350764195
2013-10-12,6.55616841337294,6.506599159218406,6.605169090813645,6.410141931285113,6.699088490299562,4.091170072136328,6.654170814665131,6.324210143569248,7.126447116433836,164.19073643464324,153.00484644495873,174.28937469550067,115.03029338331811,195.0063584332645
2013-10-19,6.512103498384022,6.463154282774138,6.561478051275708,6.365074190288655,6.6562712478158454,4.118853456063455,6.641091090030006,6.313349610369722,7.110881901937126,164.34704862704228,153.08742439153733,174.3780841984841,115.98480212583316,195.26839915803458
2013-10-26,6.469668132667023,6.419507284589617,6.519424131343682,6.319449808879477,6.616662376590303,4.145869533228604,6.627645236039252,6.305028672398796,7.094753911926027,164.41339775264908,153.269236186793,174.48587603045144,116.99914580280499,195.61814505832945
2013-11-02,6.428454506735186,6.377589636980975,6.479757573931893,6.277321560721973,6.576369479219336,4.172449221178027,6.614130719917875,6.293886663396078,7.0753697686183115,164.58256747403533,153.49649197741076,174.60944739178078,117.35610076835599,195.50838128019095
2013-11-09,6.387918341152973,6.336483905800218,6.440722721386555,6.233283406148527,6.539922761938697,4.198926562238895,6.601111722130348,6.281627952261711,7.059877615041552,164.819043321572,153.6896966926706,174.81300645619476,118.99792865474464,195.5198376957949
2013-11-16,6.348721028221231,6.297100788890528,6.403501201132558,6.190267079850768,6.504523894655025,4.224850940757065,6.58754255060585,6.271272914882538,7.040397799781162,164.97426506497848,153.96478665469755,174.89649167534162,119.72736625627378,195.46696899165735
2013-11-23,6.312264015009385,6.258502268236596,6.367585631795999,6.149662596910587,6.473259387803592,4.249251922449225,6.574105320094028,6.261155468993385,7.022357921719501,165.17894107521428,154.11227817209294,174.98121705907795,120.73310767403065,195.47254936154675
2013-11-30,6.277581848803661,6.222041726954493,6.332919857047375,6.11047171045013,6.440797723237438,4.272728041792755,6.561433024451858,6.249151600185545,7.00775486214425,165.40348987081745,154.29764151579894,175.25174764517106,122.07025654804204,195.72881368919602
2013-12-07,6.243615047543919,6.187099984095102,6.299731782510223,6.073994012081449,6.410318050280073,4.295972733125239,6.548855909376436,6.234003565538003,6.989059372957429,165.6600106865585,154.5204716389589,175.4379023486344,123.26298958030367,195.79150114133006
2013-12-14,6.210740002094408,6.153634511197173,6.268515449985449,6.039035197126948,6.379773995968445,4.318712422532886,6.53666807480575,6.219962163906068,6.9745489653128505,165.7188744236156,154.73025665784272,175.6487309921226,124.49559169621352,196.35210915324126
2013-12-21,6.1800033835621875,6.122291458051075,6.238552239809383,6.008124478203273,6.350839891200501,4.340191798495754,6.523842391897807,6.208809538429748,6.957429725581204,165.80135171166916,155.1657091235504,175.8944387288891,125.86617032948931,196.6289629385414
2013-12-28,6.151128719663946,6.0928419204015585,6.209975137460207,5.980139680725494,6.324452983878767,4.360565552991703,6.511062040715256,6.196907960376991,6.941134510535212,166.08066160473942,155.57418431242024,176.0206660193883,127.21571755986487,196.72651220829616
2014-01-04,6.124541813505964,6.06551466452674,6.183770628128233,5.953244714753347,6.298543332135868,4.379494959256794,6.498053647218274,6.186731778116678,6.927771396843832,166.26005487752232,155.8637190221219,176.1601889601105,129.02756219364372,197.04263284400488
2014-01-11,6.098931480586747,6.040653103006435,6.1577588769343485,5.927473475425259,6.272826019236727,4.397885119758259,6.486450336216286,6.175220188187308,6.911931204983536,166.40140543356802,156.13165731013936,176.318722043512,130.10750528200683,197.0181291716731
2014-01-18,6.075694022266964,6.017098901782638,6.134305449723996,5.903443150345035,6.248717070303477,4.414705530342503,6.473748267816472,6.162672046974826,6.899313100577158,166.48570719721414,156.56822597081643,176.3290791261167,131.22358710030946,197.0805842736259
2014-01-25,6.0538542906209525,5.995786492732625,6.112435676497824,5.881215832778225,6.230370425806091,4.430631910245646,6.460755661573842,6.150454718222164,6.8873426336476955,166.6197054578551,157.03509813250906,176.50479081302174,132.29813188711074,196.90480283130594
2014-02-01,6.033476394865851,5.975866241991181,6.092730442517031,5.862623582506521,6.210869291201756,4.445596244120608,6.449234195702109,6.138568890561995,6.874055105603814,166.76469266337702,157.39228675993985,176.67828113791882,132.9656630968272,197.2248847862163
2014-02-08,6.014607037043555,5.957399864166133,6.073751291366743,5.842882357563502,6.191948252472847,4.459543214576431,6.437163030793069,6.126382914222671,6.861017733650392,167.08886548038558,157.66322595361848,176.84850499608766,134.21068756012352,197.76706513727805
2014-02-15,5.996838888974887,5.94103280702293,6.056804013751818,5.8272719298905304,6.175458671114651,4.472756480023946,6.425474072581455,6.114054930026969,6.85063269732942,167.37227638414362,157.9271274010318,176.89872720057545,135.464829859786,198.11280691180184
2014-02-22,5.981729632726569,5.926223283975774,6.039865798709146,5.813380440347028,6.158827409754327,4.484054220067716,6.413831456291081,6.103478647625205,6.836290988802123,167.6577405509471,158.2269216645409,177.05637763324563,136.35152705113916,198.11387771849462
2014-03-01,5.967508079009687,5.912338228431255,6.026158083956159,5.801278268024331,6.143680546177508,4.494740458673919,6.402124260921662,6.088029224277412,6.821984064096017,167.89445990528267,158.4936586040116,177.2894829083442,136.83401722870326,198.31766296113557
2014-03-08,5.95506949473176,5.900678130125484,6.012359925680563,5.78877232396006,6.128034019020735,4.5041287971928385,6.390108563519316,6.076009699181598,6.807215428936616,168.04462699928314,158.75539199250417,177.3966820373412,137.3797556329343,198.56511430144485
2014-03-15,5.943529370326475,5.889066459421512,6.00041981040847,5.779038286603512,6.115828169824441,4.51287414128328,6.37902245152309,6.061815456022547,6.793700386079116,168.3467598263017,159.03724191818486,177.61380984762243,137.74692959630534,199.08915690610746
2014-03-22,5.932811071214687,5.880670618302658,5.99010954473817,5.771233519638724,6.102521435926087,4.521027162146519,6.367872876855052,6.047360243349821,6.780974532262454,168.62070496697163,159.1487954679245,177.7744922958561,138.23291964249736,199.3000224876104
2014-03-29,5.924351559540723,5.872299580653114,5.9804688805354695,5.763036923794866,6.091334278339182,4.527482836025396,6.356829944950555,6.035926305941918,6.768135454303112,168.75453409388714,159.38353474941783,178.03114499889642,138.73826629990424,199.76114955684542
2014-04-05,5.916719654437767,5.865754945074858,5.972475859863431,5.757157072274998,6.081687876806182,4.533322781342563,6.345417032948445,6.023457401450509,6.7551698653536025,168.87165730896805,159.54016474947983,178.29391440562392,139.1491871897144,200.49296165786978
2014-04-12,5.910186378532151,5.858987475132507,5.9652264331379135,5.753290788690185,6.07304840348831,4.538334035921434,6.333847391524817,6.013664125673821,6.7418527708866165,169.16998429246053,159.71195794925183,178.4160021405765,139.3340937413822,201.2734657711698
2014-04-19,5.904725092740603,5.85445941718451,5.959106963359321,5.748047266536618,6.0634604194789175,4.542531545358935,6.3231935259016065,6.0036278477114875,6.728838152158057,169.36435437653512,159.87686837096516,178.57841184730066,139.65901580160863,202.24106270055555
2014-04-26,5.898746022563952,5.849208987524146,5.953934243729409,5.744728141859267,6.055979205081191,4.547135933198031,6.311819984152496,5.99089304300518,6.716891125608399,169.41577330982767,159.90747167444988,178.70711634295822,139.4648156664777,203.3281498651107
2014-05-03,5.894412750792187,5.844573177288788,5.948439104409889,5.741760057869707,6.05013783475806,4.550478755751074,6.300538429700157,5.978145924453745,6.702759053030243,169.42569689091317,159.9625766971575,178.84600794343237,139.81506660837331,204.46400535673752
2014-05-10,5.891101972315326,5.840109168519253,5.944041832778681,5.737739755513903,6.045161984305114,4.553036108826757,6.28943871837129,5.9684083986895935,6.6912672894379215,169.47343499878482,159.97549932899597,179.05319719095706,139.8337237956113,205.16263877412283
2014-05-17,5.888261113291812,5.836603476036067,5.9403631366315635,5.735739942571736,6.041706455262157,4.555232773142843,6.279651173940653,5.956215838318609,6.674145393222357,169.4483471424375,159.9773948947681,179.1761329107958,139.72588031871405,206.0376225569761
2014-05-24,5.885427244806495,5.834390233865349,5.937886195020992,5.733842657741251,6.039607452944889,4.557426145004389,6.268559624245757,5.944541620797014,6.662442024944305,169.44944294080292,160.06537765582408,179.24307492376477,139.81315977996027,207.10352128340793
2014-05-31,5.883130632935768,5.832126771725582,5.935393094363048,5.732210573896661,6.036429987687317,4.559205238428587,6.258352915886794,5.934073525096153,6.6520496498098085,169.41821293010338,159.8630879854836,179.41327303208422,139.85934015759608,207.67611414665612
2014-06-07,5.881576789705498,5.830483444083443,5.9325245519856225,5.731246302021457,6.033407300462116,4.560409726707917,6.247866551048585,5.9214025682989675,6.639551656634845,169.49566776200828,159.92362255340126,179.47293232426316,139.5647596305137,208.4861353857711
2014-06-14,5.879881609445251,5.829323145001526,5.930233357536591,5.729752220553949,6.032616839308977,4.561724500866655,6.237589156826138,5.913188910250174,6.626651381819621,169.61789160205177,159.96148974314815,179.52858856021712,139.2215554825284,209.58735128538834
2014-06-21,5.877969828518718,5.828270561898309,5.929004969821403,5.728458528453367,6.0307278962923165,4.563208179569022,6.226992355650129,5.9057559855967385,6.613811335991131,169.556047826364,159.957950144264,179.54688735952243,139.32373354983136,210.70096788729967
2014-06-28,5.876674713348153,5.826479547998742,5.927843360131843,5.728670460752109,6.030038120810553,4.564213829828935,6.216285157108276,5.89412001602873,6.6009644744245355,169.51274207942046,159.86965328200225,179.4791154777745,139.1575423349518,211.86913082401165
2014-07-05,5.875794969456057,5.8248158404292845,5.926317296530998,5.728332419859217,6.029663001526563,4.564897199760412,6.205979767220612,5.886198709416941,6.588047321774007,169.5127354604803,159.7489848665422,179.44665999852225,139.04745938982427,212.78699614834008
2014-07-12,5.875345901852866,5.822796943672203,5.925547474430836,5.727115961150406,6.027398361794105,4.5652461060676135,6.196253290822449,5.878324958511352,6.575244484210056,169.5582551765146,159.6656204726514,179.37750094560184,138.4727200907123,213.09209378980285
2014-07-19,5.873986997912679,5.821447939478458,5.92496278890502,5.725201092046926,6.027541236440789,4.5663022423375,6.18586347725514,5.8724351973316065,6.563281546195799,169.56258581134898,159.67841220659227,179.32209378760575,138.25980935039294,212.8257384675916
2014-07-26,5.872330708212827,5.82015407584691,5.924765837007614,5.723986426256424,6.02593781733704,4.567590166968573,6.17496820894573,5.862145687599188,6.553377634070729,169.47330019025952,159.72653045868503,179.2961510360551,137.84660906424935,212.7814392062413
2014-08-02,5.870781047982204,5.818141578982012,5.924720088076248,5.7237983779377375,6.025005791524485,4.568795834985467,6.16468514595347,5.854117198311825,6.541792154228936,169.3910011135265,159.60740205078488,179.29262110115724,137.5908024290304,212.05502302984738
2014-08-09,5.868870836341158,5.816245292154258,5.9248416007212015,5.721559121252575,6.028006907904297,4.570282895751342,6.155304585023711,5.8435356270276735,6.530033379996293,169.2502249895981,159.5700861191834,179.19936897428187,137.26562611024949,212.2326375425745
2014-08-16,5.867847114046734,5.815517659893555,5.924045578522005,5.71925129409194,6.027811846206147,4.571080240971941,6.145496438855197,5.834399246663025,6.517216589972002,169.21752632353014,159.5378147053684,179.26556375960405,137.02902979761893,212.28860914680203
2014-08-23,5.8667522886399865,5.813872686017836,5.923112339453871,5.714979084831806,6.027383574970423,4.571933274234213,6.135978644191445,5.829567878422913,6.505702280621284,169.18255695974705,159.45750890082346,179.183589744566,137.14495322843874,213.12681736362111
2014-08-30,5.864922309864603,5.811950687435711,5.92271668620293,5.710103103303724,6.026764898698884,4.573359813618302,6.1265738431289645,5.823039712556545,6.495843604370003,169.078124740355,159.37288749274356,179.1558845903387,136.38864733206637,212.84809134385426
2014-09-06,5.864737487446241,5.810504247861656,5.921499044816029,5.704444535442068,6.028768631823251,4.573503938994266,6.116883600727792,5.813913052013108,6.487015120512745,168.9592221323844,159.34264204239582,179.06348510210427,135.8552789494268,212.4342242675902
2014-09-13,5.8629609113179,5.808967248032908,5.921071093231414,5.702552087700437,6.029535584915694,4.574889788060514,6.10764621894814,5.807833313918266,6.476243288389965,168.9842343732505,159.38151262803308,178.94121915705108,135.76135849948358,212.11735732175634
2014-09-20,5.861047088268179,5.806855306671978,5.9202738356591835,5.6975247072902295,6.025619421030094,4.576383638645947,6.098716794899785,5.800320477657116,6.466163708922372,169.01046417873363,159.40134976240824,178.86972260996612,135.77343564598524,211.68105875943706
2014-09-27,5.859132222980081,5.8052154971080085,5.919478469487944,5.693799780391894,6.026369552268882,4.577879279597118,6.089966014414665,5.792154844853855,6.455892561688227,168.95389850452216,159.320859959804,178.81661038896615,135.7445532373153,211.6138593926871
2014-10-04,5.8578356237137506,5.802676684907804,5.917981170629764,5.691587448328502,6.028300370571285,4.57889256783648,6.080434297964896,5.784737165369566,6.4409740249082095,168.89100986847987,159.27413292485016,178.7762493405443,135.5166547375748,211.5037447540357
2014-10-11,5.856750266976402,5.800458765424495,5.9169332394779035,5.6863888062367725,6.030261446749511,4.579741115655722,6.070986514918145,5.776494337977253,6.433216990122954,168.77871017081196,159.29150924318313,178.63899133327337,134.89458660784996,210.81537524044106
2014-10-18,5.855665583325932,5.79835041189772,5.916448463754424,5.681870485490767,6.028525271803192,4.5805894510953635,6.061852565102209,5.767734535541713,6.421834826276637,168.6648918356641,159.16958935263682,178.44496748294722,135.06042303893437,210.41138698661578
2014-10-25,5.855596384222665,5.797122443593683,5.916485421318207,5.679650764772641,6.031056134062811,4.5806435828334156,6.052596436209348,5.760748869157498,6.410550657471434,168.64824546145886,159.14272729656298,178.33682892778705,134.77020082777364,209.3866914693836
2014-11-01,5.854590030636602,5.79569299214738,5.916483833127916,5.676686406630847,6.031706093374763,4.581430955826401,6.043744087890733,5.756231987831404,6.402457002204665,168.53328432148618,159.08824362250712,178.31836676074977,135.02781679940657,209.2499405263818
2014-11-08,5.854724897004597,5.793918337548472,5.91629845487987,5.6740657808031125,6.032821021097743,4.581325420385534,6.035164937887634,5.748547680092096,6.392434887229471,168.37391221964015,159.04824735411128,178.1092099419501,134.8010238532183,208.42112609692563
2014-11-15,5.854884290424057,5.792888876411858,5.91629899840397,5.674562853436472,6.0340093596380715,4.581200701246486,6.026394400732031,5.738722377466513,6.381159228918147,168.3303436381191,159.08308572270454,177.98105539030738,134.84393216307504,208.40493723385077
2014-11-22,5.854910208635309,5.792342081099115,5.917010041553216,5.673364632874386,6.037719377300961,4.58118041861662,6.018081967968152,5.7339785796543055,6.3719845887236675,168.26272737316083,158.94768602266765,177.83379693009087,135.2209438763473,207.86363809989993
2014-11-29,5.85505206430402,5.791600806480861,5.918649801236329,5.670180086343393,6.039209814175016,4.581069426818491,6.010156507641568,5.727648714573311,6.364080271118947,168.22859744043353,158.88051850572316,177.70309511564415,135.3377172755832,206.9996664279576
2014-12-06,5.855227276007082,5.791965369942712,5.919903503669781,5.668708004268047,6.038971182287004,4.58093234234217,6.001650141388739,5.720301793014854,6.355064708342624,168.11354657210717,158.71859373636823,177.52113268285498,135.3262800679496,206.09621700154509
2014-12-13,5.855507987624167,5.792561219603295,5.921120549925492,5.669734792113976,6.0399987173681104,4.580712733969026,5.993447035413413,5.714281021010242,6.347821140856575,168.03415158847483,158.59866637673417,177.34976871569418,135.32309112624858,204.19920961716772
2014-12-20,5.857723721927694,5.79352891352209,5.922510626963328,5.668545985935049,6.043573736464383,4.578980040161147,5.985149019427754,5.706876133148292,6.340252008517614,167.88581769922428,158.5424564017561,177.09747958275807,135.37381276864974,203.30422754602986
2014-12-27,5.85982538067992,5.79621275553134,5.924284224116458,5.668280056209028,6.045979798714373,4.577337763990609,5.977376545266856,5.700278697992493,6.333046005242235,167.72172902746377,158.47961068460262,177.0735633422814,135.2477211675859,203.6269521414644
2015-01-03,5.862591888983138,5.7992418109867785,5.927136264942105,5.668882073830386,6.048788365601054,4.575177755635352,5.969423390178697,5.693559649135479,6.3245766829943015,167.63638900695,158.3858028576122,177.04022628339416,135.6570854785128,202.81231720140366
2015-01-10,5.865039295022543,5.802266309955233,5.929551337383145,5.6725693244255995,6.051550537962839,4.573268592323778,5.961365806750006,5.687267526543268,6.3176805780885,167.5524350858522,158.34609950288416,176.88569916659387,135.23137600449746,201.93783577891662
2015-01-17,5.868565185196557,5.805181141830185,5.932713986378607,5.678516977743278,6.055437121127883,4.570520928639981,5.953232530261393,5.680691045880321,6.308481169856903,167.4671018424712,158.27406010098076,176.6727444848029,135.0050912659435,201.30369784616752
2015-01-24,5.872148855487547,5.8084728636510095,5.93626955296014,5.683869162376787,6.059568573830896,4.567731619506182,5.945163098356533,5.6741559804807915,6.301947323852681,167.4093701825368,158.27027561494293,176.51734335608487,134.67245081914962,201.02515941251426
2015-01-31,5.876203958610231,5.81257328744247,5.940074742268221,5.6874472742693865,6.0651798472172676,4.564579478579826,5.937781760971809,5.668025019609032,6.2946334888465625,167.21353925028953,158.28396091236678,176.21317641150011,134.77889872733246,199.97266595518983
2015-02-07,5.880374923814646,5.817390035268714,5.943779365428826,5.691749373032757,6.068781362972649,4.5613418102604815,5.929825573470238,5.661253044471935,6.285602621912261,167.2129512522775,158.22054454513892,176.03677627320982,134.99015254344428,198.99795537592914
2015-02-14,5.8851267133518075,5.822267388417662,5.948556616852157,5.698644267028763,6.072428360774682,4.557658875787137,5.921766875065804,5.6545795870004385,6.276682508691223,167.1015365641025,158.10707580333354,175.94163711672417,134.72068609390786,198.12570100783267
2015-02-21,5.890479386967949,5.8270946182376235,5.953627970298969,5.704771979548673,6.075716973995054,4.553517335059096,5.914340790126591,5.646745776101272,6.267415443363728,167.08149815223544,158.01364407823456,175.8238116242111,134.93810243359874,197.00750897913852
2015-02-28,5.895711617287237,5.833217896369244,5.958409197002413,5.711357218830215,6.081079557527768,4.5494762535333715,5.907921797705224,5.6396198996374665,6.2582380694740305,166.96091436903927,157.9050864784981,175.6192812242281,134.92332531438973,196.24830107942262
2015-03-07,5.901492826278532,5.839879885190019,5.9629578314413845,5.7175870019389805,6.083272296637417,4.545019504371831,5.9009961551226,5.633489314885057,6.251037450351782,166.9077771461575,157.64768590429384,175.549836567684,135.1152244114039,195.112587637761
2015-03-14,5.906587796287441,5.847778225759333,5.967646816930589,5.72534416455391,6.088550498459235,4.541099011138447,5.893752890596081,5.629512324498446,6.241627131274214,166.81878821481106,157.53501684516687,175.52132092548814,134.57320830572914,194.72108983514715
2015-03-21,5.912629625072565,5.85430801380405,5.973409577087667,5.734617286234989,6.092686757818233,4.536458682866542,5.886597662480236,5.623954193013329,6.23208337394719,166.67417401525324,157.3110796837764,175.38141844243455,134.56400614239234,194.3302820954977
2015-03-28,5.918854017014436,5.861226265246636,5.978646501875,5.743194688599662,6.093893019872114,4.531688046859526,5.879660881064033,5.616535408437094,6.224432168203483,166.60367205791124,157.2298206259366,175.40414834632028,134.373985327857,193.69816370395407
2015-04-04,5.924902941613988,5.868789234813103,5.98431153651527,5.752010871347475,6.0972831838516175,4.527061500300928,5.872953481553255,5.610777308360215,6.21459998567415,166.66537950312426,157.21466739748897,175.38284179082893,134.03908102748255,193.50136538879443
2015-04-11,5.931712416345915,5.875832558373469,5.989779277672534,5.763558608902214,6.099348200149235,4.521864533771508,5.865588750513366,5.6062575342225935,6.2074404195230555,166.65983797440705,157.11508813228824,175.28093221442668,133.78395935225723,193.14178460901667
2015-04-18,5.9383394885260845,5.882936245387911,5.995811420957698,5.77150967307808,6.103569573667846,4.516818220284847,5.858691726491569,5.600263940979557,6.197556776887383,166.45405115683346,156.97368233793733,175.2938025744087,132.91114316274286,192.82311791235927
2015-04-25,5.94415896004225,5.889420401762747,6.001102342099127,5.777983877537064,6.106766972594311,4.512396148978607,5.851976900315327,5.593231360250755,6.190426730265633,166.40588221905978,156.97209459873915,175.2879123976192,132.1682680897739,192.81624341815544
2015-05-02,5.95008096544456,5.895325964746436,6.006156392805792,5.786544951280178,6.111468466866783,4.507905044929088,5.844984352240343,5.585530726420916,6.184847996857248,166.29091971296447,156.88857356258632,175.23799728877574,131.96330687509453,192.74084320315401
2015-05-09,5.955729778324464,5.90149494762974,6.010621085472211,5.7951912582455565,6.11247681275319,4.503629445738505,5.838586590064054,5.578338731802752,6.1761624425957224,166.20436139566203,156.70470540762375,175.29997700686874,131.56806072987092,192.76929177389192
2015-05-16,5.9608228102900735,5.9066476403221895,6.014569593890736,5.801016667337363,6.1146465567052735,4.499781465607837,5.8320912605897535,5.57192608261516,6.168142697757381,166.25912730533804,156.63793982990077,175.24105035655361,131.0976871906108,192.834037386084
2015-05-23,5.965149260511426,5.912273807212419,6.017772092116967,5.809034029332786,6.116898939433357,4.496517828773183,5.825712775095128,5.5653720271705795,6.160886195124827,166.30538195835007,156.50241298212666,175.19108343245213,130.727074481068,192.53550153710358
2015-05-30,5.968773532389291,5.916917132325923,6.0210988773108,5.815535237141082,6.120129266072403,4.49378751840389,5.819273841321623,5.557329744087374,6.155131854586311,166.22832785720541,156.4356727015644,175.0942886842189,130.10054979340714,193.0175370788557
2015-06-06,5.972380967245226,5.920797820067616,6.024013738643976,5.819492059763335,6.120883583604205,4.491073183394556,5.813515586504343,5.551433743333114,6.149427258159359,166.10413929335914,156.42634829942125,175.149616618075,129.31437356400264,192.90076795411366
2015-06-13,5.975768815084601,5.923861030276831,6.025486471983059,5.824155236959588,6.122541536790489,4.488527054935202,5.807598139103021,5.545767256640519,6.142778895877601,166.07623774552331,156.4136739561506,175.1611786345961,128.76899289036064,193.11548858108563
2015-06-20,5.977631248006492,5.925939410136995,6.0258397439818605,5.829204255322874,6.120946418205413,4.487128577731699,5.801769925105482,5.540174965173105,6.136072830594926,166.07439547693434,156.20766682714986,175.20226104255232,128.1820909795668,193.29381069473934
2015-06-27,5.979350137809135,5.927789570158604,6.026207830961335,5.831939548310678,6.119488397307518,4.485838658351135,5.79586150186541,5.533705131548942,6.128794068040571,166.06702929494855,156.1380972098174,175.25725289337578,127.71295501136721,193.71791851545592
2015-07-04,5.978932431378736,5.928845381849424,6.0252699574875805,5.834787035267788,6.116827394326278,4.4861520527346865,5.789183524078411,5.52674294969876,6.121724017031011,166.04600902757403,156.09075682016442,175.29287557749547,127.08532971746428,193.9661719184905
2015-07-11,5.978290702814732,5.928623503470757,6.02318937697928,5.836380480162119,6.115677965426346,4.4866336104154705,5.7834857347029045,5.523264086769796,6.116408902544337,166.10666627971412,156.08893991788912,175.34671383067524,126.51071942053989,194.62081351385555
2015-07-18,5.976314573728095,5.92792535670724,6.021540083513307,5.835597672923768,6.112966346587218,4.488117161358449,5.777817180489096,5.516054429694346,6.110041966594269,166.07470625913757,156.01677877248682,175.34882983267244,126.10092996088385,195.2523882192814
2015-07-25,5.973464042881517,5.926454874929969,6.018043635253293,5.834028165736663,6.109639703017475,4.490258886209452,5.772543992999127,5.511841430283809,6.103828894128274,166.14185721199277,155.98019982938953,175.431425173736,125.6427562824437,195.63224695773556
2015-08-01,5.968965726723673,5.923252239766265,6.013992365610392,5.832578429941417,6.1040989577405504,4.4936428232553824,5.7668694591632885,5.507114034370776,6.097798866356939,166.22674223532772,156.0731258329643,175.4547495623546,125.25976457200485,196.08384967155797
2015-08-08,5.964226672429393,5.9193386025439745,6.009024602116032,5.830075462571654,6.097427637167861,4.497213381251778,5.760746821860943,5.50126037884655,6.091267042591275,166.22231683846758,156.2225036145793,175.45996128997848,125.23891041487029,196.3549828220044
2015-08-15,5.959244953807582,5.914504304966702,6.002874435117824,5.826439479847554,6.090467636481946,4.500972893201304,5.7549406649530415,5.4965696319463255,6.084753083672796,166.3049100486881,156.28872082112167,175.49582355846653,125.36708389645464,196.51294229976148
2015-08-22,5.952117163855401,5.908926107682781,5.995738269792851,5.820200766237476,6.082686993468035,4.506362906138987,5.749217505649178,5.491177888731114,6.078244903958235,166.31067792602587,156.3891280227447,175.475109736778,125.72235575515386,196.73482096402765
2015-08-29,5.9438187423673305,5.901200934527758,5.987461159561078,5.814569372458436,6.074269954257571,4.512654433557611,5.74382854058553,5.485619537187942,6.071745954137433,166.4753030176858,156.54520963654292,175.55571769141847,126.207718411139,196.8285638268146
2015-09-05,5.935303350809632,5.892538838735985,5.978559285833255,5.80721074037284,6.066353528769066,4.5191287478761115,5.738443418639285,5.479989358670983,6.064905175604499,166.53214072371551,156.58135659724192,175.60882763203057,126.06144185074919,197.2587154223875
2015-09-12,5.925633542237609,5.883674289732975,5.968292009834274,5.799158154751549,6.057229993361736,4.526503336567782,5.733574840246715,5.473367802913421,6.057190246517658,166.566932262111,156.68660914305002,175.78574968761527,125.81536023154408,197.36068772382802
2015-09-19,5.915162959869376,5.8737722747292995,5.957342206960144,5.790741627904088,6.046128026660535,4.534515816735262,5.728657592256513,5.470278464638254,6.050416778172623,166.67285101977333,156.96086129725867,175.8429367506315,126.3983774785161,197.9348684209453
2015-09-26,5.903816372880338,5.862675514881698,5.946167785209974,5.780024758665828,6.034822243776168,4.543230735235051,5.723859210112307,5.4656195859616155,6.043657587553088,166.72534814855425,157.10441685970432,176.03274179293436,126.75857625252551,197.8000325223346
2015-10-03,5.8913674820408914,5.850346840944374,5.933913170889947,5.769242527375005,6.023000153190835,4.5528309149707145,5.71887669837,5.460197796094559,6.0363387066700005,166.91826926946763,157.304924121774,176.16335177584926,126.73033126108993,197.98514597825576
2015-10-10,5.878246781269966,5.837389190809525,5.921005983803877,5.755609351405194,6.008501221602909,4.562993184543805,5.713912994051049,5.454824638645346,6.032073058111575,166.96326021128058,157.50999258004342,176.29943398035903,127.22624084324467,198.26922106837802
2015-10-17,5.865071736438384,5.824107228563246,5.90736961200275,5.742076548010346,5.995025916347662,4.57324329626445,5.708987807900938,5.450936334054019,6.026887923079243,167.20477964534138,157.6179080951839,176.41640646959186,127.60815520250866,198.23270912438923
2015-10-24,5.851157157661879,5.809942055030552,5.892797061703131,5.72957662368596,5.9793715918231305,4.584118880640583,5.703769392608981,5.445136487148619,6.020875308284848,167.40072315930462,157.74497389757124,176.55655353295435,128.34840658869385,198.42145351887456
2015-10-31,5.8360369450381135,5.795661107354509,5.878878754806272,5.717285222027459,5.965471352651704,4.595995579296828,5.698525795755953,5.439540317697965,6.014460269508388,167.55749786629582,157.92075158295643,176.69997754566978,129.06215381498862,198.36574701618125
2015-11-07,5.821361568333955,5.780735635704513,5.863928658629661,5.703985127486053,5.951422895321069,4.607581866398132,5.693764653675921,5.4345574308320534,6.008389087771972,167.73457931464122,158.12599600393045,176.98238565365227,129.50089910442762,198.77333440761626
2015-11-14,5.806009119299343,5.764803553508624,5.848381249125325,5.688311792799919,5.93535919450345,4.6197653928659355,5.688268853612931,5.430449580286967,6.003667428273906,167.81347034740952,158.3560237971942,177.19328392502837,130.44132421134665,198.72120147459847
2015-11-21,5.790762791464034,5.749149285855075,5.833335243503687,5.671305876044987,5.918273126487829,4.6319286363361485,5.684008701805257,5.424951855425095,5.9994973881443725,167.99373122956519,158.58764114113953,177.31575263144907,131.72833580665582,198.96648184454537
2015-11-28,5.775082427391712,5.733289206522101,5.817597710551153,5.654346347719174,5.90264335045239,4.644505137192523,5.679072867373584,5.420178923654494,5.994214443816139,168.13590583470574,158.83731380343153,177.51027254046832,132.52170192518307,199.51123854495364
2015-12-05,5.760014654784961,5.717499303333657,5.802467586725533,5.638806746498211,5.886486792359356,4.656654819053218,5.674871279871319,5.416889517969106,5.989235634549056,168.26830932357444,159.04579808810712,177.74912359013325,133.4470089032722,200.2618017464554
2015-12-12,5.744225967623169,5.701747261782371,5.7863457242250975,5.623423376618883,5.871178709985615,4.6694541877853375,5.670017968639851,5.413908562319035,5.984592386347461,168.5177362722701,159.21645760178245,177.92521043720592,134.41231730978706,200.63981563534423
2015-12-19,5.729183815245085,5.686119680013646,5.770677291985658,5.609093790760508,5.857557856663507,4.681713986672538,5.665199078753439,5.409721817476895,5.981788934509958,168.8081618750937,159.47232612216933,178.1570058831006,135.50820065617012,200.8744322791421
2015-12-26,5.713556833226905,5.6704477832780595,5.755956304562169,5.59314865172175,5.843107646815659,4.694518805556996,5.66087087581209,5.405769466899285,5.975202947635516,169.14615494818605,159.87185597118423,178.31906101201216,136.52113315661413,200.66414167223934
2016-01-02,5.698286439786951,5.655392337953208,5.741149705569455,5.579678439869164,5.828611367838146,4.707099280942117,5.656227081023218,5.4000699365790625,5.972695626012167,169.37502879948966,160.13472611268273,178.5697596047671,138.51710452389838,200.74376032809957
2016-01-09,5.68378760351097,5.6405026069705375,5.726281536213187,5.564001566568026,5.813991778712622,4.719106671676956,5.652000506465732,5.396674998004488,5.966641759855271,169.60422726818405,160.53425704862383,178.70854479415092,139.61621551964836,201.11746943811866
2016-01-16,5.669234484465083,5.6257969273655455,5.7119596437470985,5.55071890653905,5.800199591437459,4.73122078022808,5.647748180809944,5.391218713015374,5.959786434207858,169.83068699240323,160.89337490297598,179.06608672749516,140.41099592122936,201.1302171206985
2016-01-23,5.6547284121257935,5.6122144082823056,5.698683570015543,5.535106256032703,5.7863372142944,4.743357779820446,5.642963989175871,5.387017477601524,5.954652459799002,170.112037994773,161.0872679904037,179.2534739284518,141.2315943953879,201.4036036141475
2016-01-30,5.641561690887839,5.599255627425012,5.685506948889551,5.521570437193815,5.77241732009177,4.754428200852067,5.638818117094798,5.3831380316259585,5.950542936791685,170.46437314151063,161.4031377457853,179.4053588066128,141.72826395801286,201.98738288796213
2016-02-06,5.628677395375165,5.5867155287692,5.672384477270653,5.51017679334773,5.760954339735194,4.765311301636217,5.634999986567729,5.3798800300618685,5.945449529875886,170.64783195278412,161.73894765383315,179.5947396691013,142.36349629666415,202.24993340655402
2016-02-13,5.616441141923448,5.574764967789107,5.660365196290957,5.4979551729864955,5.7485001601592725,4.775693241025229,5.630835032108502,5.377068897901731,5.940434436307856,170.89590446131132,162.00734764681812,179.9572385128342,143.32236842650934,202.4498044044822
2016-02-20,5.6045023205988045,5.563213576049133,5.649119885764867,5.488476206087001,5.73641976969634,4.785866516959031,5.626936996570535,5.373514941372841,5.935850398501121,171.12970162233927,162.25540716771624,180.38274015523552,144.3683533335738,203.22194030972034
2016-02-27,5.593917821964444,5.552780415077755,5.6382888414242105,5.476055767885264,5.7269588904122,4.794922066768157,5.62301058315743,5.370397800257729,5.931165958343398,171.2822053386863,162.4040179099928,180.590619089528,144.53488449058352,203.84913800738923
2016-03-05,5.584374871125778,5.543543415168845,5.628568059928851,5.466223582164591,5.717521011075571,4.803115947471863,5.619537666884142,5.367471161714069,5.925546578718381,171.5352617357151,162.61368470311234,180.88432080787905,144.87946636990216,204.41825996127596
2016-03-12,5.574808778352852,5.534995077735386,5.619484611746126,5.456073909378896,5.709244631182161,4.811357853989573,5.615844990224222,5.3645029458792255,5.921825848452724,171.70596980300604,162.91750949210854,181.2042691181984,145.50640732594923,204.9463927615061
2016-03-19,5.566929577128726,5.526347876390487,5.611706898385901,5.447893240428519,5.702668687601663,4.818167650296428,5.612110572983882,5.359310004227974,5.918045575762423,171.87336220031645,163.09285002962918,181.39616534046235,145.79488662388644,205.49504305200273
2016-03-26,5.559151289061667,5.518804767038409,5.603567777203807,5.440168863078359,5.695176713298607,4.8249091644623805,5.608282932998057,5.355942617221835,5.913672783875493,172.0598625069749,163.19958105388372,181.64083323088045,146.4495616896946,205.88402987776945
2016-04-02,5.552396852314322,5.512283383516661,5.596537210432147,5.434034200595474,5.6896797383577695,4.8307786192960664,5.605096594500221,5.352205164059234,5.909370603507362,172.22323213627726,163.42811602378447,181.94108767888522,146.65066174073905,206.77645106660137
2016-04-09,5.546403401167698,5.506217592753086,5.5907689581596145,5.42867752039317,5.6830683197053204,4.835998767098362,5.601452139472112,5.34875412358273,5.904910361516023,172.30690001566074,163.49539877232922,182.18472456356307,146.6374045632324,207.47675871370868
2016-04-16,5.541290037800268,5.501005934552598,5.585598421431628,5.423006376930809,5.677990775654462,4.840461303745017,5.598339705847333,5.343884546172313,5.9014592121742,172.3172743909219,163.62631042682702,182.43137996452145,146.59452418389844,208.64604973091534
2016-04-23,5.53659474643322,5.496399609587525,5.580861911776983,5.419316887274289,5.672423953139628,4.8445662412421235,5.594623777821068,5.340235838682102,5.896635637721692,172.33954277207914,163.68134843959928,182.48858533196247,146.5309036693295,210.08852224725513
2016-04-30,5.532605628947257,5.49240326042087,5.576894917942594,5.415521900131801,5.66737553345073,4.848059268806929,5.591015005590107,5.334660854752429,5.891394489003183,172.39043065692735,163.78964161495682,182.66576460545718,146.4474377973498,211.72347820456886
2016-05-07,5.530546902385121,5.489317732938324,5.573476466157622,5.413679928690364,5.664332674316511,4.849863941781285,5.5878463536613605,5.332758928247762,5.8870247730392125,172.51286090048376,163.82121982990566,182.71934900723454,146.6178734696204,211.77585747918596
2016-05-14,5.528003309217516,5.4872187800782175,5.5710047767664195,5.411318424519363,5.661218882045821,4.8520955039522295,5.584596581828603,5.329222159323756,5.882989968868358,172.55092711160097,163.71344317953626,182.81858067002258,146.51595022631125,212.99198368707343
2016-05-21,5.525569907102308,5.485055220371482,5.568454097929782,5.409524992857095,5.658992004593559,4.8542323146671045,5.581253589538305,5.3263035583603,5.878527086097312,172.5500061370464,163.64885064408574,182.88609583025374,146.49670810078877,213.909392325398
2016-05-28,5.523671097912395,5.48326031708377,5.5671387080523,5.407999104395845,5.656407456568601,4.855900998694647,5.577876321599801,5.324169950441158,5.875486707958147,172.5029219433046,163.61409643913578,182.9085757459673,146.5239594058325,214.07825425750573
2016-06-04,5.522590314773151,5.482186898594133,5.566031429428794,5.406999316644632,5.655102845952504,4.856851309113043,5.57494199420651,5.320715575502606,5.869437117334894,172.49815132738843,163.6110591011736,182.86694836153558,146.39994538416087,213.98175598360413
2016-06-11,5.521762125934943,5.481003220611724,5.565166612459745,5.404514165188967,5.651938572170668,4.857579770432005,5.571895948517341,5.3177119392198655,5.864926359946789,172.47862896563942,163.5041136967732,182.93575693231867,146.37384691954276,215.4353325820476
2016-06-18,5.521469947797,5.48029523815644,5.563665660435005,5.404008237102727,5.649956981546276,4.857836817679441,5.568871403244536,5.314216303615423,5.860395168029349,172.32867110632066,163.45731882453015,183.0073310217947,146.25909809167948,215.6901106836
2016-06-25,5.520512417528897,5.480196463844791,5.562642835739815,5.403920499448642,5.647375246029009,4.858679407186726,5.56598278275327,5.310556791346139,5.855891692975628,172.2676225823495,163.31077032668185,182.98201440964164,145.98742719546325,216.0197586847185
2016-07-02,5.520315770360995,5.479981540941207,5.561760232810533,5.404096244182174,5.647013326195949,4.858852485242888,5.562970606005218,5.3079272555002115,5.851427543999203,172.18391724327557,163.1729898345329,182.92971971367774,145.76425140798176,215.78852512274474
2016-07-09,5.5200693655888955,5.480262187675601,5.561355868202382,5.40339710203201,5.646395831365754,4.859069374601972,5.559883617429149,5.3046676116305855,5.848849686385918,172.18640086013346,163.04523557087902,182.74141523209292,145.35591653814745,216.54318953653868
2016-07-16,5.519731028786632,5.480260214952614,5.560511749311515,5.405076575109431,5.645058796919489,4.859367215590691,5.5567779903601,5.302078347371205,5.844062184193712,172.02530713876834,162.9779651233615,182.66866181718274,145.0780388877594,217.03122494775246
2016-07-23,5.51866401307482,5.480309783924102,5.559843772924672,5.40544440566116,5.642347472859918,4.860306758592317,5.553869650324231,5.299594052368418,5.841686310944156,171.90434649281988,162.745226974983,182.57584523074695,144.40150058256802,217.2101712320649
2016-07-30,5.517623495049597,5.479805558252199,5.5583984073947885,5.404733312757698,5.641274208706555,4.861223319073889,5.550582823106826,5.296822780961231,5.838797762553632,171.7807554415611,162.60440521575546,182.3136152427173,144.20961178229118,217.13416208150934
2016-08-06,5.516328256655932,5.478879808744626,5.556522802686298,5.404187105784488,5.637415377777336,4.862364738293577,5.547961577677201,5.2953364544987265,5.835004297618581,171.67409171353768,162.41138817267208,182.22872947240182,144.0218397589385,216.52351326419304
2016-08-13,5.51505891990316,5.478058294961434,5.555089488139405,5.4037315049625105,5.634153884062143,4.863483852060941,5.544582157030449,5.29275397916722,5.8308359154312415,171.63076029233142,162.24297052639457,181.95615567952137,143.5072320408886,215.5284562924909
2016-08-20,5.513003453969223,5.476693805823686,5.553243398590494,5.403574532442124,5.631541921175215,4.8652971513542305,5.5416383972789784,5.290652494154609,5.827767916106919,171.46707410837695,162.09609248483966,181.5654144626992,142.9738406800838,215.10449455599363
2016-08-27,5.5110399180508605,5.47479180916385,5.550893577865283,5.401855584258101,5.628090626311723,4.8670306147259685,5.539598198834909,5.289300840300787,5.825106531338435,171.30211156627595,161.91901460867456,181.22612675603835,142.9655397692176,213.9496835512605
2016-09-03,5.507686204037457,5.473000766535731,5.548413956322434,5.399740473086368,5.6249067896162295,4.869994223827819,5.537023631504085,5.286154469626887,5.822657714116463,171.26802321718742,161.76846600451253,180.9921683564458,142.97796195103325,212.57675167603423
2016-09-10,5.504535596140649,5.4702589012044704,5.545096961875506,5.396707221475899,5.61979863604172,4.8727816419155445,5.534335208829945,5.283384101058069,5.820553977918663,171.07975860903267,161.58314599933254,180.73953812614695,142.7170085088471,211.96587751202517
2016-09-17,5.501225460219593,5.466741728844682,5.540913595389766,5.393061702438791,5.615083882586695,4.875713637669621,5.5313496833805615,5.2830078326521015,5.818066588710223,170.84931874597106,161.4664789250383,180.38505943176034,142.37442690208007,211.24142364092896
2016-09-24,5.497019927160016,5.463230817993807,5.53585938894599,5.390814537537331,5.610286551904108,4.879443836314659,5.528837044097457,5.281678567592433,5.813433309080927,170.62716222372293,161.19090282602946,179.97548942802518,142.48177521192824,211.1707332979622
2016-10-01,5.493008661709776,5.458545791882563,5.53010579991018,5.387557128984378,5.604027382440462,4.883007046219847,5.52695624819407,5.280174611236209,5.812031238630787,170.53438715774405,161.02976402533287,179.68051117570423,142.29012353699392,209.9760309474984
2016-10-08,5.487332767520842,5.452743346037106,5.523825050638902,5.383689386867516,5.595968007166052,4.888057848206335,5.524603451636497,5.2789085694317865,5.810554578324088,170.34949634570904,160.74346904329633,179.46393280066795,142.19212208430437,209.13896590152177
2016-10-15,5.481686748855601,5.446654990581766,5.5170847973426405,5.377366489389886,5.589753845119035,4.893092442016519,5.5223853208998,5.277283430528822,5.808405869363498,170.27404287282013,160.5005815516124,179.33552599781436,141.7879279343553,207.9002513557976
2016-10-22,5.475291802805572,5.440163896767364,5.510544375656104,5.371432847495169,5.583835081263097,4.898807399952618,5.520075460094232,5.273790821804401,5.804973024234137,170.00780259083825,160.32958169825793,179.1833662817549,141.63073052316182,206.7467966547702
2016-10-29,5.4680168385929555,5.433345156676484,5.502948025545112,5.36518178772695,5.576566214065987,4.905325055166484,5.517646837472297,5.270988812712874,5.802112396444922,169.7733207069674,160.24856748662904,178.9648418312648,141.2953806717667,205.27331442661318
2016-11-05,5.460248289201051,5.425791709348843,5.495027637304701,5.357097917937956,5.567444332586714,4.912304089408989,5.515764595048964,5.268525315159754,5.797535701980074,169.62459990578384,160.09674046698058,178.6910386911485,141.1449768167712,203.82176912303515
2016-11-12,5.45245924713569,5.417724171333823,5.486831838221331,5.350014687245719,5.558854465607557,4.919321499591414,5.513354697656281,5.267334273280846,5.79321718283997,169.47986779402214,160.01354324675486,178.44819653697002,140.8010268461871,203.22278192154155
2016-11-19,5.443723128437961,5.408863091946163,5.477887449593683,5.341282512973331,5.550552101613333,4.927216055533977,5.511028918637496,5.264232592596638,5.788818197573011,169.30773644504228,159.91941747682858,178.19019963152073,140.7281835902348,202.6648251603115
2016-11-26,5.434469524999086,5.399968646793363,5.469239332450307,5.3311034111228,5.542264514915696,4.935605927429633,5.508760756411817,5.262521486462335,5.785981408045407,169.165686257365,159.80039980237893,178.07019472567433,140.50987746968602,202.2532779142023
2016-12-03,5.42506334561989,5.390491167786617,5.460320140538961,5.319917225014812,5.533393273709247,4.944163467080811,5.506799487257953,5.262830898680884,5.78162874488016,169.0021009788876,159.6538653723626,177.82228200316086,140.28662701367242,201.26041280622195
2016-12-10,5.415228481238028,5.380798783046041,5.450396388975066,5.309175919000847,5.522384617674312,4.953142807034731,5.505381499136224,5.261505359757735,5.777199957807568,168.85255547942336,159.6464754471258,177.524348672303,140.1455631290799,200.25287143264825
2016-12-17,5.404539675000574,5.370335019759574,5.4406023939447605,5.299958178776145,5.513005514260317,4.962938864920511,5.503464051083405,5.260157205035196,5.775412394867978,168.70431994235332,159.63026220640143,177.3862334282262,140.1222490496827,199.41582172748394
2016-12-24,5.393987522039735,5.3597640168806375,5.430180467899819,5.287374000547442,5.503162634562567,4.972647765817975,5.501811384998158,5.257517475921974,5.774657335213738,168.6165561341981,159.53044633812104,177.26378135785484,140.39242504058723,198.83250216388544
2016-12-31,5.383981907124181,5.3488369439829535,5.420277579949746,5.276887090420974,5.492780461864281,4.981888955561942,5.499543349562217,5.255170526968459,5.77071642617119,168.56802204909224,159.47768365644149,177.0909473138731,140.0263011147337,198.10117655963862
2017-01-07,5.373995709943404,5.338173683125607,5.410273626152549,5.2672712049678365,5.481529256530858,4.991146522576125,5.498338767516925,5.2541691027611375,5.769734765618524,168.47884678737196,159.5341526896828,176.94676730934768,140.26437119850118,197.4216861691919
2017-01-14,5.363670202769091,5.327782930359811,5.400019303391552,5.255788862529522,5.4701638974749915,5.000754890970196,5.496949808792305,5.251094118703152,5.766807901298483,168.46198397484528,159.50529762459348,176.91445493914728,140.2170486192241,197.26157890803384
2017-01-21,5.3536057965749695,5.317481031702198,5.3899411626003895,5.244373218972259,5.459715449544939,5.0101559620282785,5.495068908021331,5.2500068955929615,5.765985537878732,168.36878159357775,159.58690822687737,176.76874105398596,140.71615444563173,196.50391579861196
2017-01-28,5.343152005264503,5.3071590913007975,5.379588602203395,5.233773814666017,5.449434128319244,5.019958251906239,5.493748121050528,5.248573325117532,5.766069684758502,168.24271321738945,159.70902436392288,176.67203693148926,140.85374361287353,196.5723635466548
2017-02-04,5.333472974016731,5.296791745421244,5.3702848210176,5.22290475087834,5.439788095588475,5.029068326902294,5.49168874228405,5.245200657447227,5.763386130524018,168.19371614544676,159.7796990000732,176.68955809431156,140.8970684745232,196.30957060696818
2017-02-11,5.3240867560684,5.287300731309911,5.36099426863423,5.213907114930143,5.4294883841330535,5.0379344344348995,5.4902395629109275,5.244274532454325,5.762312973669872,168.26582291734735,159.90975533410386,176.67479466471147,140.9270052786502,195.85793048626417
2017-02-18,5.3149768999857905,5.278024249225949,5.35231351379847,5.2047079288549405,5.420900083465345,5.04656944042487,5.4885601842920995,5.243159057661831,5.761295258333885,168.35549505948796,159.96471278929508,176.6324859217973,141.42803744285789,195.5977923706405
2017-02-25,5.306261550446957,5.269264801928336,5.343374386178941,5.197662440706058,5.412296135181012,5.054858254926643,5.487018139626879,5.24282373238643,5.760309931189888,168.3646016055987,160.0190256345028,176.6258739436687,141.50631797131837,195.41979024393692
2017-03-04,5.298507816918831,5.261395188796347,5.335440815814481,5.189581905142592,5.404899518353527,5.062255436211505,5.48584315811478,5.241537811921034,5.757976073880663,168.3853921950295,160.15993579509436,176.62672853179487,141.9097896103589,195.44616151947633
2017-03-11,5.291423761833629,5.254270304111053,5.328179240768658,5.183446137146097,5.398640012727399,5.069032685230386,5.485271789536366,5.239280833268888,5.754295922612052,168.45909866311004,160.31294028028273,176.8305758273134,142.07766908621602,195.26952433279152
2017-03-18,5.285088841000858,5.247197245874707,5.321129744883618,5.176956237515101,5.391568429802617,5.0751086324430545,5.484112122647526,5.23842364646801,5.752489176676642,168.47173002018167,160.50129335841524,176.98193633206583,142.27019795299572,195.34353722505037
2017-03-25,5.279484925236743,5.2409105011149,5.314908164243612,5.17084007281695,5.386606444331271,5.0804956127108705,5.482876925564092,5.236746071828347,5.751342771840217,168.58449242513143,160.58367282374033,177.08237578635038,142.91860680799164,195.21030936307466
2017-04-01,5.2739155014702455,5.235074469685532,5.3099134574738995,5.1659508115084245,5.382971450889979,5.085860779128469,5.481602813828086,5.235272116834573,5.749415503765116,168.6821068984101,160.61593257252923,177.1553902771319,142.9285841897285,195.22371242274986
2017-04-08,5.269500391293527,5.230329906189965,5.305708384439203,5.160981990806043,5.379209764398544,5.090122024536877,5.479972372833295,5.233853892866481,5.748053325156865,168.8413100264792,160.6357519951256,177.4223398908433,142.91697139883627,195.9504619213689
2017-04-15,5.266263161971505,5.226128067838363,5.303292840961621,5.157117316450901,5.376719845377861,5.0932509780115325,5.4783055824313305,5.2334354414353275,5.745011469468145,168.92642614394754,160.755691949622,177.6049916920212,142.97358655693822,196.27860239057566
2017-04-22,5.263849962751746,5.223816286342446,5.30091442560854,5.154228879138974,5.3751318994149715,5.095585966529773,5.477043170273356,5.231321173853577,5.741279105348537,169.05591300468254,160.80027138657906,177.69508191858952,143.23362686749448,197.09602142348712
2017-04-29,5.2615886528820965,5.221905965126699,5.299602241314086,5.153525731370574,5.373913180354016,5.097775932312009,5.475919246015171,5.23039553523666,5.739028836217833,169.2101824135799,160.8880434716776,177.9736666517356,143.2358148154701,198.0288198186865
2017-05-06,5.2604395019939485,5.221066464981116,5.298979268718853,5.15181163039879,5.375494987512034,5.098889549027516,5.474906291935641,5.229940196587861,5.736663820816249,169.40662806417004,161.0582284307605,178.24551590223768,143.01006545355543,198.74467466704584
2017-05-13,5.260507621980514,5.221197661820847,5.299771825192115,5.152208973667445,5.375883109265789,5.098823522064626,5.473310325368788,5.22960377833289,5.735469179846278,169.44370635815903,161.18325655649346,178.46111539959003,142.89498203613005,199.61975885308797
2017-05-20,5.261305927295127,5.221947308059431,5.3017347795316585,5.154185152839414,5.378229589262379,5.0980498703055925,5.472660466884701,5.229854256205041,5.732773421173403,169.57271920538744,161.285943057197,178.8020395376518,143.13542921103164,200.84560296848485
2017-05-27,5.263570344362957,5.224139514730527,5.304129323280154,5.155294143683278,5.381772672037514,5.0958566611136575,5.471535782411745,5.228749514542506,5.7313563208080245,169.83549789475694,161.35560077202322,178.963824726157,143.13431249651404,202.30107061206607
2017-06-03,5.266627045999277,5.227518182430582,5.307743558026663,5.155295174040487,5.385989257545675,5.092899073326065,5.470514452539494,5.2282072913001825,5.730515919554337,170.075187036609,161.51764099568086,179.09476771530313,143.1431912929645,203.6087364587667
2017-06-10,5.270551325502647,5.230322544942573,5.311893363927647,5.1581621880845745,5.391640194745903,5.089107067514936,5.469771879677836,5.228880448295526,5.729936618139343,170.1041328950597,161.78765259781756,179.27159789102376,143.05068732487152,204.703562152369
2017-06-17,5.2756801329049345,5.2349536073248775,5.316709486126878,5.162173813580132,5.398620517242904,5.084159639016288,5.46922319821896,5.227315086790222,5.727831496224355,170.27859398565673,161.87476523756723,179.49501172598164,143.14473194865403,205.77966694579627
2017-06-24,5.2814477097922445,5.239997152835663,5.3231194064555485,5.166468909397338,5.407478036362024,5.078607510558795,5.468556929477582,5.228487240673541,5.727479295501584,170.44332267243752,162.00441888332065,179.73061783164798,143.23794483319415,207.0676794552306
2017-07-01,5.2881750585401335,5.246118259716585,5.330222161908836,5.169383767352518,5.414499575863906,5.072146762034063,5.468044555431115,5.227768192354104,5.7271480987871435,170.5141958692522,161.91082340544,179.83062264014785,143.18998580999806,208.94078796344405
2017-07-08,5.295525157660142,5.252796380788715,5.338524172232219,5.175402192303318,5.424374294532377,5.065106708313172,5.467603465443731,5.228090595871817,5.724179316540253,170.67574374047746,161.9732017103839,179.98577453845311,142.9755391965322,210.6895340818757
2017-07-15,5.303898394099185,5.2599040354533635,5.3472242829339205,5.180854446629567,5.435518935173659,5.057110451051988,5.466815139148062,5.227645654966261,5.723336766654481,170.817764970199,161.87607821696562,180.28663877337348,142.8725080182412,211.89454205815946
2017-07-22,5.31282543734835,5.2677931652943295,5.356500947772321,5.1858916155729355,5.446723847027454,5.048613081155342,5.466117110232412,5.226700469892764,5.7224939485067345,170.90846328954478,161.92422627469543,180.52588763892663,142.7408062116841,213.18398370710966
2017-07-29,5.321399460674068,5.275908344403251,5.366525480587421,5.193607356366758,5.458897639125945,5.040478580734083,5.465645907809698,5.225632037628045,5.7205699876613805,170.9477935622191,162.03502163179456,180.79482844723043,142.7357704464849,214.92453193361777
2017-08-05,5.331894053359637,5.284930670104108,5.376758826563915,5.2004541256989825,5.473871560172585,5.030557571689732,5.465734135893852,5.2241204344133285,5.719674316485033,171.08550007810447,161.97413503011393,180.9362042826574,142.5719771471204,216.0322571174565
2017-08-12,5.342173837085392,5.294333275598698,5.387442151600558,5.207628609464649,5.487752155449296,5.020877422492937,5.465259036361408,5.223126779692495,5.718555308377017,171.09523941571624,161.94661555860756,180.94052244241797,142.14358610794415,217.33016663216628
2017-08-19,5.353214614943529,5.303986245677693,5.398443994764953,5.216780838421283,5.500414855928064,5.010522075044082,5.464626434496732,5.222783915990104,5.716443163051355,171.06431186162644,161.99166198771147,181.10880078380868,142.13709899793866,218.470765959987
2017-08-26,5.36369025600702,5.313438331875856,5.410104913384755,5.2252886236300595,5.5129129767509415,5.000736194673163,5.463864975675289,5.222206810217741,5.715221337007546,171.16596846906458,161.99012713058823,181.20741716958818,141.91294229810788,219.2434459729636
2017-09-02,5.374196191607782,5.324551552751526,5.4224856898825315,5.232987604891672,5.52848123117242,4.9909603307317845,5.4633025726453,5.221856963381241,5.714545800317056,171.21043485252144,162.03048020949825,181.3850920866086,141.72466754935598,220.62615525018205
2017-09-09,5.385379011309454,5.334701243458944,5.4353575356952435,5.241510287626351,5.542672240706136,4.98059652696274,5.462370417859622,5.221153435592453,5.715527708387228,171.2653203043036,162.04169976856866,181.54463397817347,141.61451862135007,222.41679470029925
2017-09-16,5.397187278368522,5.345345330480993,5.4477472000550025,5.248992921742052,5.555873121768753,4.969699701331814,5.461912287548184,5.220461213457905,5.716541973965412,171.25343858677738,162.00704703709687,181.5516693761674,141.41922995434874,222.95134856855
2017-09-23,5.4079982743745685,5.355925728237178,5.46102773827434,5.256969576571798,5.569697486325614,4.959764896232182,5.461671865461466,5.220072782189285,5.71444810513731,171.212246414762,161.92288351028378,181.60783949712538,141.1722751882267,223.9868342896914
2017-09-30,5.419720346691433,5.366701351884862,5.473589392548683,5.265732150781017,5.583866671697563,4.949037641517064,5.461021848080184,5.21977826466275,5.714007660198028,171.21674894563165,161.92502042185336,181.75721841152568,140.88694894037795,225.65103936680524
2017-10-07,5.4309519674041695,5.376492551938503,5.485685985736874,5.2754501092758685,5.598514063225348,4.938802655777301,5.460682793885651,5.219812195444176,5.7140271012463995,171.25232805223763,161.83843059387561,181.90789487845257,140.22954301083115,226.00164713647737
2017-10-14,5.4414969542222575,5.387215573677471,5.49716865219401,5.283357249154192,5.61367569292967,4.9292318319132535,5.460596123294142,5.2202325728682135,5.714795634613745,171.1389015866618,161.7831966563706,182.0239211805181,140.0280472642119,226.55890060772518
2017-10-21,5.452741646456747,5.397569665071053,5.509250358793197,5.292428878525519,5.626543486170635,4.919066727042829,5.460089636805917,5.219422286858541,5.715400119846432,171.21573960739576,161.702831517592,181.8871540014863,139.8772691565689,227.22791109167918
2017-10-28,5.46341942408978,5.4076744904761025,5.519728382524081,5.300141065087989,5.637515589545492,4.909452838729745,5.459449331896419,5.2190138865558255,5.716273203575078,171.17867217885063,161.76372337193092,181.95284691624346,139.5436858210861,227.03966658071678
2017-11-04,5.473799882279682,5.417542996983309,5.530743443717554,5.307640762654911,5.650534257667245,4.900142602523105,5.45906708807743,5.218562636624615,5.715237893570061,171.14480645924817,161.7159454640839,181.90446893873445,139.1092395762572,227.9066398848323
2017-11-11,5.483559026196737,5.425956607337984,5.541587402708457,5.3152300697750094,5.66226941852836,4.891421770409005,5.458845017371572,5.218212774202035,5.712806624456259,171.08283846461336,161.6387957653713,181.92592979786335,138.94853595226985,227.80943670085628
2017-11-18,5.49285550786047,5.434522671724533,5.551598640753159,5.324087294330831,5.67352917483815,4.883143196032874,5.458434371021002,5.218148215234865,5.713320336175936,171.00659496594446,161.56832572820326,181.8413952388409,138.09332495489042,226.95685530819674
2017-11-25,5.501585211542523,5.442355381249319,5.562310021737552,5.332547684332504,5.684966143375979,4.875394812413013,5.458181421380364,5.218006728037187,5.711244096380606,170.9459613649381,161.50689851111878,181.83880312997647,137.91065312548483,227.26075242260828
2017-12-02,5.50982433971146,5.450567497076484,5.57082051384873,5.339069190759672,5.69341875432709,4.868104379810745,5.457994358478788,5.219246096967634,5.71173384422901,170.90654027622998,161.3754852981134,181.76175613225826,138.25706301500978,227.35563414743172
2017-12-09,5.517736624005924,5.458648421009423,5.579199137310848,5.345770678492892,5.702688265367487,4.861123650479984,5.457909180655948,5.219830355483875,5.710129639706168,170.84789033343185,161.3164850660534,181.80418688897007,137.5954342012774,226.9594026591408
2017-12-16,5.524662529090618,5.464637547863742,5.5872324246995575,5.352048139041337,5.711485470391357,4.855029582053672,5.457449651906483,5.220452727971886,5.707670970882116,170.70993252683445,161.24010290866167,181.7771512243124,137.62329027832112,226.4360133558423
2017-12-23,5.5313011836877575,5.471380095181548,5.5943587976747935,5.35569170786427,5.7192574601850685,4.849202585490877,5.45716794503609,5.220387111430645,5.705677644634153,170.74099811889604,161.04792443854538,181.76426766640787,137.29044954907792,226.57718993177707
2017-12-30,5.536990592045901,5.476321837207797,5.601003758505931,5.362067653716823,5.726565356633478,4.844219897869825,5.456827397710764,5.220455885243295,5.705912029423392,170.59529806007316,160.95700501354813,181.75481723428283,136.85804868895997,226.3641452566308
2018-01-06,5.542264393603629,5.481905380017198,5.607287093156615,5.369055857009548,5.730466234008847,4.839610328042702,5.456747301976092,5.220994764561316,5.705269208039106,170.55252952853286,160.9451918758371,181.74365213334394,136.54654232548,226.88658048086504
2018-01-13,5.547364198882962,5.4870799692868015,5.611710960333923,5.374054202777655,5.7342777141242856,4.835161175381251,5.456994290551188,5.220073293980629,5.705984370216496,170.41050580070555,160.82738427512515,181.72164881581185,136.26362966554123,226.24725229152608
2018-01-20,5.551839567887587,5.491501024469603,5.617514147562438,5.380513554766267,5.738762137091295,4.831263525314656,5.457294266245778,5.219828678620279,5.705715311747961,170.31540224655106,160.63192160176044,181.63991767816287,136.14204807207,226.52247348515334
2018-01-27,5.556120368977172,5.495517969587151,5.6214267837817395,5.385132266638275,5.741782937470849,4.827541202368566,5.457547726183064,5.219113134079998,5.704638746174258,170.18503068999078,160.48252497137108,181.55020699970697,135.76528387169844,225.7781634105336
2018-02-03,5.5597505295446386,5.498951420958525,5.6246652981706955,5.3895501075440855,5.746842822325516,4.824389126551324,5.457683496156375,5.218361537167994,5.702426016522335,170.10348188809132,160.42149522114534,181.48833252898933,135.4373722361196,225.96986776716452
2018-02-10,5.563109823143064,5.502798864161721,5.626325034878414,5.392579440508658,5.748214119812709,4.821475910546432,5.457331363096566,5.218617390728609,5.703369694764709,170.01393130679227,160.23128094581483,181.46063423545996,134.89973212763314,225.85139243137291
2018-02-17,5.565519331365645,5.506041567093818,5.628125518821534,5.395574481244427,5.74959158807669,4.8193885248167145,5.457229019481479,5.219866102568893,5.704429659349053,169.85746330707093,160.21874798934138,181.42162014712827,134.73704728015775,225.36666953455196
2018-02-24,5.5679110684101225,5.509054822436006,5.629504884505447,5.397899711705903,5.7495179059294115,4.817318321142024,5.456921089570206,5.219468318754053,5.7031022013857005,169.79284410399077,160.06785500415054,181.41066716291778,134.2273042129415,225.34241942926764
2018-03-03,5.56947794308475,5.510761962852749,5.630360665452939,5.400761638651065,5.750102596613725,4.81596305328835,5.45709993289579,5.219560928936596,5.703517345911326,169.75936853230553,159.9178345883296,181.3791309248437,133.99919790962068,225.25003807603858
2018-03-10,5.570783837111736,5.513579065450065,5.630264853956809,5.404070183287017,5.750314337742355,4.8148341031229265,5.45663308425253,5.2197782304979095,5.70241852206089,169.7682451916386,159.84033692428653,181.4219597360014,134.40081580829164,225.24285630339395
2018-03-17,5.572023434022161,5.515284069488977,5.630060238836012,5.4066236073704115,5.751710092978997,4.813762956950546,5.456821067984086,5.219153413289197,5.701266293525323,169.7644164236283,159.78338631019147,181.3194410988411,133.85513616824764,225.68261697315353
2018-03-24,5.573269202683782,5.516494892795427,5.630545819418571,5.409046001947599,5.748487602170705,4.81268695715329,5.456713317511772,5.2200312509709965,5.701889918740952,169.72393832960796,159.78179771165702,181.1657537790576,133.56806020042092,226.04510177994115
2018-03-31,5.574042118335358,5.517336465710361,5.630201371783989,5.411578056157626,5.746850979208355,4.812019613643617,5.456216004131607,5.220537566569451,5.701822403565376,169.7170609203007,159.76255732663975,181.05294827094897,133.09992143523462,226.006966567819
2018-04-07,5.574228779112615,5.518340410802056,5.630144196861094,5.415725353389991,5.743297551757714,4.811858476383841,5.456424853632477,5.220000824206975,5.701102924885314,169.6064499565009,159.71526922512828,180.95824791999394,133.0606991675903,226.22866789498244
2018-04-14,5.574928425297005,5.520298754787738,5.63036747608211,5.419448070807897,5.742600071831214,4.81125459506876,5.45556985887965,5.218349784077181,5.699761962530498,169.5853030201245,159.63919378488524,180.84821783630167,132.39759245386597,225.6222055533551
2018-04-21,5.575112378631976,5.522190130904125,5.630113890134467,5.421112481181576,5.740840233392103,4.811095845172343,5.455706349553707,5.217936609830261,5.698211270447434,169.53823574139955,159.64699740964312,180.72578313207225,132.03657625177655,225.08074995635567
2018-04-28,5.575817123245076,5.5237872288442285,5.629573649835789,5.424373629713818,5.739307105735274,4.810487755813008,5.4555005916415436,5.217876845531477,5.69917136883674,169.6072821663389,159.58921794895383,180.72202281520012,131.70355286925871,224.91901030368544
2018-05-05,5.57660595904739,5.525259298791926,5.6287093790533405,5.42652449233961,5.7347499398491815,4.809807291279304,5.455352701228115,5.217542032790283,5.697635715594102,169.59255138852987,159.55387931717075,180.80825828124784,131.57915144032785,224.8829115477273
2018-05-12,5.577378411394978,5.526370306876908,5.628741696233301,5.4298577462311375,5.731173953146573,4.809141145138318,5.4549897119001045,5.21686069670234,5.69831314120082,169.61141434780478,159.5417137965834,180.73104157169732,131.1909492653694,224.11371876548208
2018-05-19,5.5785276124089265,5.5287306164820516,5.628205936725319,5.4337972305473645,5.729304226736997,4.808150441089216,5.454544141609601,5.216664834885178,5.700915993087071,169.5998846881596,159.55330834186387,180.7076820310313,131.1570329344045,223.9194381529104
2018-05-26,5.579343742156681,5.530309333151868,5.628651892945502,5.436752445077825,5.727452603862789,4.8074471191657455,5.4548930973208645,5.216815274249808,5.704116863607338,169.64907193745609,159.65209758914725,180.6256983998835,131.18115886965765,223.98422812413273
2018-06-02,5.5804994127371295,5.532615858470687,5.6286190125583815,5.440847962922891,5.724725591101964,4.806451540661849,5.454865694986429,5.216042606673984,5.7015984548752,169.6965461348011,159.74783927209663,180.61542800778926,131.25772246431413,224.4109281898415
2018-06-09,5.581011032816466,5.534250754272858,5.628852536602834,5.4436893392408185,5.724839249439559,4.806010925679415,5.4545337958813835,5.212988404305465,5.703198111713475,169.74000130253552,159.73434355772585,180.78968730303959,130.59491917353714,224.96716877680737
2018-06-16,5.583501901679705,5.536051248713111,5.629218294291993,5.448220912581913,5.725358968194275,4.803866905105442,5.453973988252187,5.212996068263586,5.702762248496237,169.76275426547284,159.75496607971675,180.80012205181887,131.01015568915375,225.4802381109122
2018-06-23,5.584448975391873,5.538603565257642,5.628849204633576,5.451120380934253,5.7256397497481,4.803052211279723,5.453547551425119,5.211577502167244,5.702281467556014,169.84765036229027,159.68664985072334,181.05878689447968,131.13115963872957,226.07342597639285
2018-06-30,5.585895690575622,5.540791493073364,5.630883594262487,5.453120788259197,5.7231339774047,4.8018082481047015,5.453531599899357,5.2097759088887505,5.702807163548346,169.75847563140377,159.78483597433132,181.0023683974661,131.2341433545703,226.68590990468397
2018-07-07,5.588258051825316,5.543243069472155,5.632390044194012,5.456855477583398,5.7230722086792944,4.799778348273655,5.453455915949562,5.207709757378833,5.702483411793255,169.84367148609164,159.7650848218941,181.0117403855475,131.21415747856378,226.47737053796524
2018-07-14,5.589922984755157,5.545233901602626,5.634272359441406,5.461612254781684,5.722655425000705,4.7983487559938665,5.4532582699200525,5.206730761951609,5.704223689620834,169.87664150473393,159.67510045292997,181.14585917240186,131.10447587025052,226.6452410535307
2018-07-21,5.591855374679412,5.547276904139945,5.636167530207286,5.462750262310659,5.725597615649501,4.79669057995415,5.453188563201779,5.205983261887928,5.7012952149283835,169.79495923882638,159.6995885254433,181.22485769182146,131.29302353718364,226.84588208898515
2018-07-28,5.593557077092577,5.549563987615201,5.638129283455525,5.465974420795162,5.728038531351029,4.795231304811617,5.452663779379989,5.205157001572157,5.701866448122946,169.89282709112348,159.66516095790584,181.25979711722078,131.1683599031098,227.349184346419
2018-08-04,5.596112093081436,5.55109745452447,5.640569499302073,5.469885777700175,5.732556982786301,4.793041947113187,5.452222381506571,5.20466910458874,5.701554159785441,169.849639283583,159.59867559794722,181.18952671880427,131.7149388437569,227.3541312460337
2018-08-11,5.598386944912808,5.55318773685886,5.644339091263433,5.471374405323258,5.737051430068872,4.791094339128291,5.45229848842869,5.2041223907633825,5.701811621048459,169.84650308157177,159.5136402784198,181.09663520633097,131.74752386721408,227.98645740082563
2018-08-18,5.600343966826,5.555258421353202,5.646314800822664,5.472038633254799,5.74246112441893,4.789420106854019,5.4518994051796925,5.202972438442049,5.7017387314124495,169.87019116024265,159.5992485619361,181.19125730587075,131.8811102541595,227.66587494320618
2018-08-25,5.6033773426568825,5.55700704782276,5.6493723980545205,5.474116486658458,5.747116374126564,4.786827365386372,5.451389079460128,5.201852031825099,5.702718129417108,169.87966298549503,159.47888088065395,181.2095104421782,132.17898544899802,227.7432407168654
2018-09-01,5.606001664581451,5.558000485983243,5.652831167173227,5.474073841376029,5.751515430862701,4.784586520836132,5.451194988203316,5.201147442827664,5.7032897199855075,169.88012439933715,159.54875473085332,181.09200744530426,132.33219317016952,227.53074088525256
2018-09-08,5.60858731412157,5.560006766204014,5.656063934257494,5.473863957674946,5.759477868271,4.782380749062959,5.450916542721551,5.200879008370987,5.703486991850616,169.80213600450327,159.52354572793607,181.14931409524027,132.26219875908,226.62399438316427
2018-09-15,5.610517957814394,5.56143933536182,5.6589899424590335,5.474462686814381,5.763400153350747,4.780735076811338,5.451199257777088,5.199739352594871,5.703191643455493,169.77100036407407,159.5148685636907,181.10555970198743,132.16580514624198,226.7865974921418
2018-09-22,5.612750812676175,5.56286118140071,5.66224476266688,5.472758096065014,5.770006791827842,4.7788332130173465,5.451638372264088,5.199125430925961,5.704396188809117,169.71931037519616,159.51231988784548,181.16595428597486,132.3877283385333,226.8329691495065
2018-09-29,5.614039119126634,5.563145719172806,5.6662410623893305,5.4717609644022875,5.775015070771569,4.777736569142984,5.451389657619527,5.198664208266251,5.704871468462671,169.72600050676255,159.4511398163755,181.22169652695095,132.69494709942728,226.6460014734624
2018-10-06,5.616493406116071,5.563571280067608,5.668452643228365,5.470631960589817,5.780656713024367,4.775648800870615,5.4516654874041715,5.198222063083587,5.704626642693116,169.7648617750176,159.4712391640805,181.28616896068115,132.56006434826878,226.50080303902294
2018-10-13,5.618496896277774,5.564165364713643,5.671214311082319,5.467039705652509,5.785482203534725,4.773945860808878,5.451405653974913,5.197820710691992,5.705471307938254,169.7912280812719,159.44950410821514,181.27671506154888,132.17198894952608,226.8895593442961
2018-10-20,5.619150684096382,5.563434981627965,5.674130404858502,5.464919437034921,5.789346086464514,4.773390412220236,5.450718556688875,5.197444544114997,5.706419634892264,169.72013989198408,159.41305343731804,181.19072861252923,132.40366705092097,227.22947573720626
2018-10-27,5.619997006526818,5.563284192655814,5.675164202870808,5.460464744907388,5.795393339805332,4.772671581354765,5.450492869113422,5.19732546991533,5.707094146840146,169.66848024858942,159.31830542107645,181.09881184069096,132.41083271537798,226.52042395835875
2018-11-03,5.619955682436282,5.561618586809397,5.677516445625283,5.457262782965789,5.800077909578574,4.7727066752444145,5.450049207025944,5.197257014755408,5.708233996258192,169.71489537324152,159.3036745299749,181.2244938520785,132.7623797574665,226.69347407485358
2018-11-10,5.619925571197527,5.561430869051189,5.6788480561592385,5.4530963596768585,5.803546941300336,4.772732247107774,5.449876065837852,5.197194751542304,5.708059842088502,169.75417542301454,159.40478847364363,181.0814653399383,132.24870181712313,226.7272167431438
2018-11-17,5.619176357806998,5.559745738100411,5.680316867513346,5.447476807413057,5.808976826151364,4.773368602826361,5.449820604119118,5.196818418894629,5.705384955260156,169.77122271963668,159.36372517916865,180.9997612422164,131.6994429532781,226.3247363549658
2018-11-24,5.618431079755823,5.557369588405997,5.680566733443898,5.442697997562094,5.811123404678204,4.774001784351221,5.44956086589659,5.1964912131728225,5.702744448122526,169.7328808133956,159.3931033910223,180.82254057927395,131.1673000332616,226.72301296643434
2018-12-01,5.616867852482271,5.55434258848918,5.680489854933032,5.437390360897919,5.81305411527263,4.775330434261392,5.448801664912796,5.195509253001258,5.702070640129713,169.77693264469144,159.3211583409947,180.76943752395402,131.40086818782254,226.96928103394436
2018-12-08,5.614853492636314,5.551152058851599,5.679512693657152,5.433075819466213,5.812456587028262,4.777043610470538,5.448025600169359,5.193965533753323,5.70150192652165,169.6773327835616,159.30007787477035,180.60935715048828,131.17010975015367,226.93231927225577
2018-12-15,5.612220312065004,5.54803395683116,5.677530862275314,5.428001286436606,5.810094698861321,4.7792849368992805,5.447320491328663,5.1931785244233755,5.701497188350956,169.580493889725,159.27903284660135,180.5713433155138,131.3726933767101,227.63057034737938
2018-12-22,5.60886810020596,5.54440793437259,5.675159242381667,5.423271119559592,5.809433414491631,4.7821413378935285,5.4469967345451185,5.192091297853157,5.702021959011433,169.546626526677,159.15025264246157,180.5623198888634,130.53868859864187,227.11987660442352
2018-12-29,5.604893376946361,5.540022695393261,5.672305538071132,5.415591126410945,5.804947174448051,4.785532604500178,5.446990975980224,5.191164107585504,5.703479411064215,169.47687101673012,159.1108559723611,180.58967168285878,129.90947967029769,226.83268501015093
2019-01-05,5.6010225607481186,5.534461519902656,5.6692604868565555,5.411876502866497,5.801668628353812,4.7888398429278265,5.447084997273096,5.1897623864418065,5.703115752128445,169.4722936790002,159.06091767987843,180.50558396962285,129.60323237706334,226.0540464157508
2019-01-12,5.597060835929726,5.528545334573636,5.662642584919862,5.406524426277331,5.7968194184067725,4.792229490904656,5.4467523496525505,5.188536714225697,5.703015348338845,169.37967637521507,159.00032513801327,180.41683342257946,129.10348231150948,226.3328744750143
2019-01-19,5.591350952476521,5.52297740144316,5.6575303501356835,5.399485015829134,5.792062094145391,4.79712331206087,5.446341176905971,5.18747472454394,5.705008351521394,169.2749034409652,158.92518325390265,180.26984246288637,129.39483969865407,226.3127583304202
2019-01-26,5.585628841012719,5.517356112110881,5.651754763258011,5.393741405741492,5.786169550594006,4.802037651243975,5.445943645089185,5.186244549294708,5.705881607934518,169.23178977971332,158.88269321558857,180.1653417334902,129.49322373026794,225.42885695440495
2019-02-02,5.578814027548216,5.511527712385911,5.645295957334935,5.390734013842916,5.779751745678646,4.807903591720077,5.44572938586475,5.184578042530113,5.705361930392283,169.16038702144408,158.774457729218,180.25766965529374,129.59274902321837,224.58090251052388
2019-02-09,5.572157812972877,5.505499354226661,5.6391980121849805,5.383680621145674,5.771587544156418,4.81364686720742,5.445345433365411,5.183642795525697,5.704220347699551,169.18340870222676,158.56696292824995,180.14676576074703,129.3873872880598,224.09773786769577
2019-02-16,5.565278512238267,5.499374412318801,5.630734308243316,5.377950952077253,5.76236164462974,4.819597067980414,5.4448101233113135,5.183919137360713,5.703431807088294,169.0756617603446,158.4189427753647,180.16906967176354,129.39482804826082,223.59135338555902
2019-02-23,5.557653196143569,5.492361546827259,5.622456439038867,5.373274367880887,5.7515755133332105,4.826209742671265,5.444661748869342,5.184884121824103,5.701372553417776,169.04424702705583,158.41240223068584,180.0388275719003,129.6711138224225,222.5635485820998
2019-03-02,5.550277512233661,5.485722860227574,5.614252234276233,5.368267742076738,5.741090353508234,4.832623223344482,5.444055740803739,5.185234115076841,5.701920779818936,169.11167953754796,158.36126745194284,179.9593679068851,129.48350849518124,223.40392075723122
2019-03-09,5.541608421391523,5.479121591353305,5.605529651706084,5.3618606026712765,5.731051016304156,4.8401832033382775,5.443665321598308,5.183392653223839,5.70172076861258,168.9506314120773,158.38858445946357,179.8955745047914,129.25568553160045,223.21908972115526
2019-03-16,5.53290956986103,5.472945559252637,5.5966644315836165,5.355751131948645,5.720739287328766,4.84779294900754,5.443246567723324,5.182684572956015,5.701762068289606,168.90308711657468,158.39534508504,179.72872893756033,128.66374951362357,222.8319939108771
2019-03-23,5.524335154866091,5.466294785472022,5.58771032322524,5.351051812948014,5.709458891114411,4.855317291237224,5.443400261960683,5.182707134566977,5.700741097029889,168.8713287645641,158.41414561056843,179.68040057953567,128.2151774469868,222.88400198877582
2019-03-30,5.516752869700412,5.459841680993753,5.578546241451771,5.3449805162320265,5.69796084004869,4.861990492307364,5.442747287639852,5.182689600154905,5.699998615199026,168.79132397012762,158.35012614046482,179.56196609044133,128.18311762519124,222.82099492616115
2019-04-06,5.508454077017036,5.452422068264024,5.566646559828292,5.341773414862356,5.687185066526093,4.869315351553552,5.4415463476772254,5.182634200512429,5.699401458957121,168.78237834753855,158.26613631246903,179.5014324436729,127.95805994648195,222.2784675434707
2019-04-13,5.500345426496192,5.444512294169476,5.5571908556583764,5.337479933282094,5.6735199544959265,4.876493732914146,5.440577105757559,5.180429939930483,5.698311533275461,168.66881843871806,158.18986923586067,179.44594274255007,127.52590283963347,220.8122140607918
2019-04-20,5.49180288613973,5.437882268258788,5.5474350606422576,5.332211683233615,5.659996030072105,4.884079155379751,5.439409291215828,5.178089326336806,5.698217851560572,168.5373845928562,158.2157424134069,179.33775575678087,126.90602560460758,219.16116351772038
2019-04-27,5.483643834649856,5.43061993941286,5.537956431124517,5.327525561784791,5.647522727761207,4.891346122607233,5.4384189502426405,5.17695565292756,5.697608998323749,168.55929221917967,158.13286291376215,179.25762945689672,126.85966811662296,218.15325405527375
2019-05-04,5.475705049126704,5.4237781280351784,5.528858409128924,5.324221715572674,5.635768397600323,4.898437691524709,5.437456969894505,5.174254130145142,5.69839321555322,168.563063717599,158.14671392566405,179.13327420965348,126.74603042521514,218.27692096674176
2019-05-11,5.468720429871892,5.418337251364478,5.518990012324184,5.321231492937358,5.624666171748342,4.904693948819677,5.437135125390157,5.172576772866345,5.698840628246719,168.54947112471203,157.98009337254908,179.05913997713807,126.30567776848541,217.09845064605418
2019-05-18,5.4608971366605426,5.41218813538012,5.511164732596426,5.315152678337696,5.612646913589084,4.911720424109703,5.43632421650919,5.172065476296816,5.69653941787378,168.55095114022816,157.9054498673396,179.0082260074284,126.00124144922617,216.175317316328
2019-05-25,5.453901491562268,5.406172773889644,5.502830035714294,5.310677818792035,5.602107828133967,4.918020621024114,5.435554547795995,5.172377447952632,5.695183394770315,168.50398973032696,157.87923856429938,178.91464356121838,126.11027871351926,215.99601662465176
2019-06-01,5.4470420580989245,5.400035285313955,5.495586994528921,5.304916249313707,5.5908978807748255,4.924213860425471,5.434915359412965,5.172710692006884,5.695484083717747,168.42593365082564,157.8203015229428,178.84653893688304,126.110087679453,214.34105861836156
2019-06-08,5.441310579674466,5.395297743540516,5.488203763588531,5.305031310194067,5.580740496232397,4.929400667003911,5.4341838791454915,5.171607981424323,5.6945934829670835,168.40702283728783,157.84490769695117,178.8503268577017,126.58002705717365,214.22250271741413
2019-06-15,5.435527874601794,5.389907120737554,5.482611010169149,5.303923781268794,5.57031534428506,4.9346449174405045,5.433420141360175,5.1698447522230815,5.692805571750036,168.38465200430812,157.74015265650712,178.92478365744202,126.4668190379607,213.81540106314128
2019-06-22,5.42957139000052,5.385802955809695,5.47751348435523,5.299160586332332,5.562218619472846,4.940058445825256,5.432966091206152,5.169180925049647,5.6909484666822125,168.2812690234922,157.75335240631475,178.92666728826327,126.50327095593472,212.45872438997878
2019-06-29,5.425307175415387,5.381377126202938,5.472515584356064,5.296043299517921,5.557558699087898,4.943941261368221,5.431880312449451,5.168084656951358,5.691972541917278,168.22506312748038,157.66732865068536,178.84154964195557,126.09408385768519,212.38227138474
2019-07-06,5.421581931908748,5.377827400746428,5.467584729003825,5.2937545247140845,5.552149352801132,4.947338311402127,5.430905295544447,5.166799814051268,5.690973369031761,168.23684281177526,157.76136105546095,178.67198808306142,126.2340598090974,211.38609584026938
2019-07-13,5.418162623626186,5.375289120489745,5.463519017878593,5.290487091663867,5.5483875181550655,4.950460490701772,5.429942950256631,5.1671677076471285,5.690191272473235,168.20316239000337,157.79253710745962,178.62179402674457,126.57127143333294,211.16871824781364
2019-07-20,5.416148962836354,5.372381629921057,5.460915162519546,5.288628123013683,5.547624359435461,4.952301013883796,5.429301735466069,5.1646560776904575,5.688897883086817,168.25085138621066,157.76600742658945,178.5737130894672,127.01269264572636,210.4051342172704
2019-07-27,5.413480354024028,5.369652226554242,5.458723708628369,5.286167683630036,5.545476969112047,4.954742281474897,5.428577061698579,5.1640629841407435,5.688448080538485,168.20942194201533,157.72446408373358,178.58039710403222,126.98154943910316,210.09468796258918
2019-08-03,5.411557530233292,5.367199020820285,5.456927365984954,5.2835555152804545,5.5454559284690355,4.956502790643286,5.4276804273606825,5.163082702866005,5.686751580984332,168.09205363097698,157.64330335943674,178.56512634377543,126.20764344176871,210.28067033978252
2019-08-10,5.410026524684852,5.365419613507651,5.456017481830946,5.281989082738768,5.544556199479785,4.957905451647277,5.426895941855884,5.161936971853346,5.68417518245206,167.99575116448995,157.61863310150713,178.55508782680863,126.83091965165406,209.8438816927983
2019-08-17,5.4098797486480255,5.363791760801428,5.456522564115845,5.278044594743207,5.543507825615453,4.958039965066738,5.425975785405143,5.162223857253245,5.682898227987653,167.91550706673786,157.59416414551163,178.51043572706078,126.8432864989451,209.9981608657633
2019-08-24,5.409648046962493,5.3630483632230534,5.456266126614006,5.275063832589711,5.543914445907924,4.958252323841402,5.425538879014944,5.163133467400701,5.68288523952291,167.86067402341456,157.58583004383866,178.49802688091464,127.31589683971184,209.61196114259002
2019-08-31,5.409973654736987,5.362696348322839,5.456938050852716,5.274000956255252,5.546300091053535,4.957953904238375,5.424831295221894,5.161333532373959,5.682381522489272,167.8242973162877,157.47659653811212,178.4626231278922,127.03853556652066,208.70225719593373
2019-09-07,5.409890162080594,5.362466437697332,5.458686967330573,5.272588206390674,5.549590654206757,4.958030421394795,5.423255546704297,5.159297201072031,5.681750051483321,167.78007500163173,157.35460332923537,178.40617618116588,126.50817829804551,208.54350678064623
2019-09-14,5.411839493482742,5.362629265407465,5.459623032299393,5.271819885983348,5.553004655054973,4.95624455091931,5.422884023868152,5.160796875166201,5.680902642971031,167.72438414211422,157.22497810899668,178.39654911563395,126.0660239708804,208.00623176716894
2019-09-21,5.412454301638433,5.3625606844554135,5.461440245732084,5.271582977880373,5.559272649538213,4.955681564448548,5.421954717753728,5.159788926931887,5.680323102594581,167.66892732360878,157.19722041602392,178.36212901291896,126.89705294494075,207.71964724003544
2019-09-28,5.41389856507506,5.36355086388448,5.464464174827766,5.272371080322378,5.563988177586859,4.9543595392052495,5.42086540514531,5.158861521696081,5.6790270076513325,167.68680111905195,157.1867136944905,178.35710590607124,126.68578533725194,206.2212896270849
2019-10-05,5.416115985644687,5.364919287228793,5.4672227225912025,5.2716927938149585,5.566922388183145,4.952331167067655,5.419776581443985,5.157957087174692,5.678118192967823,167.6025033535513,157.1644005781674,178.24694023929152,126.518623226129,206.84235634974485
2019-10-12,5.418466235932724,5.364712697249029,5.4701810678838925,5.270931509632011,5.573110704233633,4.950183102197272,5.419100559640118,5.158430299898184,5.67807587177222,167.59678716945328,157.05005430613517,178.1452153199449,126.88199381866427,207.08157250538056
2019-10-19,5.420373059943522,5.365892804583785,5.473664099468051,5.2727127076105775,5.575752904456224,4.948441685625193,5.417794818067065,5.159401379522705,5.676972853069562,167.58621811119764,157.0347419353882,178.1546342387299,126.96065337107993,207.29083995205758
2019-10-26,5.422193814885764,5.367639677261336,5.4762505699835335,5.273603292385155,5.576747430833346,4.946780014904693,5.415821075037153,5.158476023890171,5.6754145031262775,167.50171326359322,157.08548377991488,178.06114911512648,127.05051275660232,207.59879258546
2019-11-02,5.423529748423249,5.368766239233523,5.479187413029174,5.274235855454498,5.581230214061848,4.945561516823542,5.414458403015663,5.157973605591245,5.673200825631272,167.42374204343326,157.03331075048504,178.03346788772123,126.96605335516827,207.69210874650065
2019-11-09,5.425528242013788,5.3699408530485835,5.481440804557462,5.275032141063494,5.583626965665527,4.943739817344298,5.413337469808564,5.15669343804092,5.673035173508275,167.35878976151577,157.0276320954615,178.00166407118382,127.25142160757349,207.04182687220845
2019-11-16,5.426944669325252,5.371335435271287,5.4829880875323305,5.276590911441781,5.587755886947598,4.9424495063825145,5.4122917643568345,5.1555619823346515,5.67334229583291,167.38888192302403,156.99812686392642,177.90298834949127,126.50674755763463,207.24813986377544
2019-11-23,5.42850375165753,5.372433388884049,5.484210359213222,5.276379513212234,5.588156327896025,4.94103002021237,5.410999752523502,5.154325343159481,5.672461844892321,167.40996341005746,156.89864972574608,177.87604966593403,126.68395507006088,207.2629593916125
2019-11-30,5.429878086360114,5.373209779910471,5.485971122798173,5.275441162308795,5.590787686119479,4.93977941556045,5.409562862365707,5.154034950357747,5.67098846985543,167.42473638949087,156.881964954308,177.85258584570977,126.66025227510168,207.98378345686075
2019-12-07,5.430514130220541,5.374295669249009,5.487044278063638,5.273543928642988,5.5917570927374465,4.939200848728523,5.4080064167100605,5.153002984007138,5.666755837224322,167.4041656669395,156.7723977935176,177.8786362614465,126.67331106305896,207.80711605064917
2019-12-14,5.431233429931417,5.374384423121013,5.488923437495494,5.2727944143444265,5.594591829942902,4.938546713380882,5.4066777459735125,5.152016082291823,5.665679244715452,167.36707218689497,156.7548462835337,177.89094458799985,126.6218176319796,207.71895881910967
2019-12-21,5.432379676349605,5.3737774103834575,5.4887551171377,5.269688735022603,5.59650947531282,4.9375046680717505,5.405540955127781,5.1510842103255285,5.6662277975297455,167.370574120806,156.70680907141968,177.94304914515817,126.53063335588263,208.0682435656381
2019-12-28,5.431482982917412,5.372342705451434,5.489448242720274,5.266922795751575,5.5978121583703775,4.93831980775175,5.4041782283258915,5.151507537509252,5.664176837572108,167.33357075782544,156.72666594354627,177.96390105112656,126.2233942186284,208.67647673803464
2020-01-04,5.429605005461023,5.370827723963321,5.489115608878457,5.263128274268832,5.599370828559142,4.940027860788341,5.4021087227165125,5.151157082097305,5.661788025185316,167.2937299895538,156.72548402671583,177.95735390848955,126.22767965698694,208.92020181862034
2020-01-11,5.427504215264113,5.367999512843835,5.488106528411428,5.259685932080683,5.598592068169702,4.941939966568857,5.400779638144093,5.1498830524324815,5.658652547683466,167.21737341299422,156.71423352741886,178.00244038159946,126.10258185203648,209.14667953662757
2020-01-18,5.425381065175984,5.364479746632971,5.4869841886552795,5.255530040568055,5.598999382493406,4.943873928449724,5.399518030754441,5.146922528446542,5.658248333134616,167.24231690258983,156.66725480635046,177.9861480848433,125.67468181030107,209.46893564834372
2020-01-25,5.422266464988043,5.3610919961663095,5.48562913290108,5.250877125288822,5.60010231418595,4.9467137358661315,5.398028060125091,5.146691490154276,5.65781735256745,167.2856212703606,156.6654411663246,177.99540687063032,125.63818794839172,210.10249581691775
2020-02-01,5.418714532963541,5.356924114681604,5.482865276333404,5.2416924726004765,5.600399818630892,4.949956275673355,5.396094231208587,5.146045582800424,5.6559998377145755,167.3184802277664,156.674171777793,177.95116103935953,124.95574448723282,210.11056726024498
2020-02-08,5.415057299363042,5.350387677951453,5.480423213693805,5.232943718943614,5.599635613548079,4.953299387556155,5.39484037130555,5.144647880840697,5.6526221486253885,167.26352310715612,156.72949929856284,177.91390696981273,124.73181143749358,209.91500570332488
2020-02-15,5.410241689159465,5.3438490769025835,5.477102420099504,5.224328646173289,5.596809367882431,4.957708276460966,5.392770349533663,5.143586805628519,5.6510724942046116,167.27612721475487,156.73357312726586,177.91031750629332,124.26234287679158,209.95241513432617
2020-02-22,5.404784403395913,5.336499514616245,5.4723602314538615,5.214615624499567,5.593911224631794,4.9627141433084905,5.39128100600645,5.142397184581287,5.6503882699495795,167.29083591469998,156.6530620811249,177.97738092616527,124.02647676289054,210.1138402952413
2020-02-29,5.398979189775458,5.329836148239729,5.466751221819138,5.203447519188672,5.593498630561695,4.968050266065232,5.3901941376267875,5.1406103329661805,5.64821170034866,167.24759734389784,156.59359381873182,177.9207831602686,124.16121428164332,210.10239422866672
2020-03-07,5.3925996474032125,5.321502267727576,5.461997031451865,5.1910421726494445,5.588810582449241,4.973927559156937,5.3885708761460736,5.138182001351989,5.647591921042077,167.34181666461365,156.67296515917346,177.9143843072262,124.18915203016286,210.68806928284016
2020-03-14,5.384821962586997,5.312374703883517,5.455973087796397,5.180266750759789,5.587806346168059,4.981111761350286,5.3869857617282175,5.137572148767252,5.644737472020098,167.46689594801194,156.78414948177436,177.93709247200832,124.57206180775755,211.02317946541152
2020-03-21,5.376246710338954,5.303043104474033,5.44920589161603,5.167570757551584,5.5866073688498945,4.989056761224269,5.38592452378559,5.135462558003745,5.642247113600953,167.42112462039194,156.78585107974115,177.98510668027794,124.67061418664109,211.91992311078914
2020-03-28,5.367154479187157,5.293178677204746,5.442372904984793,5.1549394882023085,5.582945827520007,4.997508475709046,5.384135318741963,5.134331115487752,5.640552237389837,167.51787320617774,156.77889903632533,177.91541394283888,124.97168442997732,212.85010779947638
2020-04-04,5.357960907026725,5.2840769236133855,5.434574840647789,5.141324212696302,5.5796423418802785,5.006083557840812,5.382758736679509,5.13268215935387,5.637910921155662,167.47048967972097,156.7760832088902,178.03331285441723,124.66694055286963,212.9904172448655
2020-04-11,5.3491822110017235,5.2744698799364995,5.426406313406925,5.129342055614296,5.575446310638926,5.014299184841766,5.381091798025306,5.130009234212394,5.636314443125956,167.55927877766013,156.90248913984576,178.13884136574706,124.75000731708367,214.11310897347443
2020-04-18,5.3396609813615825,5.263362243000745,5.418094376905588,5.111406904735154,5.571530671714581,5.023240261499078,5.379880530251766,5.128841411642375,5.632393121546932,167.5955182975203,156.8725179439662,178.1153853530632,124.71804703590074,214.36841483761847
2020-04-25,5.330483472400734,5.251096924676144,5.4097769095410255,5.09817388228647,5.5657840887324035,5.0318887843632325,5.378369742149351,5.127175701867591,5.632009160969799,167.61129971973563,156.97697726756465,178.09916570793666,124.82537427496507,214.77210237511437
2020-05-02,5.321345317579931,5.238230661326685,5.4004128492780445,5.084178757537324,5.5618374865607265,5.040529865903869,5.3774563687083345,5.124983479420127,5.631388452269603,167.71028208951714,157.08903441002576,178.03632826099215,125.18360899557103,215.72247638142656
2020-05-09,5.312684784701572,5.22722630119798,5.391886129375624,5.071027332399519,5.557499846783086,5.0487467424009385,5.3758675620744,5.12328756359046,5.629701430649911,167.59381506103503,157.13325862721985,178.13589916787996,125.34930800826284,216.70672521019154
2020-05-16,5.303145162835053,5.215821294168982,5.383142836574781,5.059656961724307,5.550168504989827,5.057828736826145,5.3744256012074185,5.12219441622305,5.627524684016634,167.68544505169731,157.175022800718,178.24334367023448,125.83030547273596,216.00095095607463
2020-05-23,5.294160121118762,5.204634784979959,5.375876509433735,5.0455824708685455,5.541415318698537,5.066412686367085,5.373130954592666,5.121132181715198,5.625778519385651,167.7985085616751,157.22330187612533,178.3203674062943,126.44609795881537,216.66043240135429
2020-05-30,5.283639413731654,5.193363768913121,5.368002074139744,5.0324920474018215,5.534895651443472,5.076500854751302,5.371945744055827,5.120433563089525,5.624059206405178,167.85326471075797,157.28999063122149,178.4532554971861,126.26643638785721,216.64947722805948
2020-06-06,5.275055841696588,5.182064830165351,5.359381328229029,5.0187976461734065,5.528530094427159,5.084761338150944,5.370681854641304,5.11897121993334,5.6225624379962085,167.84805010371082,157.39775263945634,178.5548846192712,126.3250730205089,217.45679965955122
2020-06-13,5.264525859986193,5.172213638965191,5.351219439941632,5.006235708496453,5.521208005467436,5.094931759422728,5.369295447907151,5.11750319310058,5.620880743310109,167.89269125701327,157.50886707202352,178.59627960305392,127.38327076349843,217.61540093510266
2020-06-20,5.256021378038302,5.162154312684256,5.343527984521417,4.995533763674115,5.515674650881679,5.103175590585382,5.367859896963535,5.116099265963215,5.619063259443196,167.88856965376104,157.50260203161275,178.70991751975134,127.34759665567937,218.15867159325202
2020-06-27,5.249052332765637,5.1542400940239315,5.336719434543828,4.986099364805936,5.5051282045331345,5.109950959134149,5.366160534181466,5.115164921121211,5.617338947796688,167.90640159258908,157.55086222961432,178.7163168476261,127.2163535055181,218.8393669125417
2020-07-04,5.240498475559541,5.145564283261278,5.329639624381813,4.975507968307275,5.5018749763093515,5.118291728400096,5.36466755176202,5.113303451064329,5.61570582769239,167.96283739863435,157.63389640869642,178.68792634009753,127.76883588777292,218.80757877057948
2020-07-11,5.233443759903063,5.137693058002961,5.323964716498484,4.967432383506774,5.497846460368498,5.1251912183546855,5.363032632515424,5.111153235560565,5.613749415435356,168.03824567850012,157.74197324704215,178.72776634125086,128.1026379769188,219.16803555957563
2020-07-18,5.2267213530333585,5.130140697317235,5.3176175832276735,4.956161175885923,5.491280853311603,5.131783041298381,5.361423684102458,5.108751098384997,5.611908494727147,168.0569552766377,157.85212534776107,178.74640515525536,128.2400175298741,219.55391064131666
2020-07-25,5.2205369520835045,5.124158659847651,5.313314516424452,4.949773668678638,5.4882403452416115,5.13786230157714,5.360056235894561,5.105974875926775,5.610768294231002,168.1573315584136,157.97911047610614,178.72572189318805,128.18876715031718,220.0099895262027
2020-08-01,5.215010468123443,5.119401724053027,5.308458274081219,4.944028138890275,5.488105083499319,5.143307029574489,5.35876218661603,5.104011538803164,5.608265830253533,168.34000798813844,158.0811983983514,178.78845955671588,128.18068678099698,220.46980062845327
2020-08-08,5.211255148162643,5.116018878486603,5.3046860588073965,4.9410095294111205,5.482279982567994,5.147013385502656,5.357295594345511,5.1022363293720785,5.6062297832617185,168.4058078400892,158.25303598729468,178.88952358877998,128.2609215303869,220.4377612338366
2020-08-15,5.207928850678682,5.112443124986621,5.302509850834575,4.9382617240328575,5.481458969132052,5.150300775809054,5.35555858490946,5.1015197508774035,5.605888672616712,168.36305687512993,158.424533777237,179.01655422748155,128.7764567705268,221.39447661772238
2020-08-22,5.205529143745247,5.11157047366378,5.299891194707545,4.935870929302571,5.480873932895923,5.152675022909519,5.3546191451373115,5.10189795205535,5.603881676249058,168.3786011668717,158.5494671289112,179.05149953458155,129.010860838549,221.28414291520545
2020-08-29,5.203117845300655,5.110364619817625,5.2986139211565035,4.931750908230614,5.478698104049804,5.155062944692124,5.3530647040320485,5.09888326508059,5.602859745247321,168.45265598525492,158.6282267474486,179.17274497282943,129.82590990045472,222.20059750151003
2020-09-05,5.203087617452404,5.109462394344239,5.299605920635676,4.924894985396962,5.478096487309609,5.155092895700763,5.351587792650275,5.097712557687711,5.601716331670157,168.53132439775652,158.5673916287335,179.24183496653015,130.00853256778336,223.1026128464326
2020-09-12,5.2030100788292035,5.1092874869871645,5.299997479920401,4.923956647392367,5.479372712942757,5.155169720302446,5.34992774527268,5.097141216191294,5.601706786667776,168.51437155447795,158.68169111707218,179.23515718102294,130.18154583012276,222.87854140825226
2020-09-19,5.2046833160134,5.111908675572621,5.301582691333792,4.923966532133779,5.480300288852583,5.153512398626682,5.348753354361609,5.097515568015918,5.601365237670799,168.6360642961238,158.77101419035512,179.2819569317386,130.17669120056914,223.00561374326475
2020-09-26,5.207461667830948,5.114927818980556,5.303398947176411,4.927521944387776,5.483810159796695,5.150762831439314,5.347129555896937,5.097343272359152,5.599137647274,168.73952451822495,158.7305886830368,179.30734565949177,130.382229405266,223.05859285474645
2020-10-03,5.212233624931478,5.118228471243086,5.307491379253758,4.933312108879036,5.491040708627593,5.146047153950341,5.345498233802388,5.0955399896796605,5.5981153012062705,168.7686748766783,158.8520958323653,179.38042506156808,130.2465063170448,221.74262471335075
2020-10-10,5.217777232512908,5.1230104583067515,5.312940355767063,4.9376317467865745,5.491758943308338,5.14057975358325,5.343519905218504,5.093676867720963,5.598236988956291,168.75860263032195,158.97858436496767,179.37299909008237,130.3382971116838,221.32106888168173
2020-10-17,5.2234621291543615,5.128554949509244,5.317123222304814,4.942361692337091,5.501039370906515,5.134985062667933,5.341890304959151,5.090261234156297,5.597913727192099,168.80786578324745,158.97041138697548,179.48335338246645,130.3563962419975,221.50689786981985
2020-10-24,5.230534004930732,5.1348791730816865,5.322730645419679,4.947694101197841,5.506223198469494,5.128042371032127,5.340527973053161,5.087599512181754,5.596184660938284,168.86470540950745,159.01669121742697,179.44187224397544,130.41166410593743,221.48014765782648
2020-10-31,5.237199189637153,5.142500205273127,5.3301014013536605,4.956876765910588,5.514959318687861,5.121516106322263,5.338961902910187,5.084945227704814,5.594911462251714,169.01668779766842,159.06763555454702,179.5098176945262,130.88308708379103,221.28461902746653
2020-11-07,5.244963705867183,5.152013288746615,5.337452192546722,4.967490708059291,5.526081155276242,5.113934338587111,5.337499826468292,5.082881739100666,5.593877332370974,168.99194295582546,159.07077851667603,179.56676204157006,131.3453245826299,221.45359330629205
2020-11-14,5.253716421549534,5.162565809831699,5.346634063372766,4.976736481977648,5.534243694815492,5.105414500482506,5.335686462352843,5.081843532203912,5.593904653161913,168.9734223104867,159.08391579549163,179.69848281520834,131.92060289815586,221.94049115052076
2020-11-21,5.263177464257774,5.17273318184461,5.356113120362512,4.984704947822667,5.543097301273061,5.096237051126975,5.33420870328539,5.080011345582654,5.594039634358462,168.89708072949844,159.1452854430461,179.83387515461192,131.88050599137478,221.96778471030115
2020-11-28,5.273199655525365,5.1843679146431425,5.367165129263908,4.998563979909813,5.554840564296805,5.086551193681492,5.332425291335552,5.078856153724794,5.593128048754137,168.9638263880363,159.27939024094755,179.87482866150643,131.7505059493367,221.8309252708608
2020-12-05,5.28475405923419,5.194758337262666,5.378400219751214,5.010619944996941,5.563459975392421,5.075430133430584,5.330940093383582,5.077603903851264,5.591828869077008,169.00935158891983,159.19574737547458,179.88121416250578,132.01248831595518,222.80702542154495
2020-12-12,5.296169645421688,5.20665766667241,5.390126759902745,5.0235742592750485,5.572394379202727,5.064490339893916,5.329359022231624,5.076431730771902,5.589288095661146,169.10725579766628,159.20240052636862,179.89726489802518,132.46045436719066,223.0150290704825
2020-12-19,5.306855937210827,5.218323917539963,5.400526375983295,5.039127441688612,5.584647292167054,5.054292092615217,5.327635621477584,5.075083040946812,5.589318756007153,169.24783754921123,159.18843167185887,179.80694759244298,132.84994996426454,223.80591851589014
2020-12-26,5.319056695881871,5.230140882217951,5.4112309233022415,5.049324648837336,5.596387659611845,5.0426986463229735,5.32557130637629,5.073828705839272,5.587634682022605,169.2543198448833,159.2106709049172,179.81090146448147,132.6609936104152,224.31186788789728
2021-01-02,5.331572717787038,5.242030731913699,5.422768985822782,5.061395805746442,5.608041873114342,5.0308607647560795,5.323467749588186,5.07150980989745,5.585915695658218,169.17151559900117,159.2427632256802,179.91065347477584,132.64121525070834,223.68290076564134
2021-01-09,5.344646348609503,5.254026304753035,5.433865683050252,5.076490019468138,5.6186566620594345,5.018554690179073,5.321658331667166,5.068330208251698,5.584926919704927,169.09273135881767,159.30193010952078,179.9402833744674,132.92499102477979,222.72531122334053
2021-01-16,5.357328526451879,5.267370748296848,5.444496132593484,5.089827781628302,5.6312898717948245,5.006674477773712,5.320176080875772,5.066326926619623,5.583932887532718,169.1879960864254,159.39294846822648,179.88577620609408,133.00920627464882,221.75819675138771
2021-01-23,5.368585652882198,5.280341929898512,5.456742054081109,5.104717560428402,5.641606037987889,4.99617622716139,5.318357780814279,5.065667708647358,5.583328214051956,169.16650631529131,159.44648264766974,179.84957883276465,133.2405714262452,221.86996332812197
2021-01-30,5.380807436955192,5.293261030618083,5.467875406543335,5.119246187700895,5.649819552990436,4.9848280806529495,5.316725982544248,5.065702999424846,5.581867137827682,169.26296765668098,159.35765389614505,179.87451783501888,133.15459586417737,221.29636471301745
2021-02-06,5.3921157506193875,5.305740690788122,5.477899373608353,5.135692488416563,5.659735615648277,4.974373927160112,5.315095239131413,5.065443322409106,5.580461917502129,169.33670749159648,159.3817372894404,179.94184825138944,132.8577940573515,221.2769547192969
2021-02-13,5.403096401751434,5.317386016154183,5.4891386732183065,5.1491893154012605,5.666482844531824,4.964264563554771,5.313266974562287,5.064026083178926,5.579004787994158,169.3622316970981,159.42053575461657,179.9643973542345,132.6805502277574,220.40821744879523
2021-02-20,5.413884698311292,5.3303856457927505,5.497228428246322,5.166638694560433,5.671474374901061,4.954372229038078,5.311611248213943,5.06399358847648,5.577154751314169,169.38922448064648,159.53523011173516,180.05963137262773,133.03808946052942,219.43087084275575
2021-02-27,5.423222128870016,5.34188943764222,5.506614447376066,5.183863297367056,5.67949150507864,4.94584204052015,5.310062720495548,5.0614615315009726,5.573917867349188,169.40055279045777,159.44370300216218,180.03402196980306,133.11538314646936,220.26545613479712
2021-03-06,5.4338027153643225,5.352752628285495,5.515982015251789,5.199012939860255,5.683154053896297,4.936211600857071,5.308378381720392,5.060981986629654,5.57282794674737,169.3757542059876,159.3980309166609,180.09845371193242,132.95960012693618,220.20865979651424
2021-03-13,5.443554031101964,5.363262422930859,5.523750867958996,5.213991118465693,5.68778549203233,4.927369113683202,5.3063338113616405,5.0582195383496655,5.571185098839739,169.39998787625117,159.40305761477944,180.1642502034728,133.4734614836132,220.6633383441302
2021-03-20,5.45185970754374,5.372821570800924,5.53027245307327,5.226087353490714,5.689932099988476,4.91986247608098,5.305010988921219,5.055979658875605,5.5681658659003075,169.4823490381333,159.4575788793306,180.12836232862173,133.26880383361285,219.59477969917666
2021-03-27,5.459096412130309,5.382749759498572,5.5360044640990775,5.238590083680498,5.6887193746718925,4.913340592626031,5.303357387055362,5.054134025152677,5.564970019681013,169.57872792206084,159.41928569402913,180.03998553772897,133.02216527854694,218.43120470879288
2021-04-03,5.464829417110708,5.391177910083092,5.53923097712167,5.250973506958753,5.689951932201484,4.908186139538341,5.3020724432622925,5.053336742600872,5.561545185144814,169.61127861356312,159.38082611787948,179.91624866355224,133.47288125656448,218.31165749215103
2021-04-10,5.470673302303437,5.398466275134215,5.542429949313815,5.260081534708576,5.691506997393925,4.90294311467715,5.300736102233766,5.051749482375997,5.560685966454237,169.55776645825085,159.4108608918333,179.7755075408979,133.38464413172733,218.6430395806504
2021-04-17,5.475217811180004,5.405150058441345,5.544887154744364,5.2702171371839635,5.686586695755695,4.898873601949674,5.299310378173098,5.050848992010334,5.558264030785174,169.5855150179122,159.4091237147752,179.90224406060986,133.45305428230742,218.58722043255432
2021-04-24,5.47777463401524,5.410774528246639,5.5449308956495535,5.2790961696234,5.683194959292091,4.896586988723659,5.297571451171439,5.050219156382477,5.555361623490771,169.59178055723999,159.40830296098065,180.02978056533135,133.38833561151844,218.92498773023888
2021-05-01,5.480116443107907,5.41578271762188,5.544628282557465,5.28856517663634,5.680171964500884,4.894494539192611,5.29573570468988,5.048650853403304,5.553200115980908,169.70893604993017,159.61023098351282,180.1054448430603,133.42933328411928,219.6997563778556
2021-05-08,5.481873322710766,5.418693858844582,5.543498623809363,5.29607786540453,5.674836039800894,4.892925907380511,5.293659620438623,5.04694598975177,5.550861925214158,169.6601221517941,159.58471471166828,180.24212804121652,133.71076608237257,220.53586558793074
2021-05-15,5.481373995430431,5.421646458299013,5.540728645606306,5.303662277253636,5.6677508974474105,4.893371629523346,5.292299146721317,5.046649820966867,5.54960332499799,169.64455369888526,159.54481929417247,180.23438754138306,134.19715688664326,220.3944676427225
2021-05-22,5.480358655382329,5.422808792938454,5.537901522739459,5.309424521286086,5.661163043493972,4.894278219123526,5.290150121591413,5.046168947380187,5.54938682240833,169.63290134292754,159.53381555344632,180.28336574168475,134.36597822010185,221.03589039199986
2021-05-29,5.477818194147796,5.422648148168882,5.534976523748181,5.31203768715965,5.653921468889846,4.896548051675,5.288259087787837,5.044305500938335,5.547410245959911,169.6896309995962,159.50523606133987,180.2417670017786,134.83605209911693,220.18732805951632
2021-06-05,5.474537381137039,5.420608538833049,5.529239239576709,5.3127351201546675,5.643831753555542,4.899482482797676,5.287248158704873,5.0437890775181655,5.546408645067048,169.66076329674934,159.51465983868033,180.297791327088,134.56344594113887,219.6312829414308
2021-06-12,5.469819658320468,5.41662167024514,5.524233032719158,5.310550287358998,5.6336481954614195,4.903708289433711,5.285626334775001,5.042827065783782,5.544923563290888,169.6556454630067,159.4548413356968,180.30260954863365,134.74017684819125,218.83510290025
2021-06-19,5.463916977595506,5.412313399706715,5.518948618183319,5.310472735927017,5.623813891943065,4.909005775524005,5.284336875301143,5.042302703794968,5.5428682687436925,169.67601013587034,159.3992899443296,180.43295872513147,135.0230714547081,220.3405125034323
2021-06-26,5.458228926255625,5.405923209330301,5.511490817524526,5.307293054008912,5.616804455080745,4.914121478444503,5.282516346452059,5.041434418712673,5.540480860973428,169.67889476167522,159.49216928738284,180.3969335535615,135.0770680206634,219.92136861349846
2021-07-03,5.450232983965641,5.3998047756053715,5.504396439483078,5.3033782377176575,5.610151851978284,4.921330900717265,5.280626301255584,5.040117274132339,5.537840007352834,169.75035426051724,159.58206699197797,180.43988248242596,135.57815114379966,219.6616541537078
2021-07-10,5.4434059781828195,5.3907186551078805,5.495824511278498,5.294481039441068,5.603600235236316,4.927503130996354,5.278859786440402,5.038334636549496,5.5359447937162605,169.7893662418531,159.59097802775347,180.42743015236042,135.3727940233104,219.72325010480085
2021-07-17,5.434956290718736,5.381039804549976,5.487137078353575,5.283721126759464,5.596384303529241,4.935163884548083,5.277090420303921,5.036771853407611,5.533486015283825,169.86542480475825,159.57280984633456,180.3994036147124,135.62743847230539,220.68243445278543
2021-07-24,5.424901324795349,5.370758115942402,5.477390533914841,5.27166496090877,5.5873596542398944,4.944311130644634,5.275661066427924,5.036667708928731,5.531017189379846,169.89857453350558,159.66618327519654,180.4921638084118,135.42693163452327,221.42570143647987
2021-07-31,5.414716812313616,5.358427999276856,5.468250785518309,5.260039042093704,5.578724660403356,4.953610859023108,5.274264286344197,5.035399115512503,5.5283846319474375,170.0017077930662,159.67730478802173,180.56473538609708,135.3647917743593,220.90948763371884
2021-08-07,5.404066835707372,5.346129500364399,5.459010264990159,5.24327304578648,5.572796224859281,4.963373106924941,5.272184497987219,5.033827607305046,5.526024171256501,170.050063501122,159.71522421198276,180.52413974925528,135.5041063935375,220.51397578756013
2021-08-14,5.3926060246812835,5.334443450451403,5.45051288842362,5.226069292221742,5.56926356065014,4.973921678903244,5.269977924713576,5.032808903761299,5.524190712324286,170.04458284451994,159.76149822226162,180.48368011525434,135.21011402024962,220.88552591109462
2021-08-21,5.381488491898656,5.321030063880799,5.442235229723666,5.2085423853978,5.561732200432986,4.9841972235869925,5.2680562392327355,5.032507792714909,5.521982960301667,169.93812158463726,159.77315621645187,180.4509083846466,134.90391963425824,221.61031837449133
2021-08-28,5.370257503833837,5.307592171399291,5.432748265616542,5.188310652654034,5.557342884574809,4.994620833161298,5.266337289855793,5.030530786011258,5.521274193282566,169.97103186832942,159.76489523380013,180.3961016572747,134.61258614194568,221.40995903270306
2021-09-04,5.358394011081622,5.293551808670493,5.423834050582691,5.168746701449409,5.549450922403111,5.005678930029594,5.264882873867006,5.027932863272085,5.520352245948123,169.91580321839803,159.86698361442967,180.3566287670701,134.47503452247395,222.1757016646179
2021-09-11,5.346372109996421,5.278386988935649,5.4147098431984455,5.150896685946192,5.542714124209277,5.016934745341489,5.2633863289257885,5.025251827218601,5.517209209645633,169.85655900517347,159.85362342423974,180.3093505057732,134.14023413521969,222.30530627199934
2021-09-18,5.334659181981693,5.264280526224296,5.4057197714822625,5.130518823016698,5.5352315674910395,5.027950068623607,5.261703965727605,5.022891612509127,5.516327723278065,169.73816132130048,159.8195097994315,180.25202945811884,134.3151387680292,222.4700429182714
2021-09-25,5.322688487319846,5.24925559648992,5.396046958098247,5.113921694093037,5.531224670275472,5.039257898316267,5.260451167186216,5.0204091450079815,5.514066704776885,169.80259963051907,159.8223245896738,180.3090381481348,134.62059884005123,222.60677445818962
2021-10-02,5.311820791176096,5.235616175883649,5.385381568503377,5.093322010973751,5.52669901906408,5.049567946342947,5.25857788705253,5.018238835951861,5.511379062924253,169.78386319905474,159.84696333989888,180.41402268409175,134.76225007432012,222.7396835100459
2021-10-09,5.299548211366459,5.221468845468102,5.375463396070793,5.076983802494152,5.520238063246021,5.061261626571655,5.257099321893582,5.016733133896811,5.508756366154988,169.7224107229406,159.74585060706752,180.3632857012896,134.74594377309336,222.8121508233078
2021-10-16,5.288175472078262,5.2095077349487955,5.366306004704297,5.061412971613604,5.513962530725401,5.072146365385401,5.255669870565159,5.016193874890819,5.507247720155405,169.7026820099523,159.7247678930014,180.22483292434092,134.51266810049677,222.87650704305057
2021-10-23,5.276912409181334,5.196518705222109,5.35606231040024,5.045250187770961,5.508165827313127,5.082972375055055,5.2543296824536245,5.0151953661087525,5.505287306024087,169.62342667748828,159.5602654735416,180.11285900284565,134.65885496519823,223.40682454752732
2021-10-30,5.266678957848404,5.184483270686829,5.346787401809822,5.030422819046457,5.499699871120762,5.092848879659375,5.252696104234232,5.014876303449704,5.502072984001162,169.4631225654306,159.57022322252462,179.99458852591,134.79286759594726,222.9859831246015
2021-11-06,5.256996178742132,5.173730973347225,5.338970223942924,5.016596467904155,5.492923289091977,5.10222931296849,5.251430446166571,5.013167405731848,5.500563256546227,169.347997245469,159.5598192454445,179.84086051909054,134.30042378832448,223.0072081060432
2021-11-13,5.247697173784638,5.162664851443832,5.330706727706154,5.002892137619916,5.487667436789754,5.111270547573946,5.249901951194643,5.0113355480220605,5.498638912199363,169.28671222842502,159.49547418499444,179.76691224541722,134.43183718803311,222.34846211786666
2021-11-20,5.239076454283236,5.152596323606059,5.322668163357157,4.991339945760699,5.482933009583083,5.119680965581498,5.2488666360187555,5.010846720376685,5.496214254207658,169.22554135773294,159.49247640077132,179.75032298046835,134.4848717601754,221.8061191297875
2021-11-27,5.229981268538953,5.143125764277411,5.314969591428201,4.979334636601529,5.477235856364627,5.128584334296541,5.247463824594444,5.010105201223649,5.49488034612357,169.18220006167283,159.43517391552245,179.67330442846503,134.5821238719414,221.25409526853008
2021-12-04,5.22219254298575,5.133391529557354,5.3079797850585635,4.967655474663724,5.470381954340158,5.136233446508927,5.246212830365498,5.0074361479689244,5.493844539037135,169.15550769186936,159.37180353955085,179.33925051877566,134.3724910323783,220.2288300760558
2021-12-11,5.214459723106794,5.126335104070806,5.302068862145298,4.960074046138775,5.464853196891859,5.143850259947257,5.244292970149348,5.007325370753547,5.492099009670664,169.07318469096072,159.17120898489117,179.2443166591999,133.98655293042194,219.2267611160723
2021-12-18,5.207384219228718,5.119458893280872,5.2953745865555035,4.950859458521224,5.459282825616772,5.15083943959646,5.242599623096718,5.005040195095013,5.490825356605775,168.95668849875958,159.04205052024264,179.1448820897576,134.63347809295269,217.90706370518907
2021-12-25,5.200899110698434,5.112802238854367,5.289698411513523,4.940186102346405,5.453644048731834,5.157262126666577,5.24153665935626,5.002921075744586,5.489736520707682,168.78314544686913,158.9255482336738,178.95687070257776,134.96404126031254,217.07130187289715
2022-01-01,5.1946541050464745,5.107437551616714,5.283376382776598,4.933823753692511,5.447552407558162,5.163462178230436,5.240206191401011,5.00235619104661,5.488602685843575,168.6817248052389,158.94069321527257,178.77556042685075,134.78320644488707,216.33042380960353
2022-01-08,5.189176061849202,5.10395571304543,5.278567225351294,4.931060317366405,5.441827938917598,5.168913077438823,5.238779445981267,5.000904273491328,5.486515951558556,168.5005389092277,158.7994788155612,178.5783202517942,134.38089603033478,215.45738993987345
2022-01-15,5.184044865804514,5.100255378007687,5.274151900287573,4.929276797751882,5.433062073107186,5.174029295054314,5.23703063714386,4.997575861766527,5.484222391682751,168.3700554784686,158.68192405057925,178.34315879120697,134.55951857360742,214.08678367415047
2022-01-22,5.179404942943379,5.097530667297281,5.269548491952053,4.9260458777591225,5.426619662741682,5.178664403458512,5.234985389909383,4.994388859939169,5.482570191841543,168.2181926272979,158.60981071729412,178.18230076378666,134.02810950702602,212.44098053590065
2022-01-29,5.176531056893005,5.094536325271331,5.264669915748927,4.9233084095242745,5.41999349132869,5.181539473012522,5.233112441459033,4.992316740325596,5.482352513033546,168.13398835766077,158.42171937885203,178.02285510791722,133.77556650206805,210.92228342991444
2022-02-05,5.174154252633949,5.092559884236203,5.259850723133004,4.924855740233466,5.413256283343343,5.183919668911688,5.231487777885487,4.991379179262187,5.480809746904059,168.00126737900177,158.27001592304924,177.84241892553038,133.40833751247013,209.72945150504492
2022-02-12,5.172802672858415,5.091698403319952,5.256338503438059,4.926222881272215,5.407577854829305,5.185274153366356,5.230193740601601,4.989851920682156,5.478421505894973,167.78923258559664,158.23686016761962,177.63801207859757,133.2478283607125,208.6516374061559
2022-02-19,5.171291199845284,5.091276944944504,5.252985124108811,4.930782652247459,5.402989992400289,5.186789713361204,5.228495331851754,4.9893996036602575,5.476585249427668,167.67840003358762,158.00584273755265,177.47693918237752,132.80215084893211,207.35812764645942
2022-02-26,5.170010969237321,5.092058518681987,5.250812408545369,4.935150312518552,5.393423990068455,5.188074098865451,5.227377392184032,4.986504101469817,5.476424353930241,167.52283603870126,157.74243383343045,177.19312584637242,132.81771554245915,205.20623138402965
2022-03-05,5.169277863092159,5.0933547943455935,5.248069669020867,4.940886714638578,5.388048883871456,5.188809870627774,5.225530797569746,4.984293501452194,5.475098403850559,167.42166914960887,157.6284892813596,177.02157539505183,132.56372649763256,203.6730813240933
2022-03-12,5.167826722978721,5.095424168955759,5.246339155665698,4.949338425443551,5.382967730783604,5.190266903207869,5.223497969970598,4.982536278704326,5.473560343338515,167.30856567634902,157.49196298691095,176.8174894380964,132.67608911331368,202.69637113919075
2022-03-19,5.167699625770468,5.097222461943773,5.24425638679175,4.953871791369155,5.377466850810217,5.190394555182644,5.221848351108532,4.9825497276018,5.471333051441031,167.11068115499765,157.45180711008112,176.59089286540282,132.56846778296014,200.9958343499152
2022-03-26,5.168510017102436,5.099450730367732,5.24170429036785,4.962067236024854,5.372717118626938,5.189580732524872,5.220453978271055,4.981789436877072,5.467936705116127,166.9026004474099,157.3352287447721,176.37242365099434,132.4483021911015,200.43250299887097
2022-04-02,5.169479966863781,5.100952838156654,5.239685009086009,4.968712013114656,5.366586659869678,5.188607011136803,5.219179288502408,4.980387492929201,5.4671871577762525,166.7087931523734,157.19553015653116,176.15905365749157,132.0723005024594,199.48980712089948
2022-04-09,5.169214749465516,5.104708065959271,5.237519722109408,4.9759478272451885,5.361523425919736,5.188873223502829,5.217757166647269,4.978130990976272,5.4673181643208,166.6053494913437,157.0186721488987,175.85705653134164,132.0999284112052,198.34754277075368
2022-04-16,5.169760087939565,5.108022612628627,5.235509882387239,4.981975741232891,5.356942736038971,5.188325868942728,5.2166030664418805,4.976626523962763,5.467467969642853,166.45606869838264,156.94679925141784,175.72163952007003,132.23016732181048,197.07787632607943
2022-04-23,5.171298469152582,5.110860638468706,5.234362293028063,4.988433572623329,5.349487672984516,5.186782422257475,5.214645304530872,4.975067677227253,5.466092688425675,166.33715672219654,156.6364955069079,175.50942347080868,131.81472404879315,196.1308556954679
2022-04-30,5.1728701152917695,5.113826227212817,5.2325630988983685,4.99600410879062,5.344158512739409,5.1852065492275585,5.212825585068083,4.972728216167507,5.466107531337759,166.15454067620863,156.31151989203155,175.3312956895271,131.4195517003755,195.4512299283291
2022-05-07,5.173833224139456,5.116074920854313,5.230602552281252,5.001494433399338,5.336724517158255,5.184241323337685,5.210996635735727,4.971537648617886,5.464120651378727,166.0278727397162,156.241915193486,175.11118189118906,131.2810066673852,194.48902083143963
2022-05-14,5.174565771684987,5.119178015492135,5.2285426796700545,5.009253015724458,5.330668601087012,5.183507405936693,5.209304281965391,4.971012661163957,5.46480121941932,165.850002857737,156.18409961776166,174.9058492287214,130.8898379312424,193.33679591012807
2022-05-21,5.17557352897116,5.121555262329841,5.227615133494653,5.0147305713786405,5.325576518411417,5.182498104171926,5.20750735868223,4.969931623367274,5.465176169933619,165.70973728669765,156.1302136404032,174.8588666644024,130.40268353992303,192.49471273053203
2022-05-28,5.175618803502948,5.124117532164633,5.226179945624819,5.019462873296205,5.322093017210191,5.182452769131708,5.205810306107164,4.96918243618796,5.463448777569227,165.57915599382247,155.92780917703584,174.69004265083373,130.4980670324513,192.0927306300349
2022-06-04,5.175789026556012,5.126653692390754,5.225283922186806,5.0268920858136505,5.317415936262605,5.182282327010756,5.204639848582222,4.966790427645698,5.461008948519374,165.36286552035736,155.8808160229557,174.46540915997738,130.48054495972931,191.58112606321933
2022-06-11,5.17560960593631,5.128389837543146,5.223204676748737,5.034112350139554,5.313941604172861,5.1824619799876945,5.202651126137658,4.965389384888919,5.458467717265534,165.23679732044562,155.8897932777725,174.2216514061125,130.60142141545532,191.1909837790607
2022-06-18,5.175263341511206,5.130183409968202,5.221048638210075,5.039488130526151,5.310844888512126,5.182808724901215,5.20146346013273,4.963255573134947,5.455501556492904,164.9719691430463,155.82136739307703,173.92869335192177,130.3170484336889,190.69866435071768
2022-06-25,5.174679118656211,5.1313868663165465,5.219596903230457,5.0430393485049105,5.307632413572853,5.183393865734153,5.19991431858776,4.960576287146007,5.452609838438757,164.95630510899775,155.62486079625407,173.7752572827962,130.3245737425335,190.27598932904166
2022-07-02,5.174299838144051,5.131922518231529,5.216915965717676,5.045105934576596,5.303308932318627,5.183773812707933,5.198095442976605,4.959097449935429,5.45054937623863,164.858706550485,155.54294580518294,173.67769971488806,130.31005961885424,190.18862673310238
2022-07-09,5.17409664521484,5.131603113856017,5.2155907267336135,5.048316502012445,5.300434641603723,5.183977385757801,5.197050498286805,4.958444337504449,5.447856263558074,164.78774669978094,155.49795162591582,173.49379097687512,130.06006057916835,190.0801348682924
2022-07-16,5.172449296017394,5.130784038484542,5.214519922693791,5.047233527313096,5.297285953587088,5.185628406789457,5.195882984799473,4.957536074153712,5.44569183164944,164.74315385070253,155.34031303747182,173.4837566046441,129.75318591600072,190.1605742897494
2022-07-23,5.170933324622007,5.128797605970085,5.2123388698163104,5.046791572325393,5.294434627783273,5.187148686430435,5.19470951274117,4.956645504066908,5.444066126751928,164.7389272851124,155.42512573092404,173.51609664043198,130.01051872995268,190.08695476785718
2022-07-30,5.168663219627023,5.127084431413807,5.209837987358192,5.042204035837686,5.292242559607534,5.189426909944043,5.193206317064556,4.954755641147931,5.444161029773649,164.76820049540407,155.25931611465393,173.4088204990535,130.1741720175219,189.92740424242473
2022-08-06,5.16649783219388,5.123983984278534,5.208754624300522,5.038934134861606,5.2905153513619405,5.191601910021588,5.192044716620704,4.95252441098609,5.4447038885297685,164.83810418670038,155.26203525448864,173.4815450162889,129.9150431874208,189.9346447346442
2022-08-13,5.164288211692663,5.120680049093554,5.207862728187463,5.033895687174074,5.289578816779441,5.193823214489493,5.190386020063501,4.95156906492541,5.442290695705696,164.82072697066377,155.1870508791415,173.5870687996373,130.11675565529376,189.83953843898104
2022-08-20,5.161540550044508,5.117842506485283,5.204873524885128,5.030420866967107,5.290977292530987,5.196588061285148,5.189014780852294,4.950224821451749,5.441776054334838,164.78686145207342,155.13292986450213,173.52946303510845,130.09432961774326,189.79314865756592
2022-08-27,5.158406606055163,5.114688823789793,5.202656824319782,5.025933099293893,5.288007585919138,5.199745202129396,5.188176003189987,4.9499236390790955,5.441222374544994,164.75063369279454,155.14088081639005,173.58029942233338,129.84830462790356,189.82273300695744
2022-09-03,5.154798984341696,5.110329623124632,5.199967556237031,5.02160695735493,5.288246037916055,5.203384280161893,5.186537570884158,4.948545372908843,5.4406069451204475,164.8495020651365,155.14838068883833,173.61365468576696,129.59277020635867,190.11757775614217
2022-09-10,5.1521116755978,5.1058144922320565,5.19772029894521,5.017055012646903,5.2859263235903615,5.206098331970553,5.185149001412856,4.947157836669015,5.43914199484428,164.8540829115537,155.33225314094645,173.7238296826613,129.21890234686902,190.15205535029926
2022-09-17,5.14854286947158,5.10177528721402,5.194938508975888,5.011564168129201,5.284861350798281,5.20970703385637,5.184019948124078,4.945701227905643,5.437267255506407,164.95142869794472,155.23142823651872,173.85203655773097,129.5361272327402,190.502797733317
2022-09-24,5.1450250538243,5.0972852604184435,5.192366619586563,5.005968878440016,5.285708594346527,5.213269075504117,5.182305256543781,4.943452274227579,5.435085204801816,165.0724017027988,155.2664490588088,173.98840551790676,129.76338933706617,191.2928694805035
2022-10-01,5.14104852553514,5.092095202144122,5.189507479504001,4.999599045389066,5.287191567843034,5.217301464395501,5.180511870440169,4.943103267193859,5.431500105165281,165.1344716075349,155.3672066005637,174.11745225005635,129.79737309117962,191.7689958448
2022-10-08,5.1377298710193156,5.086538723496075,5.186965180367676,4.994004201757857,5.2860265250736385,5.220671517066387,5.179212796478593,4.941374052639716,5.430735397129774,165.1814327871377,155.34802992041273,174.23969190557787,129.46315053478583,191.9712316540184
2022-10-15,5.133825740460014,5.081560299467959,5.182650690716072,4.986423961188466,5.285181555515016,5.224641691405623,5.177761031996985,4.940709670659387,5.430820873455959,165.27156810636322,155.52235566528793,174.35074172843122,129.8173876379902,192.1195935826167
2022-10-22,5.129821350773654,5.077054122989949,5.179881020397158,4.979202005508855,5.284511158524074,5.228720098996361,5.176628661226972,4.940261789899482,5.428407247229104,165.30590349774485,155.61815044352176,174.4987306883845,129.65563949203067,192.6016972246648
2022-10-29,5.12580018882732,5.0728492133862915,5.176864810055553,4.974149158409534,5.282445353408457,5.232822000841587,5.174749672069431,4.939913153291179,5.42725800614812,165.3706995960971,155.675739100342,174.62316318192498,129.95377324796257,193.01804052097563
2022-11-05,5.122072976848507,5.068091151836696,5.1731707428213305,4.969189637445759,5.280591865328638,5.2366298024223426,5.173606921397099,4.938160264961412,5.425508600084423,165.5759343236702,155.65795528242742,174.72661415539068,129.622631386772,193.5165557260025
2022-11-12,5.116852501300638,5.063327997866678,5.170777258858173,4.964098471965408,5.276712736574344,5.241972480801168,5.172241490434511,4.937378535233094,5.42400515393709,165.67244972447742,155.6407004751977,174.71306109830394,129.79903185826393,194.0414274358859
2022-11-19,5.113310692257368,5.058789646731755,5.167267011817348,4.9592265794144845,5.274145867074392,5.245603409362278,5.170950807867802,4.935866391649298,5.422977318346315,165.82894362733126,155.76182046880473,174.98163510357966,130.15402259601836,194.35674084926052
2022-11-26,5.109387511211691,5.053387100008543,5.164276022670126,4.952340746319967,5.2719393915086705,5.249631182298918,5.169857422825576,4.935756209497566,5.422233465822419,165.8923913615193,155.8762130748532,175.11550532065849,130.2380020567801,194.85236301530182
2022-12-03,5.105586893102455,5.050047989424634,5.161479363971808,4.947697243374882,5.270429232348929,5.253539027315547,5.168575667718379,4.935860219186917,5.420589837883353,165.9419609566981,156.02146053856143,175.13695652199934,130.33254513473454,195.61731263360124
2022-12-10,5.101882016584608,5.046082679932726,5.158000060781502,4.942396708883326,5.266489688031445,5.2573540338448765,5.167288262859612,4.934249227355637,5.421449565370152,166.06253727462018,156.2402943891881,175.15895991644715,130.77973438928672,195.8195138992922
2022-12-17,5.098960153969139,5.041497895272293,5.154726260213102,4.936802700859099,5.265849936420903,5.260366661555145,5.166099983374341,4.93317664964979,5.421465358831031,166.16227695538637,156.47510592999774,175.2077200787872,130.92693367567776,195.84881435497815
2022-12-24,5.095358249156469,5.038582613992925,5.152154990330557,4.933812271068583,5.262371590854627,5.264085210356166,5.164819002723203,4.930338695448186,5.419108341505937,166.2541457930093,156.58582358833482,175.36887138327933,131.2543780745736,196.34489874236863
2022-12-31,5.093185071351234,5.03658246038902,5.149691548161732,4.930713909195842,5.2600507666477165,5.266331308877767,5.163328835473262,4.930845541150128,5.418601993953593,166.30717198174608,156.76432848845056,175.5086185039886,131.12682097509588,196.8852731243463
2023-01-07,5.091205971837787,5.034697876051602,5.1474975867350015,4.929773975596155,5.2569161975513365,5.268378484327689,5.162489186059451,4.930516650524835,5.417369784731454,166.40513936888658,156.84693985992308,175.601051625085,131.3189127373509,196.9709284080196
2023-01-14,5.089282577025424,5.032714716047572,5.145376832514541,4.927444497028898,5.253895153370898,5.270369564682037,5.161404909547446,4.9295749116624945,5.416673785810673,166.4226284382922,156.86948675494588,175.55991018957673,131.27023198377293,197.1250536591092
2023-01-21,5.087709879184504,5.030404167626171,5.14404651598581,4.9242233123940675,5.252368233020706,5.271998725744973,5.160164711527029,4.927070369602357,5.416506825924109,166.5095499566525,156.8829546409827,175.68725541981019,131.4308050037958,197.45604625712696
2023-01-28,5.086461896878683,5.029318790823362,5.142674542536299,4.92553462963087,5.249492048665885,5.273292230201086,5.159263066751546,4.925998056321074,5.4153138692138905,166.51958142098744,156.99663610693074,175.71732092885784,131.7616487367744,197.66343645266397
2023-02-04,5.085155490496531,5.028301529543768,5.141145616853953,4.925771875952155,5.248388194141799,5.274646970278868,5.158189861268234,4.924730758111537,5.414670277480706,166.6190495443635,156.98453687897842,175.80867446910736,132.03282406890497,197.45830002317345
2023-02-11,5.084091751963953,5.027353023765841,5.139876319457725,4.925091674675396,5.246561384894952,5.275750579116369,5.157616178635958,4.922396284137687,5.413007506195285,166.60749946110735,157.11496296233562,175.9626509510531,132.5501525418234,197.50061924533665
2023-02-18,5.08309359294055,5.027241516747667,5.139629031379495,4.9242696134068495,5.245466871724703,5.276786569133282,5.1567657818431325,4.92129457275514,5.412477609673772,166.6796365778196,157.1161289482862,176.05888118301908,132.91160848645606,197.67856726894672
2023-02-25,5.082340896004178,5.026741715248152,5.1392328714020294,4.923085675112703,5.244261473544062,5.2775680633920725,5.155617996007563,4.920611907196777,5.409885772615831,166.7230249022474,157.12386019010097,176.16160956137722,133.28412996335769,197.56238417368428
2023-03-04,5.082091167758584,5.027053024724397,5.139189299589855,4.92264337865901,5.24228604977977,5.277827397237381,5.154936222044489,4.919315442074108,5.409463562683436,166.78200473704345,157.27035661898742,176.14229043460938,133.4195705155783,197.3933229923771
2023-03-11,5.082790438929217,5.028117334193023,5.138994863779993,4.924858582495519,5.239585060529276,5.277101293528464,5.153898407920739,4.9181491020448025,5.410952877500686,166.8447462890754,157.32968795041296,176.19306625299157,133.69804797266815,197.29188662527974
2023-03-18,5.084022720749092,5.029254384591109,5.1385739368053445,4.927583315264282,5.240347370109219,5.2758222127527,5.153084821851937,4.917466427929033,5.412146523052206,166.90661694821156,157.43929018603043,176.17101363138437,134.11323772686887,197.05285848097986
2023-03-25,5.084503028362856,5.029779822166201,5.138744522578196,4.929112860543262,5.239267347526462,5.2753238321220906,5.152433649929565,4.916844692746267,5.412783387312089,166.89306346214767,157.47987618696774,176.2806069394239,134.1850427837656,197.17497058865445
2023-04-01,5.085322505714184,5.031718829571085,5.138850909049768,4.931589076674302,5.2378724523902935,5.274473736889003,5.1516518747137905,4.917240310821651,5.413748395822778,167.0533052288336,157.52397686339003,176.359278860073,134.45859709991257,196.810718757985
2023-04-08,5.086378497819756,5.033249140353212,5.139639346442236,4.933939948616716,5.237001467378002,5.273378694001366,5.150745743839021,4.9156642786788165,5.4140104389047625,167.0101090663445,157.57076030589474,176.36045931653243,134.42253733586696,196.4592221108967
2023-04-15,5.088191295243848,5.035369855748916,5.139757227665466,4.94049470982037,5.23565067144941,5.271499918858661,5.149770030017607,4.915500712286841,5.414239922127915,167.11040047806202,157.6222385650642,176.38384936187057,134.70074311926467,196.35785306777694
2023-04-22,5.089113288608852,5.0368939169759965,5.140399967662479,4.94337734734369,5.233893612464323,5.27054488260897,5.1491390126315615,4.914295865038881,5.413261465082877,167.25341648885575,157.7298052775102,176.43323421633175,134.87850933218775,196.3015308736759
2023-04-29,5.090454434964051,5.038783755711667,5.141854433101431,4.9463861600939225,5.2329600931368425,5.2691562890330355,5.148558249876253,4.912893785884577,5.4117764561903465,167.2385574047479,157.78935616480328,176.3769731517526,135.0484124829162,196.3627229240543
2023-05-06,5.0927116371401535,5.041683593864862,5.1425689380794655,4.948765599074251,5.230734643786904,5.266820882688709,5.147397013416022,4.91225033907034,5.4108240272668855,167.24054106810354,157.86292631796152,176.32784625186815,135.51234539090916,196.59129896088018
2023-05-13,5.095044024620738,5.044103102718019,5.143288171260041,4.952625287792077,5.230744558509711,5.264409860138269,5.146441240701832,4.912860422406787,5.409659166664639,167.2993560030606,157.84513974744033,176.29622725914624,135.55976825982881,196.40775598945174
2023-05-20,5.09712379244955,5.046608189525388,5.144908451648931,4.958013951784666,5.230745702419694,5.262261834808259,5.1449065680616695,4.912439889694205,5.410610693805724,167.4401398694116,157.8716831151205,176.29571113557358,135.83152299441772,196.50560560926016
2023-05-27,5.098259079413857,5.04872402151578,5.145785408470479,4.9613908945727765,5.2314082472973755,5.261090027444286,5.143630792889213,4.910758450831341,5.411608292636619,167.37087428463903,157.95797960697752,176.3304351763602,135.6893898738932,196.60856260782413
2023-06-03,5.09981894660257,5.051136115615831,5.147123122818417,4.965149912041892,5.232182499635661,5.259480832774104,5.142528749013054,4.910428358385121,5.410475315808953,167.4800808060384,157.99962133662592,176.33335752087194,135.78473406935427,196.4612482129411
2023-06-10,5.100917742352193,5.053527603490775,5.1479881288125435,4.96802013831692,5.2325196652897485,5.258347880679092,5.142124538791494,4.91080065185015,5.410245947601447,167.4580088065283,158.05163025142463,176.31754745267182,135.5346102637119,196.373089275378
2023-06-17,5.102137813841077,5.056571361073811,5.149114924035912,4.970577776012868,5.232198443265071,5.257090455288452,5.141608831860413,4.9105581750498795,5.409097832121596,167.49201788401268,158.10468958953643,176.45466627798615,135.81546657489767,196.34341766214035
2023-06-24,5.1028162434465605,5.058384506149845,5.148730673913107,4.971907584254251,5.232938211505355,5.256391514585919,5.141358545897663,4.910301455771553,5.408318450990774,167.530370400266,158.02684571862994,176.4652093332414,136.02008044211004,196.31785110380096
2023-07-01,5.103772328966439,5.060263116003728,5.150144924807879,4.974531657967139,5.234659106038581,5.255406838636382,5.140043804333549,4.91020557268036,5.407379450870959,167.55337403190737,158.12227897694353,176.4751201361874,136.23561294047389,196.26758165431585
2023-07-08,5.105026740615867,5.061386961925822,5.15126728935478,4.977234293383011,5.236184653846204,5.254115475386929,5.139638799046034,4.907733944011849,5.405730208266153,167.60967132260748,158.13938517727817,176.55643109431207,135.9479840703351,196.44046965155312
2023-07-15,5.106563980244969,5.0619159462364225,5.151646982936634,4.979499055028204,5.236374328006773,5.252533818024597,5.13882499865326,4.908462949158136,5.405040051550852,167.62911406762652,158.17499154022778,176.62205053883707,135.71017442523313,197.04422375572616
2023-07-22,5.107713534224628,5.063484853039435,5.151540449697068,4.979929055976156,5.238740966393548,5.251351670503358,5.138274611174715,4.90863653118905,5.40470058319358,167.70507705407456,158.12056070985062,176.66204319472993,135.0413134905315,197.13571423711164
2023-07-29,5.1084531729497265,5.063904569674983,5.151914971524533,4.979782945993688,5.239815583741074,5.250591341829532,5.1379656349901675,4.908302039378185,5.403676017379457,167.74649223794634,158.17059719477137,176.72561989591918,135.3179613492975,198.06858999704045
2023-08-05,5.10854266217955,5.064555825632683,5.152502851972185,4.979623961958225,5.242841941394145,5.250499364350955,5.1375512220781125,4.908201198443506,5.40124150471289,167.77085900266388,158.164241904989,176.839833852246,135.11840722357243,198.82065519201302
2023-08-12,5.109069172039745,5.063824672325065,5.152874841713754,4.977686613571283,5.246932287136109,5.249958279446435,5.137091003051701,4.907686798497303,5.401310905766097,167.89251043696396,158.1272964915257,176.91159730832612,134.89718324460486,199.38070197956847
2023-08-19,5.109050953312143,5.06358273263171,5.15356543735593,4.977823048608195,5.250706966013035,5.249977000906169,5.136998763875905,4.908591048172235,5.401471647339587,167.8851051476057,158.36205696226125,177.00884816786086,134.5274254896236,200.03849839200788
2023-08-26,5.108549749727072,5.062411848708086,5.154340369541591,4.975502981300401,5.2500967146517405,5.250492079833487,5.137123175613558,4.908345536953178,5.400142627035917,167.88891004697325,158.38911661664534,177.0741025883854,134.70147354535305,200.93107555482777
2023-09-02,5.107801811866116,5.060723871288648,5.154738741069547,4.973903738583401,5.251503055927396,5.25126091182489,5.137340738741811,4.906852940972352,5.399888535493529,167.99418762484407,158.4605511004422,177.1382479164623,134.49617227086497,201.86117017949974
2023-09-09,5.107226563333059,5.059267813362864,5.154794310524751,4.971078344720898,5.252666728703473,5.251852383884016,5.137043067181037,4.905588346801842,5.398567610288344,168.0773791506276,158.41334801225537,177.26168583956792,134.65479077611207,202.78261969976433
2023-09-16,5.106699918709476,5.057029322862874,5.154364728032276,4.9692762416091085,5.253977354965434,5.2523939978226055,5.136761623254923,4.904434048745685,5.39741268814633,168.04049563185532,158.42616442557224,177.4099638002579,134.40997475475336,203.25997211101725
2023-09-23,5.105151890501849,5.054482957380481,5.154055306862384,4.966211846923455,5.255099926831363,5.2539866737185825,5.13641197872675,4.903826475472087,5.395880607997229,168.08562763259053,158.42544577199985,177.5146934555468,134.29584163674062,203.84303380741696
2023-09-30,5.104249383926563,5.0519691753532685,5.1540818794082295,4.962618173592338,5.255087538811813,5.254915656485862,5.136269440006062,4.904207191242337,5.394954865234311,168.01921105268843,158.50458410993895,177.62545963064508,134.60763319092206,204.6263258800822
2023-10-07,5.1030050211334,5.049704368784067,5.1540102932911624,4.958123078260849,5.256272579245932,5.256197062129923,5.1362729739437185,4.904774696811536,5.394520628972614,168.17794654855072,158.57475556442898,177.70622635278522,134.3294491928693,205.7156843781515
2023-10-14,5.101510486510961,5.047430313967335,5.153430652288662,4.9503051955301345,5.258345008024993,5.257736913983123,5.1354841928371044,4.904602850268966,5.395867384958521,168.21916197442823,158.6946455774623,177.83782710862937,134.4104328132379,206.6855358654431
2023-10-21,5.099915166580317,5.044779189398215,5.153116247695251,4.944867382661507,5.260328419960813,5.259381602453628,5.134913542431791,4.904489802745139,5.396227083798228,168.40317350248284,158.7180405152815,177.91972324847103,134.7496836436074,206.57576756856164
2023-10-28,5.098761392168575,5.042006872692512,5.1526014575681565,4.9394529386294135,5.258525069896069,5.260571722624023,5.135187518326433,4.904178459831974,5.396636415580797,168.4112163607721,158.85038648973142,177.9933220735327,134.8246277308064,207.21988190681904
2023-11-04,5.096797147838792,5.039932426788061,5.151050176481799,4.935915612425748,5.260399360676215,5.26259908385331,5.135046070809578,4.904276809135512,5.396253679226996,168.42351341146394,158.9385000029119,178.1296598595075,134.4691496473548,207.63640869076735
2023-11-11,5.095206611255716,5.037840159423964,5.150524741595518,4.932185128227597,5.261888669571734,5.2642418741429715,5.134788505268503,4.903931933274775,5.397200260260705,168.5524014192835,159.04592106148633,178.3830895919836,133.9756889336181,208.23691804577382
2023-11-18,5.09280417120639,5.036245917848978,5.14926927668863,4.929418404844339,5.2644171987359805,5.266725187072151,5.135122769750442,4.904314026907828,5.398083579135175,168.73218610633086,159.07853371705312,178.6058002398318,134.38426888767503,209.57306545629302
2023-11-25,5.090731583770268,5.034925244645182,5.148953149028539,4.924813926086889,5.26395766077618,5.268869426628539,5.135273940134137,4.905676193920089,5.397996916456093,168.79120507090562,159.25620823285078,178.8622260343894,134.45852241865478,210.8151092833759
2023-12-02,5.088109404242789,5.032500552866027,5.148103051834215,4.921372487113927,5.263953785506863,5.271584761477476,5.134780778452254,4.905192846283275,5.397854843526142,169.1010139239225,159.36888241780844,178.99616369748395,134.83990540840549,212.09785696094474
2023-12-09,5.0866549754268995,5.030652854882317,5.1468063194186815,4.9169118764245185,5.262837330487007,5.273092067749009,5.134783576405276,4.9065025262618756,5.397673583766754,169.1929453149096,159.45781109735742,179.15906589795338,134.94449796479145,213.00089978312997
2023-12-16,5.084912860547269,5.029065473009065,5.144968665787488,4.913370961751017,5.260552206977949,5.274898653265126,5.134809743605546,4.906779781176268,5.396842313759778,169.23572543206973,159.52935855672496,179.44172941863218,134.94640286683085,213.7646121839621
2023-12-23,5.083178691457153,5.02790618025688,5.144134991332124,4.911753530778515,5.258743233394653,5.276698230872709,5.134717683610235,4.9082376660689,5.397227037433324,169.4655488206472,159.62554440031673,179.58182528514723,135.0696207485147,214.39551889443564
2023-12-30,5.081996635375482,5.02635141449289,5.143548244038363,4.908617749417566,5.259094769395045,5.277925572270902,5.134353604380939,4.9088246887613325,5.397121916421064,169.58432706311856,159.7973010663099,179.69721489364872,135.21533338561977,214.99901786444084
2024-01-06,5.081852905563432,5.025561842540187,5.1425369160540715,4.907585667254887,5.257142564744834,5.278074847649201,5.13423609961125,4.908397152650412,5.396783460694096,169.6462750421283,159.89487975081403,179.73480497314318,135.43213197132977,215.48449598513147
2024-01-13,5.081245727852417,5.025108518060881,5.141188210311197,4.9056304391118575,5.257078416190927,5.278705545181941,5.134129583830427,4.908944232007233,5.396282999597597,169.7418112949507,160.03398393460904,180.09199560834952,135.90299640825737,216.2024143659529
2024-01-20,5.080903991887934,5.024509384554719,5.14077473934578,4.904618411004802,5.256854710297436,5.279060585207706,5.134348400284758,4.910051809464592,5.396002854421277,169.86631994351933,160.13011306948675,180.26182114043502,136.3773334252665,216.99141308403168
2024-01-27,5.081520748390061,5.023337109875039,5.141026031166555,4.904514492943534,5.257404623738779,5.278419852681914,5.134754119796965,4.911773558845178,5.39529242967042,170.0655437747963,160.24496476830328,180.41810813052135,136.82972484250655,217.44474676618265
2024-02-03,5.081290303301081,5.023216534602565,5.1407380510433995,4.905064706390118,5.258239587870912,5.278659237905672,5.135161368013077,4.912302226375008,5.395607141012053,170.11903649537464,160.42299986528886,180.5996343815108,136.67796661192563,217.66210226670754
2024-02-10,5.0812024856941465,5.024364449097424,5.141317009583056,4.905111023580724,5.257843575957016,5.278750469022628,5.135463278661659,4.91226397149893,5.395009506111744,170.25434495797725,160.50595222382876,180.80645237733242,137.19272568623092,218.0013019219735
2024-02-17,5.08141653375241,5.024736191247769,5.141933978334065,4.908630361693406,5.259304222842407,5.2785281076404615,5.136040622204106,4.913465789163658,5.395637358270193,170.41759873932335,160.5782272119952,180.9253842672797,137.48201995821626,218.88466148442146
2024-02-24,5.082213115679826,5.026405264598907,5.142199616031898,4.910150430925413,5.258117498749907,5.277700755689864,5.135795857237634,4.913108898384425,5.394618327020089,170.52192265628238,160.73941763701794,181.0606012454051,137.71072946409913,218.8149977058482
2024-03-02,5.084022660807346,5.028545170077448,5.143012508828356,4.911537752084978,5.2577875278005965,5.275822274911411,5.136003989723105,4.912325646379342,5.3947452687954405,170.5910236851053,160.8390443108737,181.2219195735584,137.4729488183198,219.1759004101749
2024-03-09,5.085961952528217,5.030538039771983,5.144856420656702,4.916452349523824,5.257436359368433,5.273810589023888,5.136464485555029,4.912382464909012,5.3947782850125385,170.70918810248162,160.9248204661688,181.31987991705546,137.46402615048294,219.3411223775727
2024-03-16,5.088469397478097,5.032968375922673,5.1462127507292585,4.922003299155059,5.258174930984453,5.271211813424171,5.136561149567047,4.912375023876812,5.394316846797036,170.71125372593684,160.98140689565804,181.38935208470699,137.8755277234663,219.2946241399544
2024-03-23,5.090381846572566,5.035881801367456,5.147351224158191,4.926072149039716,5.2586104589522416,5.26923142673299,5.137495065661556,4.913012796404336,5.393843617571085,170.78084598014652,161.11457976848516,181.71591696889772,137.92807226811962,219.76320296504804
2024-03-30,5.093423884838321,5.0389873294605625,5.148761463372779,4.931657632103791,5.259434662591366,5.2660843877960275,5.137524230141832,4.914524862195857,5.393087138950343,170.82043523561515,161.11747865713923,181.91279407655293,137.94004254058913,219.60182000216705
2024-04-06,5.0966775023468065,5.04284402060688,5.1520094690152725,4.938263802409609,5.260025698408287,5.262722625747483,5.13794127400789,4.9149539993653075,5.394178277598628,170.95255823674708,161.09580175869712,182.08654895681855,137.85668167497727,219.43259607490526
2024-04-13,5.100315058763156,5.0469694239361145,5.154063154912474,4.944567291941008,5.261246907791175,5.258969238846366,5.138486640203665,4.91595716090253,5.3951561318551375,171.10720119993806,161.21023059152117,182.17777410430682,137.73500631240975,219.71981380631047
2024-04-20,5.103499377657794,5.051559163854913,5.156716118238909,4.9504051109519285,5.264726098604457,5.255687914387147,5.138703818286167,4.916914096025824,5.395827119156815,171.2254425513459,161.2901891840629,182.16560327861563,137.4734903022457,220.50990885624847
2024-04-27,5.107403712679565,5.055398010943052,5.160466643551204,4.9565933971070075,5.265185386923948,5.251670224045716,5.139072904292341,4.916979515765294,5.396636317478582,171.2028654466962,161.24735224255784,182.3539755122137,137.69814276387757,221.72031441898
2024-05-04,5.1116564694934095,5.06117354958305,5.163897419310772,4.963538774586151,5.266005869798116,5.247300979665097,5.138998775904076,4.917364468614456,5.395942380479645,171.2710705596405,161.3519672473178,182.439068843251,138.0120871863873,221.70014457107183
2024-05-11,5.116106213654179,5.066611173511784,5.167590404158846,4.970332056468718,5.268805313664283,5.242737128564038,5.138948648220271,4.917387167608831,5.395766664074665,171.290542343852,161.4457734319967,182.5205878744344,138.18950299652397,222.43825126008622
2024-05-18,5.120436571049471,5.071230746621934,5.172637168028451,4.9761771183058965,5.273098935224216,5.238303341534314,5.139370759768688,4.917276124028364,5.396433530340333,171.32647799770848,161.5313169655356,182.51802584120878,138.17500828194662,222.03279837365318
2024-05-25,5.125932099883039,5.076228713117211,5.1767364827205675,4.983969814842363,5.276900267318382,5.232687339178826,5.140064653770468,4.916905269905178,5.394971947945399,171.28690747385008,161.62799782731742,182.45573025535646,138.60548200876272,222.56187546392928
2024-06-01,5.130563654389949,5.081604676779796,5.1809969610601,4.989087956110442,5.281820522357972,5.227963593657872,5.140752941215343,4.916842730481403,5.394787121716001,171.27078774047055,161.6725386249074,182.3940686172843,138.8252656239239,222.8800403824484
2024-06-08,5.135173921005556,5.087049710291471,5.186046273072694,4.994376296983633,5.286598688276464,5.223270022135803,5.141244408839306,4.916981569129076,5.395331286984085,171.23935609157073,161.6494516237496,182.43480587691522,138.7312777199129,222.56050527433382
2024-06-15,5.141607406788898,5.092133159401817,5.191397171707334,4.9991597216548005,5.2921858221678635,5.2167343552124645,5.141782401073229,4.917340526709209,5.396850056538339,171.2959830658782,161.59346466263827,182.48112466983667,138.84479720492888,222.1671869984939
2024-06-22,5.146504932366954,5.098226680809462,5.1968086390622625,5.003518103950833,5.297398610717222,5.211769998396174,5.141843162363584,4.917708470867935,5.398951723409729,171.271971937281,161.6388156393881,182.59774065475597,138.908086017012,222.10371512504852
2024-06-29,5.152087356625535,5.102668358214613,5.202147123473569,5.008752909809548,5.29959897874294,5.206122906015974,5.14277393856667,4.91839281299731,5.39878671428904,171.30810181992388,161.65607622910377,182.4793695284131,139.13619839501726,221.77726547312867
2024-07-06,5.158007374770517,5.108202245813768,5.20746792687359,5.013071020094412,5.3062739820106115,5.20014766386713,5.143365560085653,4.91909985329273,5.3992128327737685,171.2236305040633,161.62099957501772,182.46228209935978,139.09998388847984,221.6147939555072
2024-07-13,5.162637327162058,5.113110766846304,5.212943402778882,5.017241113987349,5.313520291442592,5.195484072215638,5.144077793427428,4.92013472578598,5.399658012675374,171.198250106385,161.55267314263352,182.44172773708507,139.1725282178228,221.6173125846535
2024-07-20,5.167878413845998,5.1176518983102,5.218271036466337,5.021129142059895,5.319663298443122,5.190214988059481,5.14454958312597,4.919801496260896,5.401248332650465,171.17464896501124,161.6360417242696,182.3130394131769,139.17861574308816,221.63302823944332
2024-07-27,5.172657907089453,5.122456961523309,5.223997707736509,5.026459405489262,5.3269304292555555,5.185419272299438,5.145465644667244,4.919645362851435,5.403977635383692,171.2152582065687,161.6386492498924,182.30263051467492,139.13253950339606,222.11938414062334
2024-08-03,5.178133866228519,5.127544341822919,5.2305517804669,5.030152789347982,5.334921504461297,5.179935608724026,5.146413896213684,4.922172256143546,5.404177572835865,171.25035708005714,161.54215137295358,182.28029011629224,138.58749398979273,222.57459637399378
2024-08-10,5.182654037559601,5.131020860746787,5.236719956198639,5.034091324441943,5.339891096093311,5.1754178086452365,5.147056945844163,4.922100788276881,5.405788254122417,171.23164952634244,161.45616886988546,182.16500385080275,138.24911585470727,221.58082706308258
2024-08-17,5.187072410919736,5.135124302924778,5.2429929075467685,5.035982479236741,5.347132036936729,5.171009362339737,5.148045368290111,4.923569534325661,5.407410238711054,171.19401938723624,161.34619821745082,182.13608911451877,138.1198211148139,222.09629594711444
2024-08-24,5.191808204919359,5.138834405801135,5.247622648387077,5.037076555229306,5.354305226445393,5.166292540371576,5.149164340457924,4.926048463861655,5.410471898018395,171.13163739942678,161.2629211162032,182.168017936898,137.81305658473119,222.11957129188846
2024-08-31,5.19567525028442,5.14265911482187,5.252176832123681,5.039374955044877,5.360832472222138,5.162447363994502,5.150733432804878,4.927339868176798,5.411225484149951,171.1383690832442,161.07677167634242,182.2559213808159,137.58375602375781,223.84949731363122
2024-09-07,5.199713448518975,5.145801230495934,5.257340343713095,5.040233434243377,5.369331787115072,5.158438109115648,5.150980436705177,4.927791241886736,5.413181068470761,171.12515396704873,161.04301522637877,182.3402124453342,137.38285823281808,223.12627344384623
2024-09-14,5.203609254737146,5.14822778589587,5.261354938911772,5.042855358229836,5.375311246279172,5.154576119598927,5.151591582938913,4.926191053885029,5.412902563427844,171.12157090282585,161.00165843992147,182.09372734576203,137.1847588646354,223.5505113537378
2024-09-21,5.207007695648567,5.149928249888439,5.265354982361923,5.043620393981739,5.383250158663726,5.151211899002739,5.152785944856273,4.925154658670365,5.415767736142887,171.0988114108358,161.03471421293978,182.1357362853003,137.19030032958892,224.16493099939862
2024-09-28,5.210021137400435,5.151124736561661,5.268964622020259,5.043641730219029,5.390078850226759,5.148232472979159,5.15412552099028,4.9242405877191135,5.41564253862965,171.1452653298016,160.97390784750922,182.0942102767599,136.9069224333389,224.5114450487071
2024-10-05,5.213057663312142,5.153349301755404,5.27272320585773,5.044238405699374,5.396314401968641,5.1452337059062145,5.1553797910672765,4.923606206491149,5.417877111880814,171.02977683760616,160.91300900586856,182.01467861815306,137.03174214674615,224.70999920473236
2024-10-12,5.215794624399841,5.154024535280696,5.275465646106197,5.043615206664124,5.401330786911846,5.142533771401727,5.1564853495511525,4.923372052462268,5.419729971379925,171.0151342835584,160.74747044903603,181.97968167042825,136.84901296256186,224.87887086746937
2024-10-19,5.218863523633719,5.15525096596271,5.278320237451546,5.0442017749177674,5.404990899500104,5.139509757026461,5.157744174986034,4.922826701413815,5.421476811960621,171.00946251045184,160.67294223157802,181.89657179024846,136.49080796001365,224.3000960131911
2024-10-26,5.220600457618806,5.156090010787272,5.28160766197878,5.0447405594813395,5.408273996652428,5.137799803866136,5.158802885372007,4.9227496946192835,5.423761451581236,171.09775097027514,160.58824783763137,181.84089163936835,136.2893324616964,224.80674215477723
2024-11-02,5.221272918014729,5.156115980163995,5.28404715278388,5.043014460372404,5.411780024430543,5.137138092796128,5.15912053435752,4.921978638871056,5.42556350725339,170.99946309449737,160.45652936104014,181.83303221965883,136.3153931110419,224.56722159589165
2024-11-09,5.221623899290931,5.157071576409983,5.285479005253981,5.0432652779781355,5.415655919622851,5.136792790852157,5.160663212103863,4.921312044273616,5.426478683225204,170.98824661462817,160.38838733195465,181.7341860495745,136.42366684296016,224.4800277721337
2024-11-16,5.222537536886913,5.157640971953092,5.287200855398162,5.044881223687328,5.418507709702056,5.135894153242216,5.16174715539791,4.921477559924312,5.42781546972151,170.8723475538094,160.3318357500537,181.7751688343737,136.3012236701951,224.41517959125096
2024-11-23,5.222325240184054,5.157062015605507,5.2886101774150065,5.04512418664146,5.417587811623552,5.136102936245912,5.163130150240448,4.921310904049771,5.430965610506577,170.80848147705672,160.2123960485752,181.71920517659595,136.4205778341586,224.44025509685852
2024-11-30,5.222230556733438,5.157268599220401,5.289903695030695,5.045686459930378,5.417633466794722,5.136196058266362,5.164164926726965,4.921986359866974,5.433899585195831,170.80481092417466,160.27821602556736,181.69678428587164,136.16270148850842,224.22939921797212
2024-12-07,5.221363985850235,5.156975674772493,5.2902586660459505,5.04445431483446,5.418159512983265,5.137048494072142,5.1652812225512434,4.923256965913294,5.435788378366646,170.79886607219464,160.28372877267776,181.70854672035443,135.7851838640099,224.23752316407413
2024-12-14,5.220463560455423,5.156871914846855,5.289787758714581,5.044360635390635,5.419301000179142,5.137934532061943,5.166658074351368,4.923931048355396,5.437287870706568,170.83709450333333,160.20006275883128,181.5628889909332,135.67723973642515,224.99299324619383
2024-12-21,5.220508891791155,5.15753739517778,5.287970757922379,5.042742022306924,5.420646596563855,5.137889917629124,5.1678146631300965,4.923726424788383,5.438874192212721,170.85584388596493,160.12754739700247,181.4255695926218,135.5855382499145,225.7519661576563
2024-12-28,5.219479346898964,5.156181675887792,5.287048610753209,5.042866289284598,5.419922265429039,5.138903369039141,5.16909793532543,4.924686797815108,5.441102801014803,170.77981092692653,160.1264891434255,181.47197504828586,135.84376404331096,226.1487548564936
2025-01-04,5.218405388949593,5.155214084284586,5.285658447701115,5.042424127233228,5.417447305609656,5.139960965361702,5.169889098221844,4.9254256841006825,5.443892272604782,170.78751463684597,159.99464576650664,181.30563310832576,135.06772853723592,225.69886905178615
2025-01-11,5.2169540841105295,5.153989049549046,5.284351880844561,5.041696609407497,5.416509907406202,5.14139085197688,5.170510506461124,4.925223033858865,5.4454453711753885,170.8026611981417,159.93354997240144,181.446968730827,134.77027754096628,227.24607685899502
2025-01-18,5.215477039833324,5.153588180438799,5.283673617815866,5.040111604744079,5.416349821616135,5.14284691412624,5.171671253320823,4.925531474531776,5.447433226214115,170.8387755018174,159.9068819483188,181.50644355671642,134.73226817820992,227.63561806011015
2025-01-25,5.21374835332486,5.152686673629156,5.281367481520434,5.037840914843852,5.414736422125741,5.14455209234369,5.172801006921871,4.925927940205487,5.4499668562558075,170.79994335761575,160.00311951143038,181.40457697414595,134.12580302301112,227.71933550278678
2025-02-01,5.212323077239525,5.151314283926112,5.279895308320164,5.037451766010629,5.411987770271333,5.145958836882064,5.1739232499547825,4.926943461801813,5.451176064445881,170.67963904566744,160.08233043802568,181.26481166022012,133.9433824900149,228.09710061351433
2025-02-08,5.21098726896332,5.149522495953875,5.27753252440114,5.035497522869818,5.41023052499632,5.147277975530162,5.174855718656019,4.925441247389337,5.453643864943621,170.63014000252065,160.09531793450722,181.2820084100374,134.10366955936718,228.19837706377953
2025-02-15,5.210106398998602,5.147871433809039,5.275702602980251,5.032874409396185,5.405528133777659,5.1481482231395645,5.176306766574515,4.925885276680092,5.455141608332578,170.649479790792,160.19742458670177,181.3525841507044,134.57310434891573,227.92113039140878
2025-02-22,5.20883166068128,5.145440896798676,5.273714709086736,5.032139432180206,5.403544388472568,5.149408110578451,5.177528839455708,4.925118045203087,5.456812725723555,170.6545134946289,160.1787332477739,181.36091922419342,134.32817255781595,228.19273408939603
2025-03-01,5.206608910296152,5.144399894036647,5.270831442954297,5.030297987117925,5.400140849501009,5.151606442169314,5.179466585582829,4.925434761024517,5.458485777355666,170.73364727178608,160.40538470041588,181.3821299357655,134.38244825045717,229.17781640553667
2025-03-08,5.204396245838977,5.142511270994122,5.268340331192743,5.028635250201749,5.396124021127573,5.153796662353739,5.180683072917821,4.925310515452804,5.461398743722286,170.74104254095917,160.3787493885593,181.43450889585873,134.41035519889445,229.42544951309821
2025-03-15,5.202698154773879,5.14149412680424,5.265905863282109,5.025513730044461,5.394393765074994,5.155478792405299,5.181781927647194,4.9255547201555565,5.462200464578792,170.64423230736577,160.28832085627192,181.3619192851554,134.31467472526757,230.00900482666438
2025-03-22,5.201370822972169,5.14087526853281,5.263121075316925,5.0242804498455405,5.392924451267684,5.156794413030678,5.183406387205517,4.925058787072813,5.46397770684062,170.6491894344529,160.3091701506611,181.5279761091859,134.3174579030961,230.95650410276173
2025-03-29,5.200011080565765,5.140081408261244,5.261960872031592,5.025364164527186,5.3896320644911,5.158142854798319,5.184198919757819,4.925230106911428,5.464709986766493,170.65189087996146,160.27906778015264,181.4878797019026,134.6184229599437,230.65735364025616
2025-04-05,5.1988298751162265,5.139719279942779,5.259763982957801,5.025536125404935,5.387541780154719,5.159314815895089,5.185907144733998,4.925035543640991,5.466958062999083,170.5846406252221,160.33965339547746,181.48970924750873,134.55715588062475,231.491610799151
2025-04-12,5.19709563100783,5.138184436104778,5.258183075122011,5.021563295883908,5.38535464068704,5.161036452740373,5.187802381848684,4.92447415740932,5.469351048396889,170.5189804388063,160.41762094253983,181.5592955758195,134.72415288059153,232.08743677531712
2025-04-19,5.19537509957105,5.13761741722096,5.25638191748181,5.022652968679844,5.380335022176764,5.162745612394643,5.188505560645351,4.925264409062723,5.470940245297415,170.54226521645265,160.39622709356345,181.46414984224276,134.70897981669444,231.4692742453508
2025-04-26,5.195245024913387,5.13760763534667,5.255423246929978,5.02224937762402,5.377117997012391,5.162874873366984,5.189477481240656,4.924658640801564,5.473037340660268,170.4628964887425,160.5035242848055,181.48069814846744,134.60734774425154,231.2579380046098
2025-05-03,5.1946601024147805,5.137607274142825,5.25457809193744,5.02265419391901,5.375644921933246,5.1634562168229134,5.19065522128889,4.924907719878473,5.4740229759783885,170.46603131859055,160.46802043787307,181.58019992878013,134.44835350432328,230.98296866136533
2025-05-10,5.194458655169656,5.137583084193183,5.2528211200735235,5.022622042087495,5.372982338482261,5.163656462112255,5.192037872126711,4.9243298139037694,5.4778640135962835,170.40792522307265,160.41790947947155,181.40164796126763,134.27988582781012,230.38866511841263
2025-05-17,5.194529651365717,5.136632192489199,5.252575242101619,5.022027188238514,5.371990428811002,5.163585887561386,5.193401800383089,4.92414283849672,5.482542276835317,170.41480640107585,160.44403881063647,181.46494768970865,134.9580618220284,230.7591609313825
2025-05-24,5.195144140297106,5.135920814939822,5.253026172685411,5.021863428570475,5.370273994450767,5.162975131324471,5.194636086962622,4.922749645697801,5.482100546695018,170.48645107778702,160.5114863898657,181.47766798921492,135.47837935658322,230.38050899178046
2025-05-31,5.194882533676109,5.137573266252848,5.253565857598053,5.0230050941682665,5.3707931854619035,5.163235131281282,5.196091251222031,4.92289475449231,5.483778738382248,170.52044252558113,160.5534942195028,181.50307858743312,135.61778967460103,230.40150903782785
2025-06-07,5.195458775835851,5.137948594646269,5.254065979771176,5.024991170232002,5.370174381896805,5.162662463844975,5.197605894799571,4.922629244809523,5.486250000715032,170.51549475151802,160.5344350786677,181.536097047962,135.52115188934965,230.03432236996997
2025-06-14,5.196231667115747,5.139190324835572,5.254590898910843,5.02646664544555,5.36828058906246,5.161894564814318,5.1991694351700914,4.922983721407623,5.490386440599731,170.43809858089213,160.53905038038263,181.56543299406533,135.4077856893719,229.6861795676257
2025-06-21,5.1969487736299875,5.140899695018688,5.254502168700229,5.026777110630968,5.366384728761527,5.161182295463782,5.200605930223476,4.920951473819738,5.494101456297862,170.44243141256945,160.50961864263095,181.49063481250994,135.85044720837317,229.37037960955996
2025-06-28,5.197597907109067,5.141881659224023,5.256076320856377,5.027045796969911,5.367324845031604,5.160537710428943,5.20210939026684,4.921102558144807,5.496177475551983,170.45067370420463,160.52229300613484,181.425308698409,135.96229407399076,229.49573374090429
2025-07-05,5.199927259099539,5.143674266879467,5.2579323552822235,5.028957747610949,5.369698606335301,5.1582260027600935,5.203125815301201,4.9197283196361665,5.4988672124801035,170.3988359135538,160.5064327592711,181.47127250245407,135.8240427871555,229.25087702386162
2025-07-12,5.201079020133138,5.144066754443294,5.259299613159611,5.030804269706698,5.371924294776386,5.157083731916642,5.204529756776171,4.919704143262638,5.501626700536067,170.42094070314272,160.50054906761187,181.4468725709564,135.67641827921625,229.62082798790496
2025-07-19,5.202944038689971,5.145960782814498,5.260722982114129,5.030782185058449,5.373979913212804,5.155235151785706,5.205535472095669,4.919051686795344,5.504772754633214,170.3953072998611,160.46927404966354,181.53554451021583,135.60206855734373,230.10970268718478
2025-07-26,5.205178447198846,5.1470317349752905,5.263319137900166,5.031370582366302,5.376469538683855,5.153022182110359,5.206563236775054,4.921065841683159,5.508532495406683,170.36478034342372,160.4939705216228,181.45943097946991,135.37953643591905,230.61331049331574
2025-08-02,5.20774153749294,5.147986475880872,5.265632970263606,5.033151067177246,5.381219114070332,5.150486023605,5.208290930410053,4.920892446523132,5.511100744405532,170.28656434763832,160.38827560488286,181.5349624619398,135.57682690922564,229.92246514456298
2025-08-09,5.210290329430158,5.149497883279096,5.267346584584127,5.033945475002542,5.383965089168553,5.14796648635579,5.209343669428925,4.919123185812716,5.51295006768831,170.26800898569564,160.32199437782853,181.47614750853757,135.67549011176402,229.90127468752513
2025-08-16,5.212678656031791,5.151464339638886,5.269936188503245,5.036893630755253,5.386440891201325,5.145607809498966,5.2101933655371635,4.917376036468484,5.515001273191776,170.204788453676,160.2094553481652,181.32806766385386,135.62313753497475,229.24060766611638
2025-08-23,5.214656547084575,5.153600811336754,5.2716335199776765,5.0390400909111435,5.390220325759223,5.143656108267066,5.211902443529485,4.915862840398661,5.518660474462287,170.17357031689414,160.12402748078944,181.4668767626635,136.12880204573307,229.90744539734567
2025-08-30,5.216968617763735,5.155057302828104,5.274795283467698,5.039761871773152,5.396186603234327,5.141376528979908,5.213106225996549,4.914512472103728,5.5200602574512825,170.27873617772144,160.05579311642285,181.4561170309037,135.54097124500632,229.38229205541802
2025-09-06,5.219888069027398,5.156109808110868,5.27841857169851,5.040590489096643,5.403016564302923,5.138500989143662,5.214469736999952,4.912714555094557,5.523096252582956,170.30658883243018,160.0017371730102,181.46629485535982,135.4129998756866,229.26484496247696
2025-09-13,5.221708127412666,5.158304022028472,5.281713131827779,5.040102314237961,5.404687407599491,5.136709932484032,5.215615076996162,4.911782221174407,5.527892097208266,170.35287863436264,159.99472494788927,181.43947638671892,135.7128040937167,228.8649793958088
2025-09-20,5.224119914759926,5.160639046963926,5.2854185795725295,5.03997142569823,5.411170210336006,5.134338499138604,5.217117195766932,4.9130793300182996,5.533290705041079,170.25741109547658,159.9101278813148,181.47631106456114,135.49598578630557,229.11091320676937
2025-09-27,5.225944658129397,5.161608492333332,5.289981512684108,5.039144329986434,5.417495305929585,5.132545741430116,5.218308703632758,4.910328106233811,5.536092778590413,170.26709539979547,159.91705460178102,181.4705523399126,135.85591711920645,228.57504432964478
2025-10-04,5.228105171607879,5.162845786921491,5.294550719126977,5.03984185939249,5.4241483935111825,5.130424717863448,5.220231435465395,4.907281490786997,5.540467424181274,170.2236302516597,159.82558521247293,181.4160670270947,135.61992154291858,229.54246340925465
2025-10-11,5.230690783772381,5.163106820467904,5.299232418163715,5.038700482781596,5.428678978853481,5.127888668848048,5.221317881112011,4.905179800602732,5.54331798962961,170.19758573410556,159.70916788371855,181.29535779074916,134.59429895972764,228.98437756491893
2025-10-18,5.232648046147862,5.1640797792330995,5.302610757390059,5.036162180478548,5.43623474667697,5.125970591666286,5.222269718417478,4.904182556236254,5.547329581462613,170.11323835297134,159.64095833612242,181.04983104324765,134.39879993507813,228.67411010355013
2025-10-25,5.234234583123602,5.16520239334665,5.306452429359699,5.034303753733268,5.444028897535554,5.124416870859907,5.223335813209616,4.901490891215323,5.552680086585191,170.0297692497367,159.61443036687277,180.9869871514495,134.0853940552668,229.05974345030086
2025-11-01,5.2373225598683115,5.166521936261612,5.309849479191221,5.03269747323075,5.4532840232776705,5.121395464021033,5.2242094452250765,4.900885738490934,5.553821309871781,169.877794194126,159.69092117123816,180.86678409369767,133.16750951223955,229.40529297627603
2025-11-08,5.239347653083778,5.167962559036032,5.314194626645579,5.031963385259462,5.461690569948019,5.119415960974813,5.22469208341455,4.899994553292177,5.557312402558142,169.81721261167215,159.6034837814047,180.73809010463106,133.02243988053522,229.13746384447666
2025-11-15,5.2407359321869365,5.167311688855488,5.317822517896915,5.029026017058563,5.469738483960416,5.118059822025808,5.226153789533543,4.8999731910536255,5.560050017813059,169.74928654621618,159.56867183459738,180.72325766578413,132.6517585437151,228.66446156364444
2025-11-22,5.243153625234697,5.16778410345241,5.321271258098513,5.026304341012614,5.477657732593234,5.1156998100407165,5.2272794031628775,4.89838264054973,5.563352487937231,169.7261449328982,159.61108151275198,180.56099506329247,132.84365936067445,228.4213296679217
2025-11-29,5.245164521020503,5.167636081049136,5.324302205237176,5.019968987830109,5.48619094301119,5.113738548049666,5.228401004233492,4.8990015479055184,5.566159709278741,169.71049565016216,159.56557443975515,180.64354694391417,132.67298444083698,229.1858772647277
2025-12-06,5.2470497197801915,5.166976544517293,5.327816655203657,5.016891880459838,5.494487229253945,5.1119012459836775,5.230155974005184,4.900096254778872,5.570906718934328,169.5979738330089,159.5409571126718,180.56383918461654,132.1361711540633,229.14951214130681
2025-12-13,5.2486067860818455,5.166843372001334,5.330549001616101,5.013695602801651,5.503727689404235,5.1103847369569175,5.231499918914318,4.899881788171032,5.574158661864902,169.5963182406755,159.59282654832603,180.63501952175494,131.78887153582338,227.98909744941008
2025-12-20,5.249655020052624,5.1662103424203085,5.334622886601036,5.008327467270364,5.514036816854085,5.109364310422432,5.233497807458242,4.899341152748515,5.577964272904392,169.6069511939765,159.5436383653102,180.53247170464203,131.23144037040015,227.64803094651296
2025-12-27,5.2508337828150635,5.164947811281571,5.33727592825379,5.004678156581736,5.521060308673538,5.108217305950419,5.235130488804058,4.897266969660499,5.584548485944122,169.54676438418767,159.4872856757762,180.5198918781156,131.08236388349664,228.37168785916745
2026-01-03,5.251468137507311,5.163037620290774,5.341877901494836,4.999191237636134,5.5283514074201685,5.107600255836441,5.236431053484914,4.896291202392026,5.58813479678234,169.40000046113676,159.42275484546659,180.57551493798587,131.25943478088993,227.92896997005062
2026-01-10,5.252978428664244,5.162393475389528,5.346676296078645,4.992687326103259,5.536674611289987,5.106131764385189,5.237760830305888,4.896648193073355,5.5941235709312584,169.4439356216443,159.37102081214132,180.43441225556157,130.87015561256428,228.50608184034505
2026-01-17,5.253519767466631,5.161197382436338,5.349330849938259,4.987639419819227,5.548199766295727,5.105605614374278,5.239128165019231,4.8968467947481695,5.598917854700447,169.3719374258854,159.3249715921799,180.31744914141478,130.82277068433052,228.1844817098571
2026-01-24,5.253126207921698,5.160064926979317,5.352167204386646,4.983982954738026,5.548698187538454,5.105988119218972,5.240166953150724,4.894782960607406,5.605294918411715,169.29844067978377,159.36415431883367,180.26793357175978,130.82998960395383,228.1297791742744
2026-01-31,5.254487873906536,5.158158491141473,5.354716191816919,4.979723461472291,5.555476981809308,5.104664935262611,5.241415944253889,4.892913107712529,5.609968649130651,169.21915891251535,159.398319392607,180.45543825495236,131.03472385989642,228.056267531369
2026-02-07,5.253789661434931,5.1560658202876315,5.357695384266494,4.974576643177916,5.562815435100343,5.105343329618897,5.243407337867268,4.8906156224606665,5.614515880866632,169.27140657253332,159.44582384312042,180.36992101242225,130.88460604864116,227.93308858043008
2026-02-14,5.254547590492367,5.155276597244692,5.358870080692634,4.967343805336443,5.567789957570756,5.1046069221818,5.2449515151456225,4.886701545095612,5.617550690854336,169.21616869499235,159.3940036121013,180.38813299247886,130.74997736213987,228.35474857263813
2026-02-21,5.255045333526093,5.153905470971529,5.36168427715704,4.960453964116579,5.575480717050454,5.104123427651514,5.246122183591888,4.88471676828512,5.625095662234875,169.16674612406462,159.31783135716552,180.30368833215437,130.65500894918472,228.39923867705824
2026-02-28,5.254707274644835,5.152439717790962,5.362547512684733,4.955888469328855,5.579674184271188,5.104451798770021,5.247076480063294,4.880709370260776,5.630397929667681,169.233741479564,159.39145071060582,180.44034710940423,130.61160103303692,228.55055489876838
2026-03-07,5.254869131885005,5.149971167219245,5.364516063757998,4.949310511182014,5.586144065143664,5.104294574737958,5.248251684475202,4.876713624623585,5.635892101685017,169.26001732019853,159.38862890431312,180.44055868290502,130.60823296908976,228.48617920446299
2026-03-14,5.254920146439422,5.146943820780579,5.3654994363896025,4.946181920906289,5.590398085834813,5.1042450222922096,5.250228373788399,4.873559601076481,5.641117836152897,169.3859834002381,159.37361692579125,180.37573117900743,130.45441628385817,228.25545624158354
2026-03-21,5.254817153752908,5.1451590490459775,5.367689204227549,4.943452408644564,5.596836045585853,5.104345063830365,5.252080099175613,4.870427600737584,5.6475279751345075,169.44022715929324,159.38774812916958,180.33365741665918,130.23612978835664,228.74568178689393
2026-03-28,5.25512019882154,5.143093606819253,5.368597884058666,4.93821000874913,5.601727455105756,5.104050713956351,5.253805863149041,4.8676250679269035,5.654215048683993,169.39506140114378,159.44766933244722,180.16438479131742,129.92834787011802,228.94359040373482
2026-04-04,5.254463988611992,5.139751425672891,5.370179734205757,4.937492366930795,5.6026260123710205,5.104688139702452,5.2549086844927855,4.8663318541433,5.660606792488356,169.37540750606456,159.40948989473134,180.19506959583003,130.40451672516468,228.3799635336688
2026-04-11,5.255038935321369,5.139230019707387,5.371021816633526,4.928671562927079,5.608455978565877,5.1041296420690285,5.256100936627098,4.86404901790072,5.668093626468073,169.4301647902911,159.4073122648081,180.11607803956878,130.17707283371556,229.29951879572533
2026-04-18,5.255749639644083,5.1367171118426525,5.3715398039092905,4.920254106367832,5.611949030172898,5.103439441170947,5.2577480042562215,4.859881028628305,5.677019370946943,169.51420803030018,159.38641425030863,180.1197069192615,129.61696586650353,230.35323277222759
2026-04-25,5.254549334643863,5.1334375011456554,5.373911997397934,4.911447152669075,5.616215577574445,5.104605227397498,5.258698700322116,4.858439888910623,5.682778368888918,169.64385876987032,159.39285322850876,180.08289371820874,129.6846044059524,230.46084798296687
2026-04-30,5.254954656299287,5.131146400130562,5.37600786007583,4.908069180667429,5.622490372850831,5.104211502164153,5.259712958066077,4.858697863330125,5.686400761332936,169.66579716905431,159.35880548147315,180.1167701153233,129.88811797133738,230.84766258947147
