date,year,month,day_of_year,dow,miles,minutes,pace_sec_per_mi,temp_c,sleep_cycles,weather,conditions,wind,time_of_day,shoes,location,weight_lbs,surface,partners,workout_raw,run_type,recovery_pace_sec_per_mi,quality_distance_m,quality_pace_sec_per_mi,quality_segment_type,num_races,schema_year_era,source_file
2016-01-01,2016,1,1,5,5.1,35.0,411.764705882353,4.0,0.0,clear,,,,,education hill,,Unknown,solo,rec@6:50,recovery,410.0,,,,0,2016,Running_Log_2016.xlsx
2016-01-02,2016,1,2,6,10.3,80.0,466.0194174757281,0.0,8.666666666666666,clear,,,,,education hill,,Unknown,solo,rec@7:46 long,long,466.0,,,,0,2016,Running_Log_2016.xlsx
2016-01-04,2016,1,4,1,6.0,39.0,390.0,2.0,5.333333333333333,overcast,,,,,education hill,,Unknown,varsity,"12j, 7x800t/30s@2:53, 6j",tempo,,,,,0,2016,Running_Log_2016.xlsx
2016-01-05,2016,1,5,2,6.3,48.0,457.14285714285717,5.0,4.666666666666667,drizzle,,,,,education hill,,Unknown,varsity,rec@7:42/3x100st,recovery,462.0,,,,0,2016,Running_Log_2016.xlsx
2016-01-06,2016,1,6,3,6.3,54.0,514.2857142857143,10.0,5.333333333333333,clear,,,,,powerline west,,Unknown,solo,"15j, 23hc-8x pwr1, 16j",hill_cont,,,,,0,2016,Running_Log_2016.xlsx
2016-01-07,2016,1,7,4,6.3,49.0,466.6666666666667,5.0,4.0,overcast,,,,,education hill,,Unknown,varsity,rec@7:47,recovery,467.0,,,,0,2016,Running_Log_2016.xlsx
2016-01-08,2016,1,8,5,5.2,39.0,450.0,6.0,5.333333333333333,clear,,,,,education hill,,Unknown,varsity,rec@7:30/2x100st prerace,recovery,450.0,,,,0,2016,Running_Log_2016.xlsx
2016-01-09,2016,1,9,6,5.5,41.0,447.27272727272725,0.0,4.0,foggy,,,,,,,Unknown,varsity,"9j, 4rec/t, 3200r@11:02, 17j [New Balance Winter Grand Prix]",race,,,,,1,2016,Running_Log_2016.xlsx
2016-01-11,2016,1,11,1,6.4,42.0,393.75,6.0,4.0,clouds,,,,,education hill,,Unknown,varsity,"11j, 7x800t/30s@2:56, 10j",tempo,,,,,0,2016,Running_Log_2016.xlsx
2016-01-12,2016,1,12,2,6.2,49.0,474.19354838709677,8.0,5.333333333333333,drizzle,,,,,education hill,,Unknown,varsity,rec@7:54/4x100st,recovery,474.0,,,,0,2016,Running_Log_2016.xlsx
2016-01-13,2016,1,13,3,6.4,46.0,431.25,7.0,4.666666666666667,drizzle,,,,,powerline east,,Unknown,varsity,"16j, 1hr-10x pwr2/7x10sp, 5j",hill_rep,,,,,0,2016,Running_Log_2016.xlsx
2016-01-14,2016,1,14,4,6.1,46.0,452.45901639344265,6.0,4.666666666666667,clouds,,,,,education hill,,Unknown,varsity,rec@7:32/5x100st,recovery,452.0,,,,0,2016,Running_Log_2016.xlsx
2016-01-15,2016,1,15,5,9.4,72.0,459.5744680851064,8.0,5.333333333333333,drizzle,,,,,education hill,,Unknown,varsity,rec@7:40 long,long,460.0,,,,0,2016,Running_Log_2016.xlsx
2016-01-16,2016,1,16,6,9.0,66.0,440.0,8.0,5.333333333333333,showers,,,,,education hill,,Unknown,Andrey,rec@7:20 long,long,440.0,,,,0,2016,Running_Log_2016.xlsx
2016-01-18,2016,1,18,1,6.0,43.0,430.0,6.0,5.333333333333333,clouds,,,,,education hill,,Unknown,solo,rec@7:10,recovery,430.0,,,,0,2016,Running_Log_2016.xlsx
2016-01-19,2016,1,19,2,7.1,49.0,414.08450704225356,7.0,5.333333333333333,drizzle,,,,,education hill,,Unknown,varsity,"17j, 6x1000t/40s@3:43, 10j",tempo,,,,,0,2016,Running_Log_2016.xlsx
2016-01-20,2016,1,20,3,4.3,37.0,516.2790697674419,10.0,5.333333333333333,clouds,,,,,education hill,,Unknown,Alex,rec@8:36,recovery,516.0,,,,0,2016,Running_Log_2016.xlsx
2016-01-21,2016,1,21,4,10.0,73.0,438.0,8.0,4.666666666666667,showers,,,,,education hill,,Unknown,solo,rec@7:18 long,long,438.0,,,,0,2016,Running_Log_2016.xlsx
2016-01-22,2016,1,22,5,4.5,35.0,466.6666666666667,11.0,4.666666666666667,clouds,,,,,education hill,,Unknown,Alex,rec@7:47 prerace,recovery,467.0,,,,0,2016,Running_Log_2016.xlsx
2016-01-23,2016,1,23,6,4.3,32.0,446.51162790697674,7.0,4.666666666666667,drizzle,,,,,,,Unknown,varsity,"10j, 4rec/t, 3000r@11:47, 6j [New Balance Winter Grand Prix]",race,,,,,1,2016,Running_Log_2016.xlsx
2016-01-25,2016,1,25,1,7.6,49.0,386.8421052631579,10.0,4.666666666666667,clouds,,,,,education hill,,Unknown,varsity,"15j, 6x1000t/40s@3:42, 12j",tempo,,,,,0,2016,Running_Log_2016.xlsx
2016-01-26,2016,1,26,2,6.1,45.0,442.62295081967216,11.0,4.666666666666667,overcast,,,,,education hill,,Unknown,varsity,rec@7:23,recovery,443.0,,,,0,2016,Running_Log_2016.xlsx
2016-01-27,2016,1,27,3,5.3,35.0,396.22641509433964,11.0,4.666666666666667,showers,,,,,everest,,Unknown,Andrey,"17j, 1hr-10x evst/4x10sp, 7j",hill_rep,,,,,0,2016,Running_Log_2016.xlsx
2016-01-28,2016,1,28,4,6.5,48.0,443.0769230769231,9.0,4.666666666666667,overcast,,,,,education hill,,Unknown,varsity,rec@7:23/6x100st,recovery,443.0,,,,0,2016,Running_Log_2016.xlsx
2016-01-29,2016,1,29,5,8.1,65.0,481.4814814814815,9.0,5.333333333333333,clouds,,,,,education hill,,Unknown,varsity,rec@8:01 long,long,481.0,,,,0,2016,Running_Log_2016.xlsx
2016-01-30,2016,1,30,6,5.3,44.0,498.11320754716985,4.0,6.0,overcast,,,,,education hill,,Unknown,varsity,rec@8:18,recovery,498.0,,,,0,2016,Running_Log_2016.xlsx
2016-02-01,2016,2,32,1,7.9,55.0,417.72151898734177,7.0,4.666666666666667,clouds,,,,,education hill,,Unknown,varsity,"14j, 5x1200t/50s@4:27, 15j",tempo,,,,,0,2016,Running_Log_2016.xlsx
2016-02-02,2016,2,33,2,6.2,46.0,445.1612903225806,10.0,4.666666666666667,clouds,,,,,education hill,,Unknown,varsity,rec@7:46/6x100st,recovery,466.0,,,,0,2016,Running_Log_2016.xlsx
2016-02-03,2016,2,34,3,6.1,41.0,403.27868852459017,8.0,5.333333333333333,showers,,,,,everest,,Unknown,"Sean, Alex","15j, 1:15hr-9x evst/6x10sp, 14j",hill_rep,,,,,0,2016,Running_Log_2016.xlsx
2016-02-04,2016,2,35,4,9.8,74.0,453.0612244897959,8.0,5.333333333333333,drizzle,,,,,education hill,,Unknown,solo,rec@7:33 long,long,453.0,,,,0,2016,Running_Log_2016.xlsx
2016-02-05,2016,2,36,5,3.8,29.0,457.89473684210526,6.0,6.0,clouds,,,,,education hill,,Unknown,solo,rec@7:38 prerace,recovery,458.0,,,,0,2016,Running_Log_2016.xlsx
2016-02-06,2016,2,37,6,5.5,37.0,403.6363636363636,6.0,4.666666666666667,overcast,,,,,,,Unknown,varsity,"11j, 5rec/t, 3218r@10:35, 10j [New Balance Winter Grand Prix]",race,,,,,1,2016,Running_Log_2016.xlsx
2016-02-08,2016,2,39,1,7.6,54.0,426.3157894736842,15.0,5.333333333333333,clear,,,,,education hill,,Unknown,varsity,"15j, 5x1200t/45s@4:23, 13j",tempo,,,,,0,2016,Running_Log_2016.xlsx
2016-02-09,2016,2,40,2,6.8,49.0,432.3529411764706,15.0,4.666666666666667,clear,,,,,education hill,,Unknown,varsity,rec@7:12/6x100st,recovery,432.0,,,,0,2016,Running_Log_2016.xlsx
2016-02-10,2016,2,41,3,6.7,38.0,340.29850746268653,12.0,4.666666666666667,clouds,,,,,powerline east,,Unknown,friends,"12j, 1:15hr-9x pwr2/9x10sp, 13j",hill_rep,,,,,0,2016,Running_Log_2016.xlsx
2016-02-11,2016,2,42,4,6.2,43.0,416.1290322580645,8.0,6.666666666666667,clouds,,,,,education hill,,Unknown,solo,rec@6:56,recovery,416.0,,,,0,2016,Running_Log_2016.xlsx
2016-02-12,2016,2,43,5,10.0,70.0,420.0,10.0,5.333333333333333,showers,,,,,education hill,,Unknown,solo,rec@7:00 long,long,420.0,,,,0,2016,Running_Log_2016.xlsx
2016-02-13,2016,2,44,6,6.1,43.0,422.95081967213116,9.0,0.6666666666666666,clouds,,,,,education hill,,Unknown,solo,rec@7:03,recovery,423.0,,,,0,2016,Running_Log_2016.xlsx
2016-02-15,2016,2,46,1,6.5,42.0,387.6923076923077,11.0,6.0,drizzle,,,,,,,Unknown,Andrey,"12j, 5000r@17:24, 13j [Time trial]",race,,,,,1,2016,Running_Log_2016.xlsx
2016-02-16,2016,2,47,2,7.1,47.0,397.1830985915493,13.0,4.666666666666667,clouds,,,,,education hill,,Unknown,solo,rec@6:37,recovery,397.0,,,,0,2016,Running_Log_2016.xlsx
2016-02-17,2016,2,48,3,6.0,41.0,410.0,15.0,4.0,drizzle,,,,,everest,,Unknown,friends,"13j, 1:30hr-9x evst/8x10sp, 12j",hill_rep,,,,,0,2016,Running_Log_2016.xlsx
2016-02-18,2016,2,49,4,10.0,68.0,408.0,10.0,4.666666666666667,clouds,,,,,education hill,,Unknown,solo,rec@6:48 long,long,408.0,,,,0,2016,Running_Log_2016.xlsx
2016-02-19,2016,2,50,5,4.3,30.0,418.60465116279073,8.0,5.333333333333333,clouds,,,,,education hill,,Unknown,solo,rec@6:59 prerace,recovery,419.0,,,,0,2016,Running_Log_2016.xlsx
2016-02-20,2016,2,51,6,5.1,35.0,411.764705882353,4.0,5.333333333333333,clouds,,,,,,,Unknown,varsity,"13j, 3rec/t, 3200r@10:49, 8j [New Balance Winter Grand Prix]",race,,,,,1,2016,Running_Log_2016.xlsx
2016-02-22,2016,2,53,1,8.1,56.0,414.81481481481484,8.0,5.333333333333333,clear,,,,,education hill,,Unknown,varsity,"17j, 4x1600t/60s@5:52, 15j",tempo,,,,,0,2016,Running_Log_2016.xlsx
2016-02-23,2016,2,54,2,6.7,48.0,429.8507462686567,13.0,5.333333333333333,clear,,,,,education hill,,Unknown,varsity,rec@7:25/6x100st,recovery,445.0,,,,0,2016,Running_Log_2016.xlsx
2016-02-24,2016,2,55,3,6.1,42.0,413.11475409836066,16.0,4.666666666666667,clouds,,,,,everest,,Unknown,friends,"17j, 1:30hr-9x evst/8x10sp, 7j",hill_rep,,,,,0,2016,Running_Log_2016.xlsx
2016-02-25,2016,2,56,4,6.8,50.0,441.1764705882353,16.0,5.333333333333333,clear,,,,,education hill,,Unknown,varsity,rec@7:40/6x100st,recovery,460.0,,,,0,2016,Running_Log_2016.xlsx
2016-02-26,2016,2,57,5,10.0,81.0,486.0,10.0,5.333333333333333,drizzle,,,,,education hill,,Unknown,Andrey,rec@8:06 long,long,486.0,,,,0,2016,Running_Log_2016.xlsx
2016-02-27,2016,2,58,6,6.2,42.0,406.4516129032258,9.0,6.0,clouds,,,,,education hill,,Unknown,solo,rec@6:46,recovery,406.0,,,,0,2016,Running_Log_2016.xlsx
2016-02-29,2016,2,60,1,6.6,50.0,454.54545454545456,12.0,4.666666666666667,clouds,,,,,education hill,,Unknown,varsity,rec@7:46/400r@62 [Redmond time trial],recovery,466.0,,,,1,2016,Running_Log_2016.xlsx
2016-03-01,2016,3,61,2,6.8,50.0,441.1764705882353,10.0,4.666666666666667,showers,,,,,,,Unknown,varsity,"15j, 400t, 1600r@4:57, 25j [Redmond time trial]",race,,,,,1,2016,Running_Log_2016.xlsx
2016-03-02,2016,3,62,3,6.6,50.0,454.54545454545456,12.0,3.3333333333333335,clouds,,,,,education hill,,Unknown,varsity,rec@7:50/6x10sp,recovery,470.0,,,,0,2016,Running_Log_2016.xlsx
2016-03-03,2016,3,63,4,7.7,52.0,405.1948051948052,14.0,4.666666666666667,overcast,,,,,education hill,,Unknown,varsity,"15j, 5000i@5:16, 15j",interval,,5000.0,316.0,interval,0,2016,Running_Log_2016.xlsx
2016-03-04,2016,3,64,5,7.0,50.0,428.57142857142856,13.0,4.0,drizzle,,,,,education hill,,Unknown,varsity,rec@7:31/6x10sp,recovery,451.0,,,,0,2016,Running_Log_2016.xlsx
2016-03-05,2016,3,65,6,8.7,60.0,413.7931034482759,10.0,6.0,clouds,,,,,education hill,,Unknown,solo,"15j, 29t@6:53, 16j",tempo,,29.0,413.0,tempo,0,2016,Running_Log_2016.xlsx
2016-03-07,2016,3,67,1,9.5,74.0,467.36842105263156,10.0,5.333333333333333,clouds,,,,,education hill,,Unknown,varsity,rec@7:47 long,long,467.0,,,,0,2016,Running_Log_2016.xlsx
2016-03-08,2016,3,68,2,7.8,60.0,461.53846153846155,11.0,4.666666666666667,clouds,,,,,education hill,,Unknown,varsity,"16j, 3200rep@4:48, 15j",rep,,3200.0,288.0,rep,0,2016,Running_Log_2016.xlsx
2016-03-09,2016,3,69,3,6.7,50.0,447.76119402985074,7.0,4.666666666666667,drizzle,,,,,education hill,,Unknown,varsity,rec@7:38/6x10sp,recovery,458.0,,,,0,2016,Running_Log_2016.xlsx
2016-03-10,2016,3,70,4,8.0,55.0,412.5,10.0,4.666666666666667,showers,,,,,education hill,,Unknown,varsity,"15j, 5000i@5:08, 20j",interval,,5000.0,308.0,interval,0,2016,Running_Log_2016.xlsx
2016-03-11,2016,3,71,5,6.4,50.0,468.75,11.0,5.333333333333333,overcast,,,,,education hill,,Unknown,varsity,rec@8:12/6x10sp,recovery,492.0,,,,0,2016,Running_Log_2016.xlsx
2016-03-12,2016,3,72,6,8.2,57.0,417.07317073170736,6.0,6.0,drizzle,,,,,education hill,,Unknown,solo,"15j, 29t@6:02, 13j",tempo,,29.0,362.0,tempo,0,2016,Running_Log_2016.xlsx
2016-03-14,2016,3,74,1,10.0,73.0,438.0,9.0,4.666666666666667,overcast,,,,,education hill,,Unknown,varsity,rec@7:20 long,long,440.0,,,,0,2016,Running_Log_2016.xlsx
2016-03-15,2016,3,75,2,7.7,57.0,444.15584415584414,10.0,5.333333333333333,clouds,,,,,education hill,,Unknown,varsity,"15j, 3200rep@4:41, 15j",rep,,3200.0,281.0,rep,0,2016,Running_Log_2016.xlsx
2016-03-16,2016,3,76,3,4.6,35.0,456.5217391304348,9.0,4.666666666666667,clouds,,,,,education hill,,Unknown,varsity,rec@7:59/4x100st,recovery,479.0,,,,0,2016,Running_Log_2016.xlsx
2016-03-17,2016,3,77,4,5.6,38.0,407.14285714285717,14.0,5.333333333333333,clear,,,,,,,Unknown,varsity,"15j, 5rec/t, 3200r@10:13.1, 6j [Issaquah @ Redmond]",race,,,,,1,2016,Running_Log_2016.xlsx
2016-03-18,2016,3,78,5,6.3,49.0,466.6666666666667,16.0,3.3333333333333335,clouds,,,,,education hill,,Unknown,varsity,rec@7:55,recovery,475.0,,,,0,2016,Running_Log_2016.xlsx
2016-03-19,2016,3,79,6,7.5,49.0,392.0,10.0,5.333333333333333,overcast,,,,,education hill,,Unknown,varsity,"15j, 1600t@5:33, 1600i@5:10, 1200rep@4:37, 400sp@4:20, 15j",tempo,,1600.0,333.0,tempo,0,2016,Running_Log_2016.xlsx
2016-03-21,2016,3,81,1,10.0,66.0,396.0,9.0,4.666666666666667,drizzle,,,,,education hill,,Unknown,solo,rec@6:38 long,long,398.0,,,,0,2016,Running_Log_2016.xlsx
2016-03-22,2016,3,82,2,7.3,52.0,427.3972602739726,14.0,4.666666666666667,clouds,,,,,education hill,,Unknown,varsity,"15j, 4200i@5:07, 300sp@4:26, 20j",interval,,4200.0,307.0,interval,0,2016,Running_Log_2016.xlsx
2016-03-23,2016,3,83,3,4.7,35.0,446.80851063829783,10.0,4.0,overcast,,,,,education hill,,Unknown,varsity,rec@7:40/6x100st,recovery,460.0,,,,0,2016,Running_Log_2016.xlsx
2016-03-24,2016,3,84,4,4.9,32.0,391.83673469387753,11.0,4.666666666666667,overcast,,,,,,,Unknown,varsity,"11j, 5rec/t, 1600r@4:52.94, 11j [Redmond @ Mount Si]",race,,,,,1,2016,Running_Log_2016.xlsx
2016-03-25,2016,3,85,5,5.6,43.0,460.7142857142857,11.0,3.3333333333333335,clouds,,,,,education hill,,Unknown,varsity,rec@7:40,recovery,460.0,,,,0,2016,Running_Log_2016.xlsx
2016-03-26,2016,3,86,6,4.9,32.0,391.83673469387753,14.0,6.0,clouds,,,,,education hill,,Unknown,Andrey,"15j, 3300rep@4:42, 7j",rep,,3300.0,282.0,rep,0,2016,Running_Log_2016.xlsx
2016-03-28,2016,3,88,1,7.6,60.0,473.68421052631584,10.0,4.666666666666667,clouds,,,,,education hill,,Unknown,varsity,rec@7:54 long,long,474.0,,,,0,2016,Running_Log_2016.xlsx
2016-03-29,2016,3,89,2,7.2,48.0,400.0,17.0,4.666666666666667,clear,,,,,education hill,,Unknown,varsity,"15j, 4200i@5:01, 200sp@4:01, 15j",interval,,4200.0,301.0,interval,0,2016,Running_Log_2016.xlsx
2016-03-30,2016,3,90,3,4.7,35.0,446.80851063829783,20.0,5.333333333333333,clouds,,,,,education hill,,Unknown,varsity,rec@7:12/4x100st,recovery,432.0,,,,0,2016,Running_Log_2016.xlsx
2016-03-31,2016,3,91,4,4.0,26.0,390.0,20.0,5.333333333333333,clear,,,,,,,Unknown,varsity,"11j, 5rec/t, 800r@2:11.9, 7j, 400r@59.3 [Inglemoor @ Redmond]",race,,,,,2,2016,Running_Log_2016.xlsx
2016-04-01,2016,4,92,5,5.0,36.0,432.0,23.0,4.666666666666667,clear,,,,,education hill,,Unknown,solo,rec@7:12,recovery,432.0,,,,0,2016,Running_Log_2016.xlsx
2016-04-02,2016,4,93,6,14.4,122.0,508.3333333333333,11.0,4.666666666666667,overcast,,,,,,,Unknown,,"9j, 1t, 21098r@1:51:32 [Deception Pass Half Marathon]",race,,,,,1,2016,Running_Log_2016.xlsx
2016-04-04,2016,4,95,1,6.0,44.0,440.0,8.0,5.333333333333333,clouds,,,,,education hill,,Unknown,solo,rec@7:20,recovery,440.0,,,,0,2016,Running_Log_2016.xlsx
2016-04-05,2016,4,96,2,5.9,44.0,447.45762711864404,8.0,6.0,clouds,,,,,education hill,,Unknown,solo,rec@7:27,recovery,447.0,,,,0,2016,Running_Log_2016.xlsx
2016-04-06,2016,4,97,3,6.3,48.0,457.14285714285717,6.0,6.0,clear,,,,,everest,,Unknown,solo,"15j, 2hr-7x evst/8x10sp, 11j",hill_rep,,,,,0,2016,Running_Log_2016.xlsx
2016-04-07,2016,4,98,4,5.9,44.0,447.45762711864404,7.0,5.333333333333333,clouds,,,,,education hill,,Unknown,solo,rec@7:27,recovery,447.0,,,,0,2016,Running_Log_2016.xlsx
2016-04-08,2016,4,99,5,9.2,69.0,450.00000000000006,11.0,5.333333333333333,clouds,,,,,education hill,,Unknown,solo,rec@7:29 long,long,449.0,,,,0,2016,Running_Log_2016.xlsx
2016-04-10,2016,4,101,7,5.8,42.0,434.48275862068965,9.0,4.666666666666667,clouds,,,,,education hill,,Unknown,solo,rec@7:14,recovery,434.0,,,,0,2016,Running_Log_2016.xlsx
2016-04-11,2016,4,102,1,7.6,53.0,418.42105263157896,14.0,4.666666666666667,overcast,,,,,education hill,,Unknown,varsity,"20j, 4800i@5:01, 15j",interval,,4800.0,301.0,interval,0,2016,Running_Log_2016.xlsx
2016-04-12,2016,4,103,2,4.8,35.0,437.5,15.0,5.333333333333333,drizzle,,,,,education hill,,Unknown,varsity,rec@7:33/400st,recovery,453.0,,,,0,2016,Running_Log_2016.xlsx
2016-04-13,2016,4,104,3,4.8,32.0,400.0,15.0,4.666666666666667,clouds,,,,,,,Unknown,varsity,"12j, 5rec/t, 1600r@4:48.47, 10j [Redmond @ Eastlake]",race,,,,,1,2016,Running_Log_2016.xlsx
2016-04-14,2016,4,105,4,7.4,58.0,470.27027027027026,15.0,4.666666666666667,clouds,,,,,education hill,,Unknown,varsity,rec@7:50 long,long,470.0,,,,0,2016,Running_Log_2016.xlsx
2016-04-15,2016,4,106,5,4.5,35.0,466.6666666666667,13.0,5.333333333333333,clouds,,,,,education hill,,Unknown,varsity,rec@8:05/400st,recovery,485.0,,,,0,2016,Running_Log_2016.xlsx
2016-04-16,2016,4,107,6,4.8,30.0,375.0,20.0,5.333333333333333,clear,,,,,,,Unknown,varsity,"10j, 5rec/t, 3200r@10:11.77, 5j [Tacoma Invitational]",race,,,,,1,2016,Running_Log_2016.xlsx
2016-04-18,2016,4,109,1,7.2,58.0,483.3333333333333,32.0,4.666666666666667,clear,,,,,education hill,,Unknown,varsity,rec@8:03 long,long,483.0,,,,0,2016,Running_Log_2016.xlsx
2016-04-19,2016,4,110,2,6.5,43.0,396.9230769230769,29.0,5.333333333333333,clear,,,,,education hill,,Unknown,varsity,"15j, 4000i@5:01, 15j",interval,,4000.0,301.0,interval,0,2016,Running_Log_2016.xlsx
2016-04-20,2016,4,111,3,4.4,31.0,422.7272727272727,26.0,4.666666666666667,clear,,,,,education hill,,Unknown,solo,rec@7:02,recovery,422.0,,,,0,2016,Running_Log_2016.xlsx
2016-04-21,2016,4,112,4,4.1,28.0,409.75609756097566,22.0,4.666666666666667,clouds,,,,,,,Unknown,varsity,"12j, 5rec/t, 1600r@4:42.75, 6j [Bothell @ Redmond]",race,,,,,1,2016,Running_Log_2016.xlsx
2016-04-22,2016,4,113,5,6.4,48.0,450.0,13.0,2.6666666666666665,overcast,,,,,education hill,,Unknown,varsity,rec@7:30,recovery,450.0,,,,0,2016,Running_Log_2016.xlsx
2016-04-23,2016,4,114,6,7.3,53.0,435.6164383561644,11.0,4.666666666666667,overcast,,,,,education hill,,Unknown,Eric,"15j, 3200rep@4:40, 12j",rep,,3200.0,280.0,rep,0,2016,Running_Log_2016.xlsx
2016-04-25,2016,4,116,1,8.2,59.0,431.70731707317077,13.0,4.666666666666667,clouds,,,,,education hill,,Unknown,varsity,rec@7:12 long,long,432.0,,,,0,2016,Running_Log_2016.xlsx
2016-04-26,2016,4,117,2,5.9,42.0,427.1186440677966,15.0,4.666666666666667,clear,,,,,education hill,,Unknown,varsity,"15j, 1600rep@4:28/1200sp@4:10, 15j",rep,,1600.0,268.0,rep,0,2016,Running_Log_2016.xlsx
2016-04-27,2016,4,118,3,4.8,35.0,437.5,13.0,4.666666666666667,overcast,,,,,education hill,,Unknown,varsity,rec@7:33/4x100st,recovery,453.0,,,,0,2016,Running_Log_2016.xlsx
2016-04-28,2016,4,119,4,5.4,35.0,388.88888888888886,15.0,5.333333333333333,overcast,,,,,,,Unknown,varsity,"11j, 5rec/t, 3200r@10:08.93, 5j [Skyline & Redmond @ Inglemoor]",race,,,,,1,2016,Running_Log_2016.xlsx
2016-04-29,2016,4,120,5,4.5,33.0,440.0,13.0,4.666666666666667,clouds,,,,,education hill,,Unknown,varsity,rec@7:19,recovery,439.0,,,,0,2016,Running_Log_2016.xlsx
2016-04-30,2016,4,121,6,4.5,31.0,413.3333333333333,16.0,5.333333333333333,clear,,,,,,,Unknown,varsity,"12j, 5rec/t, 1600r@4:51.2, 9j [Shoreline Invitational]",race,,,,,1,2016,Running_Log_2016.xlsx
2016-05-02,2016,5,123,1,8.5,62.0,437.6470588235294,30.0,5.333333333333333,clear,,,,,education hill,,Unknown,varsity,rec@7:17 long,long,437.0,,,,0,2016,Running_Log_2016.xlsx
2016-05-03,2016,5,124,2,5.9,40.0,406.77966101694915,24.0,5.333333333333333,clouds,,,,,education hill,,Unknown,varsity,"15j, 7x400f@4:48, 200sp, 12j",fartlek,,400.0,288.0,fartlek,0,2016,Running_Log_2016.xlsx
2016-05-04,2016,5,125,3,4.8,35.0,437.5,13.0,4.666666666666667,clouds,,,,,education hill,,Unknown,varsity,rec@7:33/4x100st,recovery,453.0,,,,0,2016,Running_Log_2016.xlsx
2016-05-05,2016,5,126,4,5.0,32.0,384.0,17.0,4.666666666666667,clouds,,,,,,,Unknown,varsity,"9j, 5rec/t, 3200r@10:05.78, 6j [Newport & Redmond @ Woodinville]",race,,,,,1,2016,Running_Log_2016.xlsx
2016-05-06,2016,5,127,5,5.2,39.0,450.0,24.0,4.666666666666667,clear,,,,,education hill,,Unknown,varsity,rec@7:29,recovery,449.0,,,,0,2016,Running_Log_2016.xlsx
2016-05-07,2016,5,128,6,6.3,43.0,409.5238095238095,12.0,5.333333333333333,clear,,,,,education hill,,Unknown,solo,"15j, 3200f@5:35, 17j",fartlek,,3200.0,335.0,fartlek,0,2016,Running_Log_2016.xlsx
2016-05-09,2016,5,130,1,6.4,44.0,412.5,19.0,5.333333333333333,clear,,,,,education hill,,Unknown,varsity,"15j, 4x800i@5:04, 15j",interval,,800.0,304.0,interval,0,2016,Running_Log_2016.xlsx
2016-05-10,2016,5,131,2,4.5,34.0,453.3333333333333,23.0,5.333333333333333,clear,,,,,education hill,,Unknown,varsity,rec@7:51/4x100st,recovery,471.0,,,,0,2016,Running_Log_2016.xlsx
2016-05-11,2016,5,132,3,4.1,30.0,439.0243902439025,27.0,4.666666666666667,clear,,,,,education hill,,Unknown,Alex,rec@7:19,recovery,439.0,,,,0,2016,Running_Log_2016.xlsx
2016-05-12,2016,5,133,4,4.9,32.0,391.83673469387753,25.0,4.666666666666667,clear,,,,,,,Unknown,varsity,"9j, 4rec/t, 1600r@4:40.54, 10j [JV KingCo 4A]",race,,,,,1,2016,Running_Log_2016.xlsx
2016-05-13,2016,5,134,5,1.0,7.0,420.0,27.0,4.666666666666667,clear,,,,,education hill,,Unknown,varsity,7j,recovery,,,,,0,2016,Running_Log_2016.xlsx
2016-05-14,2016,5,135,6,5.6,38.0,407.14285714285717,14.0,4.666666666666667,clouds,,,,,,,Unknown,Alex,"11j, 5000r@18:07, 9j [Redmond Color Run]",race,,,,,1,2016,Running_Log_2016.xlsx
2016-05-16,2016,5,137,1,5.8,44.0,455.1724137931035,9.0,5.333333333333333,overcast,,,,,education hill,,Unknown,solo,rec@7:35,recovery,455.0,,,,0,2016,Running_Log_2016.xlsx
2016-05-17,2016,5,138,2,6.0,43.0,430.0,8.0,5.333333333333333,clouds,,,,,education hill,,Unknown,solo,rec@7:10,recovery,430.0,,,,0,2016,Running_Log_2016.xlsx
2016-05-18,2016,5,139,3,6.0,44.0,440.0,10.0,4.666666666666667,clouds,,,,,education hill,,Unknown,solo,rec@7:20,recovery,440.0,,,,0,2016,Running_Log_2016.xlsx
2016-05-19,2016,5,140,4,5.9,43.0,437.2881355932203,8.0,4.666666666666667,clouds,,,,,education hill,,Unknown,solo,rec@7:17,recovery,437.0,,,,0,2016,Running_Log_2016.xlsx
2016-05-20,2016,5,141,5,6.0,42.0,420.0,9.0,4.666666666666667,clouds,,,,,education hill,,Unknown,solo,rec@7:00,recovery,420.0,,,,0,2016,Running_Log_2016.xlsx
2016-05-21,2016,5,142,6,10.0,68.0,408.0,11.0,4.0,drizzle,,,,,education hill,,Unknown,solo,rec@6:50 long,long,410.0,,,,0,2016,Running_Log_2016.xlsx
2016-05-23,2016,5,144,1,6.4,44.0,412.5,16.0,5.333333333333333,clouds,,,,,education hill,,Unknown,solo,rec@6:53,recovery,413.0,,,,0,2016,Running_Log_2016.xlsx
2016-05-24,2016,5,145,2,4.8,39.0,487.5,19.0,5.333333333333333,clouds,,,,,education hill,,Unknown,varsity,rec@8:08,recovery,488.0,,,,0,2016,Running_Log_2016.xlsx
2016-05-25,2016,5,146,3,6.6,47.0,427.2727272727273,18.0,5.333333333333333,clouds,,,,,everest,,Unknown,Alex,"16j, 2hr-7x evst/8x10sp, 9j",hill_rep,,,,,0,2016,Running_Log_2016.xlsx
2016-05-26,2016,5,147,4,5.4,41.0,455.55555555555554,15.0,4.666666666666667,clouds,,,,,education hill,,Unknown,varsity,rec@7:36,recovery,456.0,,,,0,2016,Running_Log_2016.xlsx
2016-05-27,2016,5,148,5,6.0,42.0,420.0,18.0,5.333333333333333,clouds,,,,,education hill,,Unknown,varsity,rec@7:00,recovery,420.0,,,,0,2016,Running_Log_2016.xlsx
2016-05-28,2016,5,149,6,11.9,83.0,418.48739495798316,10.0,4.666666666666667,overcast,,,,,education hill,,Unknown,solo,rec@6:58 long,long,418.0,,,,0,2016,Running_Log_2016.xlsx
2016-05-30,2016,5,151,1,6.5,46.0,424.61538461538464,12.0,6.0,clear,,,,,education hill,,Unknown,Andrey,"17j, 5000t@18:43, 10j",tempo,,5000.0,1123.0,tempo,0,2016,Running_Log_2016.xlsx
2016-05-31,2016,5,152,2,4.7,33.0,421.27659574468083,14.0,5.333333333333333,clear,,,,,education hill,,Unknown,solo,rec@7:01,recovery,421.0,,,,0,2016,Running_Log_2016.xlsx
2016-06-01,2016,6,153,3,5.0,38.0,456.0,15.0,5.333333333333333,clear,,,,,powerline east,,Unknown,Alex,"12j, 1:30hr-9x pwr2/5x10sp, 12j",hill_rep,,,,,0,2016,Running_Log_2016.xlsx
2016-06-02,2016,6,154,4,5.6,42.0,450.00000000000006,15.0,6.0,clouds,,,,,education hill,,Unknown,solo,rec@7:30,recovery,450.0,,,,0,2016,Running_Log_2016.xlsx
2016-06-03,2016,6,155,5,5.7,36.0,378.9473684210526,16.0,5.333333333333333,clear,,,,,education hill,,Unknown,solo,"14j, 3200rep@4:32, 13j",rep,,3200.0,272.0,rep,0,2016,Running_Log_2016.xlsx
2016-06-05,2016,6,157,7,10.5,78.0,445.7142857142857,15.0,0.0,clear,,,,,education hill,,Unknown,solo,rec@7:26 long,long,446.0,,,,0,2016,Running_Log_2016.xlsx
2016-06-06,2016,6,158,1,5.9,42.0,427.1186440677966,29.0,4.666666666666667,clear,,,,,education hill,,Unknown,varsity,rec@7:07,recovery,427.0,,,,0,2016,Running_Log_2016.xlsx
2016-06-07,2016,6,159,2,6.1,45.0,442.62295081967216,28.0,4.666666666666667,clear,,,,,education hill,,Unknown,varsity,rec@7:23,recovery,443.0,,,,0,2016,Running_Log_2016.xlsx
2016-06-08,2016,6,160,3,6.6,50.0,454.54545454545456,18.0,4.666666666666667,clouds,,,,,rollercoaster,,Unknown,Andrey,"24j, 22hc-6x rc/4x10sp, 3j",hill_cont,,,,,0,2016,Running_Log_2016.xlsx
2016-06-09,2016,6,161,4,5.8,43.0,444.82758620689657,16.0,4.666666666666667,drizzle,,,,,education hill,,Unknown,varsity,rec@7:25,recovery,445.0,,,,0,2016,Running_Log_2016.xlsx
2016-06-10,2016,6,162,5,6.4,44.0,412.5,18.0,4.666666666666667,clear,,,,,education hill,,Unknown,varsity,rec@6:53,recovery,413.0,,,,0,2016,Running_Log_2016.xlsx
2016-06-11,2016,6,163,6,8.7,68.0,468.96551724137936,12.0,4.666666666666667,clouds,,,,,education hill,,Unknown,"Nick, Kyle",rec@7:49 long,long,469.0,,,,0,2016,Running_Log_2016.xlsx
2016-06-13,2016,6,165,1,6.4,42.0,393.75,16.0,4.666666666666667,clouds,,,,,education hill,,Unknown,varsity,rec@6:34,recovery,394.0,,,,0,2016,Running_Log_2016.xlsx
2016-06-14,2016,6,166,2,6.4,44.0,412.5,13.0,5.333333333333333,clouds,,,,,education hill,,Unknown,varsity,rec@6:53,recovery,413.0,,,,0,2016,Running_Log_2016.xlsx
2016-06-15,2016,6,167,3,6.1,49.0,481.96721311475414,11.0,4.666666666666667,clouds,,,,,everest,,Unknown,Alex,"16j, 2hr-7x evst/8x10sp, 11j",hill_rep,,,,,0,2016,Running_Log_2016.xlsx
2016-06-16,2016,6,168,4,5.9,42.0,427.1186440677966,14.0,6.0,clear,,,,,education hill,,Unknown,solo,rec@7:07,recovery,427.0,,,,0,2016,Running_Log_2016.xlsx
2016-06-17,2016,6,169,5,9.1,64.0,421.978021978022,12.0,6.0,clouds,,,,,education hill,,Unknown,Alex,"30j, 5000t@16:31, 18j",tempo,,5000.0,991.0,tempo,0,2016,Running_Log_2016.xlsx
2016-06-18,2016,6,170,6,9.5,68.0,429.4736842105263,12.0,5.333333333333333,showers,,,,,education hill,,Unknown,Nick,rec@7:09 long,long,429.0,,,,0,2016,Running_Log_2016.xlsx
2016-06-20,2016,6,172,1,5.7,45.0,473.6842105263158,16.0,6.0,clear,,,,,education hill,,Unknown,varsity,rec@7:53,recovery,473.0,,,,0,2016,Running_Log_2016.xlsx
2016-06-21,2016,6,173,2,6.5,46.0,424.61538461538464,14.0,6.666666666666667,clouds,,,,,education hill,,Unknown,solo,rec@7:04,recovery,424.0,,,,0,2016,Running_Log_2016.xlsx
2016-06-22,2016,6,174,3,7.2,51.0,425.0,14.0,6.0,clouds,,,,,rollercoaster,,Unknown,solo,"15j, 25hc-7x rc/8x10sp, 10j",hill_cont,,,,,0,2016,Running_Log_2016.xlsx
2016-06-23,2016,6,175,4,10.0,69.0,414.0,13.0,6.666666666666667,overcast,,,,,education hill,,Unknown,solo,rec@6:54 long,long,414.0,,,,0,2016,Running_Log_2016.xlsx
2016-06-24,2016,6,176,5,5.3,40.0,452.8301886792453,13.0,3.3333333333333335,overcast,,,,,education hill,,Unknown,solo,rec@7:33,recovery,453.0,,,,0,2016,Running_Log_2016.xlsx
2016-06-25,2016,6,177,6,9.8,74.0,453.0612244897959,15.0,6.0,clouds,,,,,education hill,,Unknown,varsity,rec@7:33 long,long,453.0,,,,0,2016,Running_Log_2016.xlsx
2016-06-27,2016,6,179,1,5.5,45.0,490.90909090909093,18.0,5.333333333333333,clear,,,,,education hill,,Unknown,Alex,rec@8:11,recovery,491.0,,,,0,2016,Running_Log_2016.xlsx
2016-06-28,2016,6,180,2,6.2,44.0,425.80645161290323,16.0,6.0,clear,,,,,education hill,,Unknown,"Alex, Nick",rec@7:06,recovery,426.0,,,,0,2016,Running_Log_2016.xlsx
2016-06-29,2016,6,181,3,6.8,49.0,432.3529411764706,15.0,5.333333333333333,overcast,,,,,powerline west,,Unknown,solo,"12j, 24hc-9x pwr1/6x10sp, 12j",hill_cont,,,,,0,2016,Running_Log_2016.xlsx
2016-06-30,2016,6,182,4,5.9,45.0,457.62711864406776,14.0,6.0,clouds,,,,,education hill,,Unknown,Alex,rec@7:38,recovery,458.0,,,,0,2016,Running_Log_2016.xlsx
2016-07-01,2016,7,183,5,5.9,44.0,447.45762711864404,15.0,6.0,clouds,,,,,education hill,,Unknown,Alex,rec@7:27,recovery,447.0,,,,0,2016,Running_Log_2016.xlsx
2016-07-02,2016,7,184,6,9.9,75.0,454.5454545454545,17.0,5.333333333333333,clouds,,,,,education hill,,Unknown,Alex,rec@7:35 long,long,455.0,,,,0,2016,Running_Log_2016.xlsx
2016-07-03,2016,7,185,7,4.3,28.0,390.69767441860466,18.0,2.6666666666666665,clouds,,,,,education hill,,Unknown,solo,rec@6:31,recovery,391.0,,,,0,2016,Running_Log_2016.xlsx
2016-07-04,2016,7,186,1,6.9,42.0,365.2173913043478,14.0,4.666666666666667,overcast,,,,,,,Unknown,solo,"14j, 5rec/t, 5000r@16:55.3, 7j [Run for the Pies]",race,,,,,1,2016,Running_Log_2016.xlsx
2016-07-05,2016,7,187,2,5.3,42.0,475.47169811320754,13.0,5.333333333333333,clouds,,,,,education hill,,Unknown,Alex,rec@7:55,recovery,475.0,,,,0,2016,Running_Log_2016.xlsx
2016-07-06,2016,7,188,3,6.8,51.0,450.0,16.0,6.0,clouds,,,,,powerline west,,Unknown,Alex,"14j, 24hc-9x pwr1/4x10sp, 13j",hill_cont,,,,,0,2016,Running_Log_2016.xlsx
2016-07-07,2016,7,189,4,6.5,46.0,424.61538461538464,17.0,6.666666666666667,drizzle,,,,,education hill,,Unknown,varsity,rec@7:05,recovery,425.0,,,,0,2016,Running_Log_2016.xlsx
2016-07-08,2016,7,190,5,7.6,50.0,394.7368421052632,22.0,6.0,clear,,,,,,,Unknown,varsity,"12j, 5rec/t, 5000r@17:03, 15j [Redmond Derby Days Dash]",race,,,,,1,2016,Running_Log_2016.xlsx
2016-07-09,2016,7,191,6,9.0,69.0,460.0,16.0,6.0,drizzle,,,,,education hill,,Unknown,varsity,rec@7:40,recovery,460.0,,,,0,2016,Running_Log_2016.xlsx
2016-07-11,2016,7,193,1,8.4,59.0,421.4285714285714,21.0,6.0,clouds,,,,,education hill,,Unknown,varsity,"15j, 6t/1j-4x@6:18, 15j",tempo,,,,,0,2016,Running_Log_2016.xlsx
2016-07-12,2016,7,194,2,5.4,44.0,488.88888888888886,17.0,6.666666666666667,clouds,,,,,education hill,,Unknown,team,rec@8:09,recovery,489.0,,,,0,2016,Running_Log_2016.xlsx
2016-07-13,2016,7,195,3,5.8,45.0,465.51724137931035,17.0,5.333333333333333,clear,,,,,education hill,,Unknown,Alex,rec@7:45,recovery,465.0,,,,0,2016,Running_Log_2016.xlsx
2016-07-14,2016,7,196,4,7.6,49.0,386.8421052631579,23.0,6.0,clear,,,,,powerline east,,Unknown,varsity,"15j, 1hr-10x pwr2/3j/6x10sp, 10j",hill_rep,,,,,0,2016,Running_Log_2016.xlsx
2016-07-15,2016,7,197,5,5.5,43.0,469.09090909090907,16.0,6.0,clouds,,,,,education hill,,Unknown,Alex,rec@7:49,recovery,469.0,,,,0,2016,Running_Log_2016.xlsx
2016-07-16,2016,7,198,6,10.1,74.0,439.6039603960396,18.0,5.333333333333333,overcast,,,,,education hill,,Unknown,varsity,rec@7:20,recovery,440.0,,,,0,2016,Running_Log_2016.xlsx
2016-07-18,2016,7,200,1,11.0,79.0,430.90909090909093,20.0,6.666666666666667,overcast,,,,,education hill,,Unknown,varsity,"rec@7:24 solo; 15j, 12t/2j-2x@6:18, 15j",recovery,444.0,,,,0,2016,Running_Log_2016.xlsx
2016-07-19,2016,7,201,2,5.5,41.0,447.27272727272725,21.0,6.0,clear,,,,,education hill,,Unknown,solo,rec@7:27,recovery,447.0,,,,0,2016,Running_Log_2016.xlsx
2016-07-20,2016,7,202,3,5.7,44.0,463.1578947368421,19.0,6.0,clear,,,,,education hill,,Unknown,Alex,rec@7:43,recovery,463.0,,,,0,2016,Running_Log_2016.xlsx
2016-07-21,2016,7,203,4,6.7,47.0,420.8955223880597,28.0,6.666666666666667,clear,,,,,powerline west,,Unknown,varsity,"15j, 24hc-9x pwr1/6x10sp, 6j",hill_cont,,,,,0,2016,Running_Log_2016.xlsx
2016-07-22,2016,7,204,5,6.0,43.0,430.0,16.0,5.333333333333333,showers,,,,,education hill,,Unknown,solo,rec@7:10,recovery,430.0,,,,0,2016,Running_Log_2016.xlsx
2016-07-24,2016,7,206,7,8.5,60.0,423.52941176470586,27.0,4.666666666666667,clear,,,,,education hill,,Unknown,solo,rec@7:03 long,long,423.0,,,,0,2016,Running_Log_2016.xlsx
2016-07-25,2016,7,207,1,5.4,35.0,388.88888888888886,30.0,4.666666666666667,clear,,,,,education hill,,Unknown,solo,"9j, 4x1200t@6:13, 8j",tempo,,1200.0,373.0,tempo,0,2016,Running_Log_2016.xlsx
2016-07-26,2016,7,208,2,5.5,39.0,425.45454545454544,27.0,4.666666666666667,clear,,,,,education hill,,Unknown,solo,rec@7:05,recovery,425.0,,,,0,2016,Running_Log_2016.xlsx
2016-07-27,2016,7,209,3,5.5,38.0,414.54545454545456,28.0,4.0,clear,,,,,education hill,,Unknown,solo,rec@6:55,recovery,415.0,,,,0,2016,Running_Log_2016.xlsx
2016-07-28,2016,7,210,4,5.9,46.0,467.7966101694915,30.0,5.333333333333333,clear,,,,,everest,,Unknown,varsity,"15j, 1:30hr-8x evst/4x10sp, 10j",hill_rep,,,,,0,2016,Running_Log_2016.xlsx
2016-07-29,2016,7,211,5,6.2,44.0,425.80645161290323,21.0,6.0,clear,,,,,education hill,,Unknown,solo,rec@7:09,recovery,429.0,,,,0,2016,Running_Log_2016.xlsx
2016-07-30,2016,7,212,6,10.4,79.0,455.7692307692308,17.0,6.0,clouds,,,,,education hill,,Unknown,varsity,rec@7:36 long,long,456.0,,,,0,2016,Running_Log_2016.xlsx
2016-08-01,2016,8,214,1,7.1,46.0,388.7323943661972,23.0,6.0,clear,,,,,education hill,,Unknown,varsity,"13j, 25t@6:06, 8j",tempo,,25.0,366.0,tempo,0,2016,Running_Log_2016.xlsx
2016-08-02,2016,8,215,2,6.3,48.0,457.14285714285717,14.0,5.333333333333333,clouds,,,,,education hill,,Unknown,"Andrey, Alex",rec@7:37,recovery,457.0,,,,0,2016,Running_Log_2016.xlsx
2016-08-03,2016,8,216,3,9.9,69.0,418.1818181818182,16.0,5.333333333333333,clouds,,,,,education hill,,Unknown,varsity,rec@7:13 solo; rec@6:32,recovery,433.0,,,,0,2016,Running_Log_2016.xlsx
2016-08-04,2016,8,217,4,13.6,94.0,414.70588235294116,17.0,3.3333333333333335,clear,,,,,education hill,,Unknown,varsity,rec@6:55 long,long,415.0,,,,0,2016,Running_Log_2016.xlsx
2016-08-05,2016,8,218,5,6.4,45.0,421.875,29.0,4.0,clear,,,,,education hill,,Unknown,varsity,rec@7:02,recovery,422.0,,,,0,2016,Running_Log_2016.xlsx
2016-08-07,2016,8,220,7,5.6,42.0,450.00000000000006,15.0,5.333333333333333,clouds,,,,,education hill,,Unknown,solo,rec@7:30,recovery,450.0,,,,0,2016,Running_Log_2016.xlsx
2016-08-08,2016,8,221,1,7.4,50.0,405.40540540540536,20.0,6.0,clouds,,,,,education hill,,Unknown,varsity,"15j, 25t@5:57, 10j",tempo,,25.0,357.0,tempo,0,2016,Running_Log_2016.xlsx
2016-08-09,2016,8,222,2,6.0,43.0,430.0,16.0,6.0,clouds,,,,,education hill,,Unknown,solo,rec@7:12,recovery,432.0,,,,0,2016,Running_Log_2016.xlsx
2016-08-10,2016,8,223,3,6.0,47.0,470.0,16.0,6.0,clouds,,,,,education hill,,Unknown,Alex,rec@7:48,recovery,468.0,,,,0,2016,Running_Log_2016.xlsx
2016-08-11,2016,8,224,4,6.6,48.0,436.3636363636364,16.0,6.0,clouds,,,,,rollercoaster,,Unknown,solo,"14j, 26hc-7x rc/6x10sp, 7j",hill_cont,,,,,0,2016,Running_Log_2016.xlsx
2016-08-12,2016,8,225,5,5.0,37.0,444.0,18.0,6.0,clear,,,,,education hill,,Unknown,solo,rec@7:24,recovery,444.0,,,,0,2016,Running_Log_2016.xlsx
2016-08-14,2016,8,227,7,8.1,60.0,444.44444444444446,32.0,6.666666666666667,clouds,,,,,education hill,,Unknown,solo,rec@7:24 long,long,444.0,,,,0,2016,Running_Log_2016.xlsx
2016-08-15,2016,8,228,1,7.4,52.0,421.6216216216216,27.0,4.666666666666667,clear,,,,,education hill,,Unknown,solo,"15j, 23t@6:23, 14j",tempo,,23.0,383.0,tempo,0,2016,Running_Log_2016.xlsx
2016-08-16,2016,8,229,2,3.5,24.0,411.42857142857144,22.0,3.3333333333333335,inside,,,,,education hill,,Unknown,solo,rec@6:51,recovery,411.0,,,,0,2016,Running_Log_2016.xlsx
2016-08-18,2016,8,231,4,7.8,56.0,430.7692307692308,30.0,4.666666666666667,clear,,,,,powerline east,,Unknown,varsity,"15j, 31hc-3x pwr3/6x10sp, 9j",hill_cont,,,,,0,2016,Running_Log_2016.xlsx
2016-08-19,2016,8,232,5,6.2,48.0,464.51612903225805,23.0,6.0,clear,,,,,education hill,,Unknown,solo,rec@7:45,recovery,465.0,,,,0,2016,Running_Log_2016.xlsx
2016-08-20,2016,8,233,6,11.9,89.0,448.7394957983193,24.0,6.0,clear,,,,,education hill,,Unknown,varsity,rec@7:27 long,long,447.0,,,,0,2016,Running_Log_2016.xlsx
2016-08-21,2016,8,234,7,6.2,42.0,406.4516129032258,17.0,6.0,clouds,,,,,education hill,,Unknown,solo,rec@6:46,recovery,406.0,,,,0,2016,Running_Log_2016.xlsx
2016-08-22,2016,8,235,1,6.8,47.0,414.70588235294116,22.0,6.0,clear,,,,,education hill,,Unknown,varsity,"9j, 11t@5:47, 19j",tempo,,11.0,347.0,tempo,0,2016,Running_Log_2016.xlsx
2016-08-23,2016,8,236,2,7.1,52.0,439.4366197183099,25.0,6.0,clear,,,,,education hill,,Unknown,varsity,rec@7:20,recovery,440.0,,,,0,2016,Running_Log_2016.xlsx
2016-08-24,2016,8,237,3,8.3,59.0,426.5060240963855,28.0,6.0,clear,,,,,farrel-mcwhirter,,Unknown,varsity,"14j, 30hc-10x fm1, 11j",hill_cont,,,,,0,2016,Running_Log_2016.xlsx
2016-08-25,2016,8,238,4,9.1,68.0,448.35164835164835,31.0,5.333333333333333,clear,,,,,education hill,,Unknown,varsity,rec@7:28 long,long,448.0,,,,0,2016,Running_Log_2016.xlsx
2016-08-26,2016,8,239,5,4.8,35.0,437.5,32.0,6.0,clear,,,,,education hill,,Unknown,varsity,"rec@7:18, 2x150st",recovery,438.0,,,,0,2016,Running_Log_2016.xlsx
2016-08-27,2016,8,240,6,6.4,42.0,393.75,16.0,5.333333333333333,overcast,,,,,,,Unknown,varsity,"10j, 5rec/t, 5000r@18:01, 9j [Redmond time trial]",race,,,,,1,2016,Running_Log_2016.xlsx
2016-08-29,2016,8,242,1,7.4,46.0,372.97297297297297,28.0,5.333333333333333,clear,,,,,education hill,,Unknown,varsity,"15j, 6x1000i@5:39, 10j",interval,,1000.0,339.0,interval,0,2016,Running_Log_2016.xlsx
2016-08-30,2016,8,243,2,7.9,55.0,417.72151898734177,21.0,5.333333333333333,clouds,,,,,education hill,,Unknown,varsity,rec@7:13,recovery,433.0,,,,0,2016,Running_Log_2016.xlsx
2016-08-31,2016,8,244,3,7.7,54.0,420.7792207792208,18.0,5.333333333333333,showers,,,,,powerline east,,Unknown,varsity,"15j, 32hc-3x pwr3/4x10sp, 6j",hill_cont,,,,,0,2016,Running_Log_2016.xlsx
2016-09-01,2016,9,245,4,6.9,49.0,426.0869565217391,15.0,5.333333333333333,showers,,,,,education hill,,Unknown,varsity,rec@7:09,recovery,429.0,,,,0,2016,Running_Log_2016.xlsx
2016-09-02,2016,9,246,5,8.5,57.0,402.3529411764706,20.0,5.333333333333333,showers,,,,,education hill,,Unknown,varsity,"15j, 4x1600t@6:00, 14j",tempo,,1600.0,360.0,tempo,0,2016,Running_Log_2016.xlsx
2016-09-03,2016,9,247,6,9.9,79.0,478.78787878787875,12.0,6.0,overcast,,,,,education hill,,Unknown,varsity,rec@7:59 long,long,479.0,,,,0,2016,Running_Log_2016.xlsx
2016-09-05,2016,9,249,1,7.9,51.0,387.34177215189874,17.0,6.0,clear,,,,,education hill,,Unknown,varsity,"15j, 6x1000i@5:25, 15j",interval,,1000.0,325.0,interval,0,2016,Running_Log_2016.xlsx
2016-09-06,2016,9,250,2,5.0,36.0,432.0,18.0,4.666666666666667,clouds,,,,,education hill,,Unknown,varsity,rec@7:30,recovery,450.0,,,,0,2016,Running_Log_2016.xlsx
2016-09-07,2016,9,251,3,5.3,36.0,407.54716981132077,15.0,5.333333333333333,overcast,,,,,,,Unknown,varsity,"10j, 5rec/t, 3218r@10:37.94, 10j [KingCo 3A Preview]",race,,,,,1,2016,Running_Log_2016.xlsx
2016-09-08,2016,9,252,4,6.6,49.0,445.4545454545455,19.0,4.0,clouds,,,,,education hill,,Unknown,varsity,rec@7:30,recovery,450.0,,,,0,2016,Running_Log_2016.xlsx
2016-09-09,2016,9,253,5,7.7,55.0,428.57142857142856,23.0,4.666666666666667,clear,,,,,powerline east,,Unknown,varsity,"15j, 26hc/rep pwr2/4x10sp, 13j",hill_cont,,,,,0,2016,Running_Log_2016.xlsx
2016-09-10,2016,9,254,6,10.1,79.0,469.3069306930693,15.0,6.0,clear,,,,,education hill,,Unknown,varsity,rec@7:49 long,long,469.0,,,,0,2016,Running_Log_2016.xlsx
2016-09-12,2016,9,256,1,8.3,54.0,390.3614457831325,23.0,5.333333333333333,clear,,,,,education hill,,Unknown,varsity,"15j, 6x1000i@5:23, 15j",interval,,1000.0,323.0,interval,0,2016,Running_Log_2016.xlsx
2016-09-13,2016,9,257,2,5.1,35.0,411.764705882353,24.0,5.333333333333333,clear,,,,,education hill,,Unknown,varsity,rec@7:09,recovery,429.0,,,,0,2016,Running_Log_2016.xlsx
2016-09-14,2016,9,258,3,5.9,40.0,406.77966101694915,26.0,4.666666666666667,clear,,,,,,,Unknown,varsity,"11j, 4rec/t, 5000r@17:39, 7j [Redmond & Liberty @ Mercer Island]",race,,,,,1,2016,Running_Log_2016.xlsx
2016-09-15,2016,9,259,4,8.5,61.0,430.5882352941176,23.0,4.666666666666667,clear,,,,,education hill,,Unknown,varsity,rec/t@7:21,recovery,,,,,0,2016,Running_Log_2016.xlsx
2016-09-16,2016,9,260,5,4.8,35.0,437.5,25.0,5.333333333333333,clear,,,,,education hill,,Unknown,varsity,rec@7:09/300st,recovery,429.0,,,,0,2016,Running_Log_2016.xlsx
2016-09-17,2016,9,261,6,5.7,35.0,368.42105263157896,16.0,5.333333333333333,overcast,,,,,,,Unknown,varsity,"10j, 4rec/t, 5000r@17:22.5, 4j [South Whidbey Invitational]",race,,,,,1,2016,Running_Log_2016.xlsx
2016-09-19,2016,9,263,1,8.3,56.0,404.8192771084337,21.0,4.0,showers,,,,,education hill,,Unknown,varsity,"15j, 4x1600t@5:55, 13j",tempo,,1600.0,355.0,tempo,0,2016,Running_Log_2016.xlsx
2016-09-20,2016,9,264,2,4.9,35.0,428.57142857142856,20.0,5.333333333333333,clear,,,,,education hill,,Unknown,varsity,rec@7:19/2x200st,recovery,439.0,,,,0,2016,Running_Log_2016.xlsx
2016-09-21,2016,9,265,3,6.3,42.0,400.0,19.0,4.666666666666667,clear,,,,,,,Unknown,varsity,"11j, 5rec/t, 5000r@17:28, 9j [Interlake @ Redmond]",race,,,,,1,2016,Running_Log_2016.xlsx
2016-09-22,2016,9,266,4,6.2,45.0,435.48387096774195,19.0,4.666666666666667,clear,,,,,education hill,,Unknown,varsity,rec@7:30,recovery,450.0,,,,0,2016,Running_Log_2016.xlsx
2016-09-23,2016,9,267,5,7.8,56.0,430.7692307692308,16.0,5.333333333333333,overcast,,,,,powerline west,,Unknown,varsity,"14j, 26hc-10x pwr1, 12j",hill_cont,,,,,0,2016,Running_Log_2016.xlsx
2016-09-24,2016,9,268,6,10.8,79.0,438.88888888888886,15.0,6.0,clouds,,,,,education hill,,Unknown,varsity,rec@7:19 long,long,439.0,,,,0,2016,Running_Log_2016.xlsx
2016-09-26,2016,9,270,1,8.1,53.0,392.5925925925926,23.0,4.666666666666667,clear,,,,,education hill,,Unknown,varsity,"15j, 7x800i@5:20, 15j",interval,,800.0,320.0,interval,0,2016,Running_Log_2016.xlsx
2016-09-27,2016,9,271,2,6.3,48.0,457.14285714285717,19.0,4.666666666666667,clear,,,,,education hill,,Unknown,varsity,rec@7:54,recovery,474.0,,,,0,2016,Running_Log_2016.xlsx
2016-09-28,2016,9,272,3,8.5,58.0,409.4117647058824,16.0,4.666666666666667,clear,,,,,farrel-mcwhirter,,Unknown,varsity,"16j, 25hc/rep-6x fm2/6x10sp, 13j",hill_cont,,,,,0,2016,Running_Log_2016.xlsx
2016-09-29,2016,9,273,4,8.3,60.0,433.7349397590361,17.0,5.333333333333333,clear,,,,,education hill,,Unknown,varsity,rec@7:16 long,long,436.0,,,,0,2016,Running_Log_2016.xlsx
2016-09-30,2016,9,274,5,5.1,35.0,411.764705882353,19.0,4.666666666666667,clear,,,,,education hill,,Unknown,varsity,rec@7:05/4x100st,recovery,425.0,,,,0,2016,Running_Log_2016.xlsx
2016-10-01,2016,10,275,6,6.0,39.0,390.0,12.0,5.333333333333333,showers,,,,,,,Unknown,varsity,"10j, 4rec/t, 5000r@17:13.8, 8j [Twilight XC Invitational]",race,,,,,1,2016,Running_Log_2016.xlsx
2016-10-03,2016,10,277,1,6.2,43.0,416.1290322580645,15.0,4.666666666666667,clouds,,,,,education hill,,Unknown,varsity,"20j, 4x400rep@4:54, 14j",rep,,400.0,294.0,rep,0,2016,Running_Log_2016.xlsx
2016-10-04,2016,10,278,2,4.5,34.0,453.3333333333333,12.0,4.666666666666667,drizzle,,,,,education hill,,Unknown,varsity,rec@7:42,recovery,462.0,,,,0,2016,Running_Log_2016.xlsx
2016-10-05,2016,10,279,3,6.6,43.0,390.90909090909093,18.0,4.666666666666667,clouds,,,,,,,Unknown,varsity,"11j, 5rec/t, 5000r@17:31, 10j [Redmond & Lake Washington @ Bellevue]",race,,,,,1,2016,Running_Log_2016.xlsx
2016-10-06,2016,10,280,4,6.5,49.0,452.3076923076923,14.0,5.333333333333333,overcast,,,,,education hill,,Unknown,varsity,rec@7:38,recovery,458.0,,,,0,2016,Running_Log_2016.xlsx
2016-10-07,2016,10,281,5,4.7,35.0,446.80851063829783,15.0,5.333333333333333,overcast,,,,,education hill,,Unknown,varsity,rec@7:54/2x200st,recovery,474.0,,,,0,2016,Running_Log_2016.xlsx
2016-10-08,2016,10,282,6,5.1,31.0,364.7058823529412,11.0,6.0,drizzle,,,,,,,Unknown,varsity,"8j, 4rec/t, 5000r@16:54.4, 2j [Hole in the Wall Invitational]",race,,,,,1,2016,Running_Log_2016.xlsx
2016-10-10,2016,10,284,1,8.7,57.0,393.1034482758621,12.0,5.333333333333333,clouds,,,,,education hill,,Unknown,varsity,"15j, 4x1600t@5:45, 15j",tempo,,1600.0,345.0,tempo,0,2016,Running_Log_2016.xlsx
2016-10-11,2016,10,285,2,5.4,35.0,388.88888888888886,13.0,5.333333333333333,clear,,,,,education hill,,Unknown,varsity,rec@6:40/400st,recovery,400.0,,,,0,2016,Running_Log_2016.xlsx
2016-10-12,2016,10,286,3,6.8,43.0,379.4117647058824,17.0,4.666666666666667,clouds,,,,,,,Unknown,varsity,"12j, 5rec/t, 5000r@17:20, 9j [Sammamish & Juanita @ Redmond]",race,,,,,1,2016,Running_Log_2016.xlsx
2016-10-13,2016,10,287,4,6.4,46.0,431.25,12.0,4.666666666666667,drizzle,,,,,education hill,,Unknown,varsity,rec@7:20,recovery,440.0,,,,0,2016,Running_Log_2016.xlsx
2016-10-14,2016,10,288,5,7.1,47.0,397.1830985915493,13.0,4.666666666666667,showers,,,,,education hill,,Unknown,varsity,"15j, 8x400rep@4:55, 19j",rep,,400.0,295.0,rep,0,2016,Running_Log_2016.xlsx
2016-10-15,2016,10,289,6,10.4,70.0,403.8461538461538,10.0,5.333333333333333,drizzle,,,,,education hill,,Unknown,"Andrey, Alex",rec/t@6:44 long,recovery,,,,,0,2016,Running_Log_2016.xlsx
2016-10-17,2016,10,291,1,7.5,50.0,400.0,15.0,4.666666666666667,clouds,,,,,education hill,,Unknown,varsity,"15j, 10x500i@5:13, 15j",interval,,500.0,313.0,interval,0,2016,Running_Log_2016.xlsx
2016-10-18,2016,10,292,2,6.6,48.0,436.3636363636364,15.0,4.666666666666667,clouds,,,,,education hill,,Unknown,varsity,rec@7:20,recovery,440.0,,,,0,2016,Running_Log_2016.xlsx
2016-10-19,2016,10,293,3,4.7,31.0,395.74468085106383,15.0,5.333333333333333,clouds,,,,,education hill,,Unknown,varsity,rec@6:57/4x200st,recovery,417.0,,,,0,2016,Running_Log_2016.xlsx
2016-10-20,2016,10,294,4,6.0,38.0,380.0,15.0,5.333333333333333,overcast,,,,,,,Unknown,varsity,"9j, 4rec/t, 5000r@16:52.29, 8j [KingCo 3A Championship]",race,,,,,1,2016,Running_Log_2016.xlsx
2016-10-21,2016,10,295,5,6.3,46.0,438.09523809523813,16.0,5.333333333333333,clouds,,,,,education hill,,Unknown,varsity,rec@7:22,recovery,442.0,,,,0,2016,Running_Log_2016.xlsx
2016-10-22,2016,10,296,6,7.2,49.0,408.3333333333333,9.0,5.333333333333333,clouds,,,,,education hill,,Unknown,varsity,"24j, 3x1600t@5:46, 7j",tempo,,1600.0,346.0,tempo,0,2016,Running_Log_2016.xlsx
2016-10-24,2016,10,298,1,7.4,50.0,405.40540540540536,13.0,4.0,overcast,,,,,education hill,,Unknown,varsity,"15j, 12x400i@5:14, 15j",interval,,400.0,314.0,interval,0,2016,Running_Log_2016.xlsx
2016-10-25,2016,10,299,2,6.9,49.0,426.0869565217391,17.0,4.666666666666667,clouds,,,,,education hill,,Unknown,varsity,rec@7:09,recovery,429.0,,,,0,2016,Running_Log_2016.xlsx
2016-10-26,2016,10,300,3,3.7,25.0,405.40540540540536,14.0,5.333333333333333,showers,,,,,education hill,,Unknown,varsity,rec@7:18/4x200st,recovery,438.0,,,,0,2016,Running_Log_2016.xlsx
2016-10-27,2016,10,301,4,6.1,40.0,393.44262295081967,14.0,5.333333333333333,clouds,,,,,,,Unknown,varsity,"9j, 3rec/t, 5000r@17:25.2, 11j [SeaKing District Championships]",race,,,,,1,2016,Running_Log_2016.xlsx
2016-10-28,2016,10,302,5,5.4,41.0,455.55555555555554,17.0,4.666666666666667,clouds,,,,,education hill,,Unknown,varsity,rec@7:43,recovery,463.0,,,,0,2016,Running_Log_2016.xlsx
2016-10-29,2016,10,303,6,8.3,59.0,426.5060240963855,12.0,5.333333333333333,drizzle,,,,,education hill,,Unknown,varsity,rec@7:07 long,long,427.0,,,,0,2016,Running_Log_2016.xlsx
2016-10-31,2016,10,305,1,8.2,57.0,417.07317073170736,13.0,4.666666666666667,clouds,,,,,education hill,,Unknown,varsity,"15j, 24f, 14j",recovery,,,,,0,2016,Running_Log_2016.xlsx
2016-11-01,2016,11,306,2,5.7,42.0,442.10526315789474,12.0,4.666666666666667,overcast,,,,,education hill,,Unknown,varsity,rec@7:27,recovery,447.0,,,,0,2016,Running_Log_2016.xlsx
2016-11-02,2016,11,307,3,6.1,41.0,403.27868852459017,13.0,4.666666666666667,overcast,,,,,education hill,,Unknown,varsity,"15j, 10x300rep@4:46, 13j",rep,,300.0,286.0,rep,0,2016,Running_Log_2016.xlsx
2016-11-03,2016,11,308,4,5.7,40.0,421.05263157894734,17.0,5.333333333333333,clear,,,,,education hill,,Unknown,varsity,rec@7:03,recovery,423.0,,,,0,2016,Running_Log_2016.xlsx
2016-11-04,2016,11,309,5,3.4,23.0,405.88235294117646,17.0,5.333333333333333,clear,,,,,education hill,,Unknown,varsity,rec@7:00/2x150st,recovery,420.0,,,,0,2016,Running_Log_2016.xlsx
2016-11-05,2016,11,310,6,7.8,55.0,423.0769230769231,15.0,5.333333333333333,clear,,,,,,,Unknown,varsity,"20j; 9j, 3rec/t, 5000r@16:58.0, 6j [Washington State XC Championship]",race,,,,,1,2016,Running_Log_2016.xlsx
2016-11-07,2016,11,312,1,6.8,43.0,379.4117647058824,19.0,4.0,clouds,,,,,education hill,,Unknown,solo,rec@6:24,recovery,384.0,,,,0,2016,Running_Log_2016.xlsx
2016-11-08,2016,11,313,2,5.8,39.0,403.44827586206895,21.0,4.0,clear,,,,,education hill,,Unknown,solo,rec@6:43,recovery,403.0,,,,0,2016,Running_Log_2016.xlsx
2016-11-09,2016,11,314,3,5.5,41.0,447.27272727272725,17.0,4.666666666666667,clouds,,,,,education hill,,Unknown,Alex,rec@7:27,recovery,447.0,,,,0,2016,Running_Log_2016.xlsx
2016-11-10,2016,11,315,4,5.8,42.0,434.48275862068965,19.0,4.666666666666667,clouds,,,,,education hill,,Unknown,Alex,rec@7:14,recovery,434.0,,,,0,2016,Running_Log_2016.xlsx
2016-11-11,2016,11,316,5,18.1,130.0,430.93922651933696,12.0,6.0,clouds,,,,,education hill,,Unknown,solo,rec@7:11 long,long,431.0,,,,0,2016,Running_Log_2016.xlsx
2016-11-13,2016,11,318,7,5.5,39.0,425.45454545454544,8.0,5.333333333333333,clear,,,,,education hill,,Unknown,solo,rec@7:05,recovery,425.0,,,,0,2016,Running_Log_2016.xlsx
2016-11-14,2016,11,319,1,6.9,44.0,382.6086956521739,12.0,4.666666666666667,clouds,,,,,education hill,,Unknown,Alex,"14j, 4x1200i@5:16/200sp, 14j",interval,,1200.0,316.0,interval,0,2016,Running_Log_2016.xlsx
2016-11-15,2016,11,320,2,5.4,39.0,433.3333333333333,11.0,5.333333333333333,overcast,,,,,education hill,,Unknown,Alex,rec@7:13,recovery,433.0,,,,0,2016,Running_Log_2016.xlsx
2016-11-16,2016,11,321,3,5.9,41.0,416.9491525423729,9.0,4.666666666666667,clear,,,,,powerline east,,Unknown,"Alex, Andrey","14j, 1hr-10x pwr2/4x10sp, 9j",hill_rep,,,,,0,2016,Running_Log_2016.xlsx
2016-11-17,2016,11,322,4,5.5,39.0,425.45454545454544,11.0,4.666666666666667,clouds,,,,,education hill,,Unknown,Alex,rec@7:05,recovery,425.0,,,,0,2016,Running_Log_2016.xlsx
2016-11-18,2016,11,323,5,5.7,40.0,421.05263157894734,8.0,4.666666666666667,clear,,,,,education hill,,Unknown,Alex,rec@7:01,recovery,421.0,,,,0,2016,Running_Log_2016.xlsx
2016-11-19,2016,11,324,6,13.1,83.0,380.1526717557252,7.0,6.0,overcast,,,,,education hill,,Unknown,solo,rec@6:20 long,long,380.0,,,,0,2016,Running_Log_2016.xlsx
2016-11-21,2016,11,326,1,7.3,46.0,378.0821917808219,11.0,4.666666666666667,clouds,,,,,education hill,,Unknown,"Alex, Andrey","15j, 6x1000i@5:20, 11j",interval,,1000.0,320.0,interval,0,2016,Running_Log_2016.xlsx
2016-11-22,2016,11,327,2,5.4,39.0,433.3333333333333,11.0,5.333333333333333,clouds,,,,,education hill,,Unknown,Alex,rec@7:13,recovery,433.0,,,,0,2016,Running_Log_2016.xlsx
2016-11-23,2016,11,328,3,5.4,37.0,411.1111111111111,9.0,4.666666666666667,clouds,,,,,education hill,,Unknown,solo,rec@6:51,recovery,411.0,,,,0,2016,Running_Log_2016.xlsx
2016-11-24,2016,11,329,4,6.8,44.0,388.2352941176471,6.0,5.333333333333333,drizzle,,,,,,,Unknown,solo,"17j, 4rec/t, 5000r@17:56, 5j [Hartman Thanksgiving 5K]",race,,,,,1,2016,Running_Log_2016.xlsx
2016-11-25,2016,11,330,5,5.7,39.0,410.5263157894737,5.0,6.0,clear,,,,,education hill,,Unknown,solo,rec@6:51,recovery,411.0,,,,0,2016,Running_Log_2016.xlsx
2016-11-26,2016,11,331,6,10.0,66.0,396.0,9.0,5.333333333333333,drizzle,,,,,education hill,,Unknown,solo,rec@6:38 long,long,398.0,,,,0,2016,Running_Log_2016.xlsx
2016-11-28,2016,11,333,1,6.7,43.0,385.07462686567163,10.0,4.666666666666667,clouds,,,,,education hill,,Unknown,Alex,"13j, 4x1200i@5:06/200sp, 14j",interval,,1200.0,306.0,interval,0,2016,Running_Log_2016.xlsx
2016-11-29,2016,11,334,2,5.2,38.0,438.46153846153845,10.0,5.333333333333333,clouds,,,,,education hill,,Unknown,Alex,rec@7:18,recovery,438.0,,,,0,2016,Running_Log_2016.xlsx
2016-11-30,2016,11,335,3,6.1,41.0,403.27868852459017,9.0,5.333333333333333,drizzle,,,,,rollercoaster,,Unknown,"Andrey, Claire","10j, 25hc-7x rc/4x10sp, 6j",hill_cont,,,,,0,2016,Running_Log_2016.xlsx
2016-12-01,2016,12,336,4,5.6,37.0,396.42857142857144,2.0,4.0,clear,,,,,education hill,,Unknown,solo,rec@6:36,recovery,396.0,,,,0,2016,Running_Log_2016.xlsx
2016-12-02,2016,12,337,5,6.0,39.0,390.0,18.0,4.666666666666667,inside,,,,,education hill,,Unknown,solo,rec@6:31,recovery,391.0,,,,0,2016,Running_Log_2016.xlsx
2016-12-03,2016,12,338,6,12.8,78.0,365.625,7.0,4.666666666666667,clear,,,,,education hill,,Unknown,solo,rec@6:06 long,long,366.0,,,,0,2016,Running_Log_2016.xlsx
2016-12-05,2016,12,340,1,6.9,44.0,382.6086956521739,3.0,4.0,clouds,,,,,education hill,,Unknown,Alex,"13j, 5x1000i@5:36, 14j",interval,,1000.0,336.0,interval,0,2016,Running_Log_2016.xlsx
2016-12-06,2016,12,341,2,5.9,42.0,427.1186440677966,2.0,5.333333333333333,clouds,,,,,education hill,,Unknown,Alex,rec@7:07,recovery,427.0,,,,0,2016,Running_Log_2016.xlsx
2016-12-07,2016,12,342,3,5.8,42.0,434.48275862068965,1.0,4.666666666666667,clear,,,,,everest,,Unknown,Alex,"13j, 1:30hr-9x evst/8x10sp, 8j",hill_rep,,,,,0,2016,Running_Log_2016.xlsx
2016-12-08,2016,12,343,4,5.7,43.0,452.6315789473684,1.0,5.333333333333333,clouds,,,,,education hill,,Unknown,Alex,rec@7:33,recovery,453.0,,,,0,2016,Running_Log_2016.xlsx
2016-12-09,2016,12,344,5,5.6,39.0,417.8571428571429,0.0,4.0,snow,,,,,education hill,,Unknown,solo,rec@6:58,recovery,418.0,,,,0,2016,Running_Log_2016.xlsx
2016-12-10,2016,12,345,6,21.4,164.0,459.81308411214957,1.0,4.666666666666667,clouds,,,,,education hill,,Unknown,solo,rec@7:40 long,long,460.0,,,,0,2016,Running_Log_2016.xlsx
2016-12-12,2016,12,347,1,6.3,41.0,390.4761904761905,4.0,4.0,clouds,,,,,education hill,,Unknown,Alex,"12j, 5000i@5:06/200sp, 13j",interval,,5000.0,306.0,interval,0,2016,Running_Log_2016.xlsx
2016-12-13,2016,12,348,2,5.6,42.0,450.00000000000006,1.0,4.666666666666667,overcast,,,,,education hill,,Unknown,solo,rec@7:30,recovery,450.0,,,,0,2016,Running_Log_2016.xlsx
2016-12-14,2016,12,349,3,6.1,43.0,422.95081967213116,1.0,4.666666666666667,clouds,,,,,powerline west,,Unknown,Andrey,"12j, 24hc-9x pwr1, 7j",hill_cont,,,,,0,2016,Running_Log_2016.xlsx
2016-12-15,2016,12,350,4,6.2,42.0,406.4516129032258,2.0,4.666666666666667,clouds,,,,,education hill,,Unknown,solo,rec@6:46,recovery,406.0,,,,0,2016,Running_Log_2016.xlsx
2016-12-16,2016,12,351,5,4.2,29.0,414.2857142857143,-1.0,4.666666666666667,clear,,,,,education hill,,Unknown,Andrey,rec@6:54,recovery,414.0,,,,0,2016,Running_Log_2016.xlsx
2016-12-17,2016,12,352,6,5.1,34.0,400.0,-3.0,4.666666666666667,overcast,,,,,,,Unknown,varsity,"9j, 5rec/t, 3000r@10:37, 9j [New Balance Winter Grand Prix]",race,,,,,1,2016,Running_Log_2016.xlsx
2016-12-18,2016,12,353,7,10.0,67.0,402.0,-2.0,6.0,clouds,,,,,education hill,,Unknown,solo,rec@6:44 long,long,404.0,,,,0,2016,Running_Log_2016.xlsx
2016-12-19,2016,12,354,1,5.3,38.0,430.188679245283,3.0,5.333333333333333,overcast,,,,,education hill,,Unknown,solo,rec@7:10,recovery,430.0,,,,0,2016,Running_Log_2016.xlsx
2016-12-21,2016,12,356,3,6.1,35.0,344.26229508196724,-1.0,5.333333333333333,clear,,,,,education hill,,Unknown,solo,"11j, 5000i@5:26/200sp, 7j",interval,,5000.0,326.0,interval,0,2016,Running_Log_2016.xlsx
2016-12-22,2016,12,357,4,5.7,39.0,410.5263157894737,4.0,4.666666666666667,clear,,,,,education hill,,Unknown,solo,rec@6:51,recovery,411.0,,,,0,2016,Running_Log_2016.xlsx
2016-12-23,2016,12,358,5,6.0,39.0,390.0,2.0,3.3333333333333335,clear,,,,,education hill,,Unknown,solo,rec@6:30,recovery,390.0,,,,0,2016,Running_Log_2016.xlsx
2016-12-24,2016,12,359,6,10.0,68.0,408.0,-1.0,4.666666666666667,clear,,,,,education hill,,Unknown,solo,rec@6:48 long,long,408.0,,,,0,2016,Running_Log_2016.xlsx
2016-12-26,2016,12,361,1,6.3,42.0,400.0,3.0,5.333333333333333,clouds,,,,,education hill,,Unknown,Alex,"12j, 5000i@5:25/200sp, 13j",interval,,5000.0,325.0,interval,0,2016,Running_Log_2016.xlsx
2016-12-27,2016,12,362,2,6.2,42.0,406.4516129032258,4.0,5.333333333333333,clouds,,,,,education hill,,Unknown,solo,rec@6:46,recovery,406.0,,,,0,2016,Running_Log_2016.xlsx
2016-12-28,2016,12,363,3,4.9,39.0,477.55102040816325,5.0,6.666666666666667,clouds,,,,,education hill,,Unknown,Alex,rec@7:38,recovery,458.0,,,,0,2016,Running_Log_2016.xlsx
2016-12-29,2016,12,364,4,5.3,38.0,430.188679245283,5.0,6.0,clouds,,,,,education hill,,Unknown,Alex,rec@7:10,recovery,430.0,,,,0,2016,Running_Log_2016.xlsx
2016-12-30,2016,12,365,5,6.2,47.0,454.83870967741933,2.0,6.666666666666667,fog,,,,,education hill,,Unknown,Alex,rec@7:35,recovery,455.0,,,,0,2016,Running_Log_2016.xlsx
2016-12-31,2016,12,366,6,22.6,170.0,451.32743362831854,0.0,5.333333333333333,clouds,,,,,education hill,,Unknown,solo,rec@7:31 long,long,451.0,,,,0,2016,Running_Log_2016.xlsx
2017-01-02,2017,1,2,1,5.3,38.0,430.188679245283,-1.0,5.333333333333333,cloudy,,,,,education hill,,Unknown,"Andrey, Claire",rec@7:10,recovery,430.0,,,,0,2017,Running_Log_2017.xlsx
2017-01-03,2017,1,3,2,8.2,51.0,373.1707317073171,-1.0,4.666666666666667,clear,,,,,education hill,,Unknown,varsity,"16j, 5600t@5:27 (1:00rest/mi), 16j",tempo,,5600.0,327.0,tempo,0,2017,Running_Log_2017.xlsx
2017-01-04,2017,1,4,3,5.6,40.0,428.5714285714286,1.0,4.666666666666667,clear,,,,,education hill,,Unknown,Alex,rec@7:09,recovery,429.0,,,,0,2017,Running_Log_2017.xlsx
2017-01-05,2017,1,5,4,10.0,65.0,390.0,0.0,4.666666666666667,clear,,,,,education hill,,Unknown,solo,long@6:32,long,392.0,,,,0,2017,Running_Log_2017.xlsx
2017-01-06,2017,1,6,5,3.8,28.0,442.10526315789474,2.0,4.666666666666667,clear,,,,,education hill,,Unknown,"Alex, Dmitry",rec@7:22,recovery,442.0,,,,0,2017,Running_Log_2017.xlsx
2017-01-07,2017,1,7,6,6.1,38.0,373.77049180327873,0.0,4.666666666666667,cloudy,,,,,,,Unknown,varsity,"14j, 5rec/t, 3218 race@10:09, 9j [New Balance Winter Grand Prix]",race,,,,,1,2017,Running_Log_2017.xlsx
2017-01-09,2017,1,9,1,7.5,47.0,376.0,4.0,4.666666666666667,cloudy,,,,,education hill,,Unknown,varsity,"16j, 5600t@5:26 (1:00rest/mi), 12j",tempo,,5600.0,326.0,tempo,0,2017,Running_Log_2017.xlsx
2017-01-10,2017,1,10,2,5.2,39.0,450.0,3.0,4.666666666666667,cloudy,,,,,education hill,,Unknown,Alex,rec@7:30,recovery,450.0,,,,0,2017,Running_Log_2017.xlsx
2017-01-11,2017,1,11,3,6.0,42.0,420.0,2.0,4.666666666666667,cloudy,,,,,everest,,Unknown,"Alex, Andrey, Claire","13j, 1:00hr-10x evst/6sp, 13j",hill_rep,,,,,0,2017,Running_Log_2017.xlsx
2017-01-12,2017,1,12,4,5.7,41.0,431.57894736842104,2.0,4.666666666666667,cloudy,,,,,education hill,,Unknown,Alex,rec@7:12,recovery,432.0,,,,0,2017,Running_Log_2017.xlsx
2017-01-13,2017,1,13,5,6.2,43.0,416.1290322580645,2.0,4.666666666666667,clear,,,,,education hill,,Unknown,Alex,rec@6:56,recovery,416.0,,,,0,2017,Running_Log_2017.xlsx
2017-01-14,2017,1,14,6,13.1,79.0,361.8320610687023,-2.0,6.0,clear,,,,,education hill,,Unknown,solo,long@6:03,long,363.0,,,,0,2017,Running_Log_2017.xlsx
2017-01-16,2017,1,16,1,5.6,43.0,460.7142857142857,2.0,6.0,cloudy,,,,,education hill,,Unknown,Alex,rec@7:40,recovery,460.0,,,,0,2017,Running_Log_2017.xlsx
2017-01-17,2017,1,17,2,7.4,45.0,364.86486486486484,5.0,5.333333333333333,heavy rain,,,,,education hill,,Unknown,varsity,"15j, 6000t@5:21 (1:04rest/mi), 10j",tempo,,6000.0,321.0,tempo,0,2017,Running_Log_2017.xlsx
2017-01-18,2017,1,18,3,5.3,37.0,418.8679245283019,10.0,5.333333333333333,light rain,,,,,education hill,,Unknown,Alex,rec@6:59,recovery,419.0,,,,0,2017,Running_Log_2017.xlsx
2017-01-19,2017,1,19,4,7.2,49.0,408.3333333333333,7.0,5.333333333333333,light rain,,,,,rollercoaster,,Unknown,solo,"14j, 26hc-7x rc, 9j",hill_cont,,,,,0,2017,Running_Log_2017.xlsx
2017-01-20,2017,1,20,5,3.8,27.0,426.3157894736842,9.0,4.666666666666667,overcast,,,,,education hill,,Unknown,Alex,rec@7:06,recovery,426.0,,,,0,2017,Running_Log_2017.xlsx
2017-01-21,2017,1,21,6,13.1,77.0,352.67175572519085,3.0,5.333333333333333,cloudy,,,,,,,Unknown,"Andrey, Claire",21098 race@77:26 [Rain Run Half Marathon],race,,,,,1,2017,Running_Log_2017.xlsx
2017-01-23,2017,1,23,1,7.9,50.0,379.746835443038,7.0,5.333333333333333,clear,,,,,education hill,,Unknown,varsity,"16j, 6000t@5:28 (1:04rest/mi), 13j",tempo,,6000.0,328.0,tempo,0,2017,Running_Log_2017.xlsx
2017-01-24,2017,1,24,2,5.7,38.0,400.0,6.0,5.333333333333333,cloudy,,,,,education hill,,Unknown,solo,rec@6:40,recovery,400.0,,,,0,2017,Running_Log_2017.xlsx
2017-01-25,2017,1,25,3,5.3,38.0,430.188679245283,5.0,5.333333333333333,cloudy,,,,,education hill,,Unknown,Alex,rec@7:10,recovery,430.0,,,,0,2017,Running_Log_2017.xlsx
2017-01-26,2017,1,26,4,5.7,40.0,421.05263157894734,8.0,5.333333333333333,cloudy,,,,,education hill,,Unknown,Alex,rec@7:01,recovery,421.0,,,,0,2017,Running_Log_2017.xlsx
2017-01-27,2017,1,27,5,5.3,37.0,418.8679245283019,10.0,5.333333333333333,clear,,,,,education hill,,Unknown,Alex,rec@6:59,recovery,419.0,,,,0,2017,Running_Log_2017.xlsx
2017-01-28,2017,1,28,6,10.0,70.0,420.0,5.0,6.0,cloudy,,,,,education hill,,Unknown,solo,long@6:59,long,419.0,,,,0,2017,Running_Log_2017.xlsx
2017-01-30,2017,1,30,1,7.6,47.0,371.0526315789474,6.0,5.333333333333333,overcast,,,,,education hill,,Unknown,varsity,"16j, 6000t@5:21 (1:08rest/mi), 11j",tempo,,6000.0,321.0,tempo,0,2017,Running_Log_2017.xlsx
2017-01-31,2017,1,31,2,5.7,41.0,431.57894736842104,6.0,5.333333333333333,cloudy,,,,,education hill,,Unknown,Alex,rec@7:12,recovery,432.0,,,,0,2017,Running_Log_2017.xlsx
2017-02-01,2017,2,32,3,6.0,42.0,420.0,5.0,4.666666666666667,clear,,,,,everest,,Unknown,"Alex, Andrey","12j, 1:15hr-9x evst/9sp, 11j",hill_rep,,,,,0,2017,Running_Log_2017.xlsx
2017-02-02,2017,2,33,4,8.3,60.0,433.7349397590361,5.0,5.333333333333333,clear,,,,,education hill,,Unknown,Alex,long@7:14,long,434.0,,,,0,2017,Running_Log_2017.xlsx
2017-02-03,2017,2,34,5,4.4,30.0,409.09090909090907,3.0,4.666666666666667,light rain,,,,,education hill,,Unknown,Alex,rec@6:49,recovery,409.0,,,,0,2017,Running_Log_2017.xlsx
2017-02-04,2017,2,35,6,5.4,36.0,400.0,5.0,5.333333333333333,light rain,,,,,,,Unknown,varsity,"11j, 5rec/t, 3218 race@9:52, 10j [New Balance Winter Grand Prix]",race,,,,,1,2017,Running_Log_2017.xlsx
2017-02-06,2017,2,37,1,6.5,42.0,387.6923076923077,1.0,4.666666666666667,snow,,,,,education hill,,Unknown,Alex,"12j, 6000t@5:57 (1:08rest/mi), 8j [6"" snow]",tempo,,6000.0,357.0,tempo,0,2017,Running_Log_2017.xlsx
2017-02-07,2017,2,38,2,5.7,42.0,442.10526315789474,4.0,6.0,cloudy,,,,,education hill,,Unknown,Alex,"rec@7:22 [3"" snow]",recovery,442.0,,,,0,2017,Running_Log_2017.xlsx
2017-02-08,2017,2,39,3,6.3,45.0,428.57142857142856,3.0,4.666666666666667,light rain,,,,,everest,,Unknown,Alex,"13j, 1:15hr-9x evst/9sp, 13j [2"" snow]",hill_rep,,,,,0,2017,Running_Log_2017.xlsx
2017-02-09,2017,2,40,4,10.0,63.0,378.0,11.0,4.666666666666667,light rain,,,,,education hill,,Unknown,solo,long@6:21,long,381.0,,,,0,2017,Running_Log_2017.xlsx
2017-02-10,2017,2,41,5,5.3,38.0,430.188679245283,7.0,4.666666666666667,overcast,,,,,education hill,,Unknown,Alex,rec@7:10,recovery,430.0,,,,0,2017,Running_Log_2017.xlsx
2017-02-11,2017,2,42,6,6.7,44.0,394.02985074626866,4.0,5.333333333333333,cloudy,,,,,,,Unknown,Alex,"14j, 5000 race@16:29, 14j [Time trial]",race,,,,,1,2017,Running_Log_2017.xlsx
2017-02-13,2017,2,44,1,7.9,50.0,379.746835443038,14.0,4.666666666666667,clear,,,,,education hill,,Unknown,varsity,"17j, 6400t@5:19 (1:00rest/mi), 12j",tempo,,6400.0,319.0,tempo,0,2017,Running_Log_2017.xlsx
2017-02-14,2017,2,45,2,5.7,40.0,421.05263157894734,14.0,5.333333333333333,cloudy,,,,,education hill,,Unknown,Alex,rec@7:01,recovery,421.0,,,,0,2017,Running_Log_2017.xlsx
2017-02-15,2017,2,46,3,7.4,47.0,381.08108108108104,10.0,5.333333333333333,light rain,,,,,powerline east,,Unknown,Alex,"13j, 1:30hr-9x pwr2/6sp, 13j",hill_rep,,,,,0,2017,Running_Log_2017.xlsx
2017-02-16,2017,2,47,4,9.3,68.0,438.7096774193548,9.0,6.0,cloudy,,,,,education hill,,Unknown,Alex,long@7:19,long,439.0,,,,0,2017,Running_Log_2017.xlsx
2017-02-17,2017,2,48,5,4.4,30.0,409.09090909090907,6.0,5.333333333333333,clear,,,,,education hill,,Unknown,Alex,rec@6:49,recovery,409.0,,,,0,2017,Running_Log_2017.xlsx
2017-02-18,2017,2,49,6,5.3,34.0,384.9056603773585,4.0,5.333333333333333,light rain,,,,,,,Unknown,varsity,"11j, 5rec/t, 3218 race@10:15, 8j [New Balance Winter Grand Prix]",race,,,,,1,2017,Running_Log_2017.xlsx
2017-02-20,2017,2,51,1,7.2,45.0,375.0,4.0,5.333333333333333,overcast,,,,,education hill,,Unknown,Alex,"12j, 6400t@5:21 (1:00rest/mi), 12j",tempo,,6400.0,321.0,tempo,0,2017,Running_Log_2017.xlsx
2017-02-21,2017,2,52,2,5.7,38.0,400.0,8.0,4.666666666666667,cloudy,,,,,education hill,,Unknown,Alex,rec@6:40,recovery,400.0,,,,0,2017,Running_Log_2017.xlsx
2017-02-22,2017,2,53,3,7.0,42.0,360.0,7.0,4.666666666666667,cloudy,,,,,powerline east,,Unknown,solo,"13j, 1:30hr-9x pwr2/6sp, 8j",hill_rep,,,,,0,2017,Running_Log_2017.xlsx
2017-02-23,2017,2,54,4,5.3,36.0,407.54716981132077,2.0,4.666666666666667,cloudy,,,,,education hill,,Unknown,Alex,rec@6:48,recovery,408.0,,,,0,2017,Running_Log_2017.xlsx
2017-02-24,2017,2,55,5,10.0,63.0,378.0,7.0,4.666666666666667,cloudy,,,,,education hill,,Unknown,solo,long@6:17,long,377.0,,,,0,2017,Running_Log_2017.xlsx
2017-02-25,2017,2,56,6,5.7,38.0,400.0,1.0,6.0,cloudy,,,,,education hill,,Unknown,solo,rec@6:40,recovery,400.0,,,,0,2017,Running_Log_2017.xlsx
2017-02-27,2017,2,58,1,10.0,64.0,384.0,3.0,4.0,flurries,,,,,education hill,,Unknown,solo,long@6:24,long,384.0,,,,0,2017,Running_Log_2017.xlsx
2017-02-28,2017,2,59,2,6.2,44.0,425.80645161290323,6.0,4.666666666666667,cloudy,,,,,,,Unknown,varsity,"20j, 1600 race@4:44, 15j [Redmond time trial]",race,,,,,1,2017,Running_Log_2017.xlsx
2017-03-01,2017,3,60,3,8.2,57.0,417.07317073170736,10.0,4.666666666666667,cloudy,,,,,education hill,,Unknown,varsity,rec@6:58,recovery,418.0,,,,0,2017,Running_Log_2017.xlsx
2017-03-02,2017,3,61,4,6.5,38.0,350.7692307692308,8.0,5.333333333333333,light rain,,,,,education hill,,Unknown,solo,"11j, 5000i@4:59 (2:40rest/mi), 11j",interval,,5000.0,299.0,interval,0,2017,Running_Log_2017.xlsx
2017-03-03,2017,3,62,5,7.7,54.0,420.7792207792208,10.0,4.0,heavy rain,,,,,education hill,,Unknown,varsity,rec@7:03,recovery,423.0,,,,0,2017,Running_Log_2017.xlsx
2017-03-04,2017,3,63,6,9.2,62.0,404.34782608695656,3.0,5.333333333333333,clear,,,,,education hill,,Unknown,varsity,"19j, 6400t@5:27 (1:00rest/mi), 18j",tempo,,6400.0,327.0,tempo,0,2017,Running_Log_2017.xlsx
2017-03-06,2017,3,65,1,10.7,76.0,426.16822429906546,7.0,6.0,clear,,,,,education hill,,Unknown,varsity,long@7:08,long,428.0,,,,0,2017,Running_Log_2017.xlsx
2017-03-07,2017,3,66,2,7.5,52.0,416.0,5.0,4.666666666666667,light rain,,,,,education hill,,Unknown,varsity,"19j, 3800r@4:33 (6:00rest/mi), 18j",rep,,3800.0,273.0,rep,0,2017,Running_Log_2017.xlsx
2017-03-08,2017,3,67,3,7.0,51.0,437.14285714285717,3.0,4.666666666666667,overcast,,,,,education hill,,Unknown,varsity,rec@7:32/400st,recovery,452.0,,,,0,2017,Running_Log_2017.xlsx
2017-03-09,2017,3,68,4,4.6,27.0,352.1739130434783,7.0,5.333333333333333,heavy rain,,,,,,,Unknown,varsity,"9j, 5t, 800 race@2:09.2, 7j [Redmond time trial]",race,,,,,1,2017,Running_Log_2017.xlsx
2017-03-10,2017,3,69,5,5.7,42.0,442.10526315789474,12.0,5.333333333333333,cloudy,,,,,education hill,,Unknown,varsity,rec@7:22,recovery,442.0,,,,0,2017,Running_Log_2017.xlsx
2017-03-11,2017,3,70,6,6.3,41.0,390.4761904761905,9.0,6.0,overcast,,,,,education hill,,Unknown,varsity,"17j, 2200f@4:26 (8:00rest/mi), 14j",fartlek,,2200.0,266.0,fartlek,0,2017,Running_Log_2017.xlsx
2017-03-13,2017,3,72,1,6.7,45.0,402.98507462686564,10.0,4.0,light rain,,,,,education hill,,Unknown,varsity,"15j, 4000i@4:55 (3:04rest/mi), 14j",interval,,4000.0,295.0,interval,0,2017,Running_Log_2017.xlsx
2017-03-14,2017,3,73,2,6.5,47.0,433.84615384615387,13.0,5.333333333333333,light rain,,,,,education hill,,Unknown,varsity,rec@7:20/400st,recovery,440.0,,,,0,2017,Running_Log_2017.xlsx
2017-03-15,2017,3,74,3,5.1,34.0,400.0,9.0,4.666666666666667,light rain,,,,,,,Unknown,varsity,"13j, 5rec/t, 1600 race@4:37.72, 10j, 400 race@57.6 [Bellevue @ Redmond]",race,,,,,2,2017,Running_Log_2017.xlsx
2017-03-16,2017,3,75,4,7.3,53.0,435.6164383561644,12.0,4.666666666666667,cloudy,,,,,education hill,,Unknown,varsity,rec@7:19,recovery,439.0,,,,0,2017,Running_Log_2017.xlsx
2017-03-17,2017,3,76,5,7.8,52.0,400.0,7.0,4.666666666666667,light rain,,,,,education hill,,Unknown,varsity,"17j, 5600f@4:57 (3:28rest/mi), 12j",fartlek,,5600.0,297.0,fartlek,0,2017,Running_Log_2017.xlsx
2017-03-18,2017,3,77,6,10.9,75.0,412.8440366972477,8.0,4.666666666666667,heavy rain,,,,,education hill,,Unknown,varsity,long@6:53,long,413.0,,,,0,2017,Running_Log_2017.xlsx
2017-03-20,2017,3,79,1,10.1,72.0,427.72277227722776,12.0,5.333333333333333,cloudy,,,,,education hill,,Unknown,varsity,long@7:09,long,429.0,,,,0,2017,Running_Log_2017.xlsx
2017-03-21,2017,3,80,2,7.7,50.0,389.6103896103896,11.0,5.333333333333333,light rain,,,,,education hill,,Unknown,varsity,"16j, 5100i@5:01 (3:20rest/mi), 14j",interval,,5100.0,301.0,interval,0,2017,Running_Log_2017.xlsx
2017-03-22,2017,3,81,3,5.2,35.0,403.8461538461538,15.0,4.666666666666667,cloudy,,,,,education hill,,Unknown,varsity,rec@7:12/400st,recovery,432.0,,,,0,2017,Running_Log_2017.xlsx
2017-03-23,2017,3,82,4,5.3,32.0,362.26415094339626,15.0,5.333333333333333,cloudy,,,,,,,Unknown,varsity,"11j, 5rec/t, 1600 race@4:38.35, 10j, 400 race@57.4 [Interlake @ Redmond]",race,,,,,2,2017,Running_Log_2017.xlsx
2017-03-24,2017,3,83,5,5.1,35.0,411.764705882353,11.0,4.0,light rain,,,,,education hill,,Unknown,varsity,rec@7:09/400st,recovery,429.0,,,,0,2017,Running_Log_2017.xlsx
2017-03-25,2017,3,84,6,5.8,36.0,372.4137931034483,9.0,4.666666666666667,cloudy,,,,,,,Unknown,varsity,"11j, 5rec/t, 3200 race@9:42.64, 10j [Kent-Meridian Invitational]",race,,,,,1,2017,Running_Log_2017.xlsx
2017-03-27,2017,3,86,1,9.3,66.0,425.8064516129032,12.0,3.3333333333333335,cloudy,,,,,education hill,,Unknown,varsity,long@7:08,long,428.0,,,,0,2017,Running_Log_2017.xlsx
2017-03-28,2017,3,87,2,6.6,44.0,400.0,10.0,4.0,overcast,,,,,education hill,,Unknown,varsity,"16j, 2750f@4:11 (8:00rest/mi), 17j",fartlek,,2750.0,251.0,fartlek,0,2017,Running_Log_2017.xlsx
2017-03-29,2017,3,88,3,5.8,40.0,413.7931034482759,12.0,4.666666666666667,cloudy,,,,,education hill,,Unknown,varsity,rec@7:09,recovery,429.0,,,,0,2017,Running_Log_2017.xlsx
2017-03-30,2017,3,89,4,6.2,36.0,348.38709677419354,10.0,4.666666666666667,cloudy,,,,,,,Unknown,varsity,"9j, 4rec/t, 800 race@2:06.95, 3j, 3200 race@10:39.13, 8j [Redmond @ Juanita]",race,,,,,2,2017,Running_Log_2017.xlsx
2017-03-31,2017,3,90,5,5.6,39.0,417.8571428571429,13.0,4.666666666666667,clear,,,,,education hill,,Unknown,"Alex, Andrey",rec@6:58,recovery,418.0,,,,0,2017,Running_Log_2017.xlsx
2017-04-01,2017,4,91,6,11.2,77.0,412.5,8.0,5.333333333333333,light rain,,,,,education hill,,Unknown,Alex,long@6:53,long,413.0,,,,0,2017,Running_Log_2017.xlsx
2017-04-03,2017,4,93,1,5.7,37.0,389.4736842105263,7.0,5.333333333333333,cloudy,,,,,education hill,,Unknown,solo,rec@6:29,recovery,389.0,,,,0,2017,Running_Log_2017.xlsx
2017-04-04,2017,4,94,2,7.2,49.0,408.3333333333333,7.0,6.0,cloudy,,,,,rollercoaster,,Unknown,solo,"14j, 24hc-7x rc/6x10sp, 10j",hill_cont,,,,,0,2017,Running_Log_2017.xlsx
2017-04-05,2017,4,95,3,6.1,41.0,403.27868852459017,9.0,6.0,light rain,,,,,education hill,,Unknown,solo,rec@6:43,recovery,403.0,,,,0,2017,Running_Log_2017.xlsx
2017-04-06,2017,4,96,4,5.9,39.0,396.6101694915254,10.0,5.333333333333333,light rain,,,,,education hill,,Unknown,solo,rec@6:37,recovery,397.0,,,,0,2017,Running_Log_2017.xlsx
2017-04-07,2017,4,97,5,10.0,67.0,402.0,10.0,5.333333333333333,light rain,,,,,education hill,,Unknown,solo,long@6:41,long,401.0,,,,0,2017,Running_Log_2017.xlsx
2017-04-08,2017,4,98,6,4.7,33.0,421.27659574468083,9.0,3.3333333333333335,cloudy,,,,,education hill,,Unknown,"Alex, Emma, Claire",rec@7:00,recovery,420.0,,,,0,2017,Running_Log_2017.xlsx
2017-04-10,2017,4,100,1,7.4,48.0,389.18918918918916,11.0,4.666666666666667,cloudy,,,,,education hill,,Unknown,varsity,"15j, 4800i@4:56 (3:10rest/mi), 14j",interval,,4800.0,296.0,interval,0,2017,Running_Log_2017.xlsx
2017-04-11,2017,4,101,2,10.8,73.0,405.55555555555554,15.0,4.666666666666667,clear,,,,,education hill,,Unknown,varsity,long@6:46,long,406.0,,,,0,2017,Running_Log_2017.xlsx
2017-04-12,2017,4,102,3,5.5,39.0,425.45454545454544,15.0,5.333333333333333,cloudy,,,,,education hill,,Unknown,varsity,rec@7:23/400st,recovery,443.0,,,,0,2017,Running_Log_2017.xlsx
2017-04-13,2017,4,103,4,5.2,35.0,403.8461538461538,10.0,4.666666666666667,cloudy,,,,,,,Unknown,varsity,"11j, 5rec/t, 1600 race@4:40.41, 14j [Lake Washington & Redmond @ Juanita]",race,,,,,1,2017,Running_Log_2017.xlsx
2017-04-14,2017,4,104,5,2.6,18.0,415.38461538461536,14.0,4.666666666666667,clear,,,,,education hill,,Unknown,varsity,rec@7:00,recovery,420.0,,,,0,2017,Running_Log_2017.xlsx
2017-04-15,2017,4,105,6,3.5,20.0,342.85714285714283,17.0,4.666666666666667,clear,,,,,,,Unknown,varsity,"10j, 3200 race@9:38.77 [Pasco Invitational]",race,,,,,1,2017,Running_Log_2017.xlsx
2017-04-17,2017,4,107,1,7.6,48.0,378.94736842105266,12.0,5.333333333333333,overcast,,,,,education hill,,Unknown,varsity,"14j, 4800i@4:55 (3:10rest/mi), 14j",interval,,4800.0,295.0,interval,0,2017,Running_Log_2017.xlsx
2017-04-18,2017,4,108,2,10.4,73.0,421.15384615384613,14.0,5.333333333333333,heavy rain,,,,,education hill,,Unknown,varsity,long@7:02,long,422.0,,,,0,2017,Running_Log_2017.xlsx
2017-04-19,2017,4,109,3,4.8,35.0,437.5,12.0,6.0,cloudy,,,,,education hill,,Unknown,varsity,rec@7:41/400st,recovery,461.0,,,,0,2017,Running_Log_2017.xlsx
2017-04-20,2017,4,110,4,4.8,31.0,387.5,13.0,6.0,cloudy,,,,,,,Unknown,varsity,"11j, 4rec/t, 1600 race@4:38.30, 11j [Sammamish @ Redmond]",race,,,,,1,2017,Running_Log_2017.xlsx
2017-04-21,2017,4,111,5,4.8,34.0,425.0,19.0,5.333333333333333,clear,,,,,education hill,,Unknown,varsity,rec@7:08,recovery,428.0,,,,0,2017,Running_Log_2017.xlsx
2017-04-22,2017,4,112,6,3.8,25.0,394.7368421052632,12.0,4.666666666666667,light rain,,,,,,,Unknown,varsity,"10j, 3rec/t, 1600 race@4:34.49, 7j [Viking Classic]",race,,,,,1,2017,Running_Log_2017.xlsx
2017-04-24,2017,4,114,1,10.5,71.0,405.7142857142857,14.0,4.666666666666667,cloudy,,,,,education hill,,Unknown,varsity,long@6:46,long,406.0,,,,0,2017,Running_Log_2017.xlsx
2017-04-25,2017,4,115,2,7.6,48.0,378.94736842105266,15.0,4.0,overcast,,,,,education hill,,Unknown,varsity,"15j, 4800f@4:37 (4:30rest/mi), 15j",fartlek,,4800.0,277.0,fartlek,0,2017,Running_Log_2017.xlsx
2017-04-26,2017,4,116,3,6.9,49.0,426.0869565217391,9.0,4.666666666666667,light rain,,,,,education hill,,Unknown,varsity,rec@7:09,recovery,429.0,,,,0,2017,Running_Log_2017.xlsx
2017-04-27,2017,4,117,4,4.7,34.0,434.04255319148933,15.0,4.666666666666667,cloudy,,,,,education hill,,Unknown,varsity,rec@7:23/400st,recovery,443.0,,,,0,2017,Running_Log_2017.xlsx
2017-04-28,2017,4,118,5,4.7,30.0,382.9787234042553,12.0,4.666666666666667,cloudy,,,,,,,Unknown,varsity,"10j, 5rec/t, 3200 race@9:48.24, 5j [Brooks/Liberty Distance Twilight]",race,,,,,1,2017,Running_Log_2017.xlsx
2017-04-29,2017,4,119,6,7.0,51.0,437.14285714285717,13.0,4.0,cloudy,,,,,education hill,,Unknown,Alex,rec@7:17,recovery,437.0,,,,0,2017,Running_Log_2017.xlsx
2017-05-01,2017,5,121,1,7.1,45.0,380.2816901408451,9.0,4.666666666666667,overcast,,,,,education hill,,Unknown,varsity,"15j, 4200f@4:41 (3:49rest/mi), 14j",fartlek,,4200.0,281.0,fartlek,0,2017,Running_Log_2017.xlsx
2017-05-02,2017,5,122,2,9.7,68.0,420.61855670103097,19.0,4.666666666666667,cloudy,,,,,education hill,,Unknown,varsity,long@7:02,long,422.0,,,,0,2017,Running_Log_2017.xlsx
2017-05-03,2017,5,123,3,5.1,34.0,400.0,21.0,4.666666666666667,clear,,,,,education hill,,Unknown,varsity,rec@6:54/400st,recovery,414.0,,,,0,2017,Running_Log_2017.xlsx
2017-05-04,2017,5,124,4,4.5,30.0,400.0,16.0,5.333333333333333,heavy rain,,,,,education hill,,Unknown,Alex,rec@6:40,recovery,400.0,,,,0,2017,Running_Log_2017.xlsx
2017-05-05,2017,5,125,5,8.4,54.0,385.7142857142857,14.0,4.666666666666667,cloudy,,,,,,,Unknown,varsity,"11j, 5rec/t, 1600 race@4:34.62, 15j, 3200 race@10:12.1, 8j [quad meet @ Redmond]",race,,,,,2,2017,Running_Log_2017.xlsx
2017-05-06,2017,5,126,6,6.2,46.0,445.1612903225806,9.0,5.333333333333333,cloudy,,,,,education hill,,Unknown,Alex,rec@7:25,recovery,445.0,,,,0,2017,Running_Log_2017.xlsx
2017-05-08,2017,5,128,1,6.8,44.0,388.2352941176471,19.0,4.666666666666667,clear,,,,,education hill,,Unknown,varsity,"15j, 3200f@5:35 (0:00rest/mi), 14j",fartlek,,3200.0,335.0,fartlek,0,2017,Running_Log_2017.xlsx
2017-05-09,2017,5,129,2,4.7,33.0,421.27659574468083,23.0,5.333333333333333,clear,,,,,education hill,,Unknown,varsity,rec@6:40/450st,recovery,400.0,,,,0,2017,Running_Log_2017.xlsx
2017-05-10,2017,5,130,3,4.4,29.0,395.45454545454544,22.0,5.333333333333333,cloudy,,,,,,,Unknown,varsity,"10j, 5rec/t, 1600 race@4:31.12, 9j [Kingco 3A Championships]",race,,,,,1,2017,Running_Log_2017.xlsx
2017-05-11,2017,5,131,4,4.4,30.0,409.09090909090907,10.0,4.666666666666667,overcast,,,,,education hill,,Unknown,Alex,rec@6:49,recovery,409.0,,,,0,2017,Running_Log_2017.xlsx
2017-05-12,2017,5,132,5,5.2,32.0,369.2307692307692,8.0,4.666666666666667,overcast,,,,,,,Unknown,varsity,"11j, 5rec/t, 3200 race@9:38.02, 6j [KingCo 3A Championships]",race,,,,,1,2017,Running_Log_2017.xlsx
2017-05-13,2017,5,133,6,6.2,43.0,416.1290322580645,9.0,5.333333333333333,light rain,,,,,education hill,,Unknown,solo,rec@6:53,recovery,413.0,,,,0,2017,Running_Log_2017.xlsx
2017-05-15,2017,5,135,1,6.2,41.0,396.7741935483871,10.0,5.333333333333333,light rain,,,,,education hill,,Unknown,George,"15j, 2800f@4:31 (4:34rest/mi), 14j",fartlek,,2800.0,271.0,fartlek,0,2017,Running_Log_2017.xlsx
2017-05-16,2017,5,136,2,6.5,43.0,396.9230769230769,11.0,4.666666666666667,overcast,,,,,education hill,,Unknown,George,rec@6:37,recovery,397.0,,,,0,2017,Running_Log_2017.xlsx
2017-05-17,2017,5,137,3,6.6,46.0,418.1818181818182,15.0,4.666666666666667,cloudy,,,,,education hill,,Unknown,George,"15j, 1600r@4:08 (8:00rest/mi), 15j",rep,,1600.0,248.0,rep,0,2017,Running_Log_2017.xlsx
2017-05-18,2017,5,138,4,6.6,45.0,409.0909090909091,22.0,5.333333333333333,clear,,,,,education hill,,Unknown,varsity,rec@6:50,recovery,410.0,,,,0,2017,Running_Log_2017.xlsx
2017-05-19,2017,5,139,5,3.5,25.0,428.57142857142856,21.0,5.333333333333333,clear,,,,,education hill,,Unknown,Alex,rec@7:09,recovery,429.0,,,,0,2017,Running_Log_2017.xlsx
2017-05-20,2017,5,140,6,4.0,24.0,360.0,24.0,6.0,clear,,,,,,,Unknown,George,"10j, 4rec/t, 3200 race@9:49.77 [3A District II]",race,,,,,1,2017,Running_Log_2017.xlsx
2017-05-22,2017,5,142,1,5.7,39.0,410.5263157894737,11.0,4.0,clear,,,,,education hill,,Unknown,solo,rec@6:51,recovery,411.0,,,,0,2017,Running_Log_2017.xlsx
2017-05-23,2017,5,143,2,5.6,38.0,407.14285714285717,12.0,4.666666666666667,clear,,,,,education hill,,Unknown,solo,rec@6:47,recovery,407.0,,,,0,2017,Running_Log_2017.xlsx
2017-05-24,2017,5,144,3,6.1,41.0,403.27868852459017,9.0,4.0,overcast,,,,,education hill,,Unknown,solo,rec@6:43,recovery,403.0,,,,0,2017,Running_Log_2017.xlsx
2017-05-25,2017,5,145,4,6.4,41.0,384.375,21.0,4.666666666666667,clear,,,,,education hill,,Unknown,solo,rec@6:24,recovery,384.0,,,,0,2017,Running_Log_2017.xlsx
2017-05-26,2017,5,146,5,5.3,39.0,441.50943396226415,11.0,4.666666666666667,clear,,,,,education hill,,Unknown,Alex,rec@7:22,recovery,442.0,,,,0,2017,Running_Log_2017.xlsx
2017-05-27,2017,5,147,6,6.1,45.0,442.62295081967216,20.0,6.0,clear,,,,,education hill,,Unknown,Alex,rec@7:23,recovery,443.0,,,,0,2017,Running_Log_2017.xlsx
2017-05-29,2017,5,149,1,6.1,39.0,383.6065573770492,17.0,5.333333333333333,clear,,,,,education hill,,Unknown,solo,"11j, 5000t@5:40 (1:20rest/mi), 10j",tempo,,5000.0,340.0,tempo,0,2017,Running_Log_2017.xlsx
2017-05-30,2017,5,150,2,5.7,36.0,378.9473684210526,14.0,4.666666666666667,overcast,,,,,education hill,,Unknown,solo,rec@6:19,recovery,379.0,,,,0,2017,Running_Log_2017.xlsx
2017-05-31,2017,5,151,3,5.8,39.0,403.44827586206895,11.0,5.333333333333333,cloudy,,,,,education hill,,Unknown,solo,rec@6:43,recovery,403.0,,,,0,2017,Running_Log_2017.xlsx
2017-06-01,2017,6,152,4,10.0,64.0,384.0,23.0,4.666666666666667,cloudy,,,,,education hill,,Unknown,solo,long@6:23,long,383.0,,,,0,2017,Running_Log_2017.xlsx
2017-06-02,2017,6,153,5,5.3,37.0,418.8679245283019,13.0,4.0,cloudy,,,,,education hill,,Unknown,solo,rec@6:59,recovery,419.0,,,,0,2017,Running_Log_2017.xlsx
2017-06-03,2017,6,154,6,5.7,37.0,389.4736842105263,14.0,5.333333333333333,cloudy,,,,,education hill,,Unknown,solo,rec@6:29,recovery,389.0,,,,0,2017,Running_Log_2017.xlsx
2017-06-05,2017,6,156,1,6.0,37.0,370.0,23.0,5.333333333333333,clear,,,,,education hill,,Unknown,solo,"10j, 5000t@5:44 (1:20 rest/mi), 8j",tempo,,5000.0,344.0,tempo,0,2017,Running_Log_2017.xlsx
2017-06-06,2017,6,157,2,5.4,37.0,411.1111111111111,9.0,4.666666666666667,clear,,,,,education hill,,Unknown,solo,rec@6:51,recovery,411.0,,,,0,2017,Running_Log_2017.xlsx
2017-06-07,2017,6,158,3,6.1,41.0,403.27868852459017,26.0,4.666666666666667,clear,,,,,everest,,Unknown,solo,"13j, 2:00hr-6x evst/8sp, 10j",hill_rep,,,,,0,2017,Running_Log_2017.xlsx
2017-06-08,2017,6,159,4,5.7,36.0,378.9473684210526,18.0,4.0,cloudy,,,,,education hill,,Unknown,solo,rec@6:19,recovery,379.0,,,,0,2017,Running_Log_2017.xlsx
2017-06-09,2017,6,160,5,6.9,46.0,400.0,17.0,4.0,light rain,,,,,education hill,,Unknown,varsity,rec@6:40,recovery,400.0,,,,0,2017,Running_Log_2017.xlsx
2017-06-10,2017,6,161,6,10.6,69.0,390.5660377358491,14.0,5.333333333333333,cloudy,,,,,education hill,,Unknown,solo,long@6:30,long,390.0,,,,0,2017,Running_Log_2017.xlsx
2017-06-12,2017,6,163,1,8.3,53.0,383.1325301204819,17.0,4.0,cloudy,,,,,education hill,,Unknown,solo,"11j, 8576t@5:40 (0:00 rest/mi), 12j",tempo,,8576.0,340.0,tempo,0,2017,Running_Log_2017.xlsx
2017-06-13,2017,6,164,2,5.7,36.0,378.9473684210526,20.0,4.666666666666667,cloudy,,,,,education hill,,Unknown,solo,rec@6:19,recovery,379.0,,,,0,2017,Running_Log_2017.xlsx
2017-06-14,2017,6,165,3,7.2,46.0,383.3333333333333,14.0,6.0,cloudy,,,,,rollercoaster,,Unknown,solo,"13j, 24hc-7x rc/4sp, 8j",hill_cont,,,,,0,2017,Running_Log_2017.xlsx
2017-06-15,2017,6,166,4,5.3,36.0,407.54716981132077,11.0,4.0,light rain,,,,,education hill,,Unknown,solo,rec@6:48,recovery,408.0,,,,0,2017,Running_Log_2017.xlsx
2017-06-16,2017,6,167,5,10.4,68.0,392.3076923076923,16.0,5.333333333333333,cloudy,,,,,education hill,,Unknown,solo,long@6:32,long,392.0,,,,0,2017,Running_Log_2017.xlsx
2017-06-17,2017,6,168,6,5.7,36.0,378.9473684210526,16.0,6.0,cloudy,,,,,education hill,,Unknown,solo,rec@6:19,recovery,379.0,,,,0,2017,Running_Log_2017.xlsx
2017-06-19,2017,6,170,1,6.0,37.0,370.0,18.0,6.666666666666667,cloudy,,,,,education hill,,Unknown,solo,"11j, 5000t@5:43 (1:20 rest/mi), 8j",tempo,,5000.0,343.0,tempo,0,2017,Running_Log_2017.xlsx
2017-06-20,2017,6,171,2,5.8,41.0,424.1379310344828,17.0,5.333333333333333,light rain,,,,,education hill,,Unknown,Alex,rec@7:04,recovery,424.0,,,,0,2017,Running_Log_2017.xlsx
2017-06-21,2017,6,172,3,10.0,63.0,378.0,19.0,6.666666666666667,clear,,,,,education hill,,Unknown,solo,long@6:17,long,377.0,,,,0,2017,Running_Log_2017.xlsx
2017-06-22,2017,6,173,4,5.7,36.0,378.9473684210526,15.0,5.333333333333333,clear,,,,,education hill,,Unknown,solo,rec@6:19,recovery,379.0,,,,0,2017,Running_Log_2017.xlsx
2017-06-23,2017,6,174,5,4.7,31.0,395.74468085106383,18.0,6.0,clear,,,,,education hill,,Unknown,solo,rec@6:36,recovery,396.0,,,,0,2017,Running_Log_2017.xlsx
2017-06-24,2017,6,175,6,7.3,46.0,378.0821917808219,19.0,5.333333333333333,clear,,,,,,,Unknown,solo,"15j, 5rec/t, 5000 race@16:13.2, 10j [Run of the Mill 5K]",race,,,,,1,2017,Running_Log_2017.xlsx
2017-06-26,2017,6,177,1,6.5,39.0,360.0,18.0,5.333333333333333,cloudy,,,,,education hill,,Unknown,solo,"12j, 5000i@5:11 (2:40 rest/mi), 11j",interval,,5000.0,311.0,interval,0,2017,Running_Log_2017.xlsx
2017-06-27,2017,6,178,2,5.7,41.0,431.57894736842104,14.0,5.333333333333333,clear,,,,,education hill,,Unknown,Alex,rec@7:12,recovery,432.0,,,,0,2017,Running_Log_2017.xlsx
2017-06-28,2017,6,179,3,6.6,44.0,400.0,16.0,6.0,cloudy,,,,,powerline west,,Unknown,solo,"13j, 23hc-9x pwr1, 8j",hill_cont,,,,,0,2017,Running_Log_2017.xlsx
2017-06-29,2017,6,180,4,5.7,37.0,389.4736842105263,16.0,5.333333333333333,clear,,,,,education hill,,Unknown,solo,rec@6:29,recovery,389.0,,,,0,2017,Running_Log_2017.xlsx
2017-06-30,2017,6,181,5,11.5,78.0,406.95652173913044,20.0,5.333333333333333,clear,,,,,education hill,,Unknown,solo,long@6:47,long,407.0,,,,0,2017,Running_Log_2017.xlsx
2017-07-01,2017,7,182,6,5.7,41.0,431.57894736842104,14.0,4.0,cloudy,,,,,education hill,,Unknown,Alex,rec@7:12,recovery,432.0,,,,0,2017,Running_Log_2017.xlsx
2017-07-03,2017,7,184,1,4.7,30.0,382.9787234042553,19.0,4.666666666666667,cloudy,,,,,education hill,,Unknown,solo,rec@6:23,recovery,383.0,,,,0,2017,Running_Log_2017.xlsx
2017-07-04,2017,7,185,2,7.5,46.0,368.0,15.0,5.333333333333333,cloudy,,,,,,,Unknown,solo,"15j, 5rec/t, 5000 race@16:16.3, 10j [Run for the Pies]",race,,,,,1,2017,Running_Log_2017.xlsx
2017-07-05,2017,7,186,3,10.1,67.0,398.01980198019805,22.0,6.0,clear,,,,,education hill,,Unknown,solo,long@6:38,long,398.0,,,,0,2017,Running_Log_2017.xlsx
2017-07-06,2017,7,187,4,4.7,33.0,421.27659574468083,19.0,6.0,clear,,,,,education hill,,Unknown,Alex,rec@7:01,recovery,421.0,,,,0,2017,Running_Log_2017.xlsx
2017-07-07,2017,7,188,5,6.8,40.0,352.94117647058823,23.0,5.333333333333333,clear,,,,,,,Unknown,Alex,"10j, 5rec/t, 5000 race@16:14, 10j [Redmond Derby Days Dash]",race,,,,,1,2017,Running_Log_2017.xlsx
2017-07-08,2017,7,189,6,6.0,40.0,400.0,20.0,5.333333333333333,clear,,,,,education hill,,Unknown,solo,rec@6:40,recovery,400.0,,,,0,2017,Running_Log_2017.xlsx
2017-07-10,2017,7,191,1,12.5,82.0,393.6,19.0,6.0,cloudy,,,,,education hill,,Unknown,varsity,"21j; 19j, 7680t@5:50 (0:00 rest/mi), 14j",tempo,,7680.0,350.0,tempo,0,2017,Running_Log_2017.xlsx
2017-07-11,2017,7,192,2,4.7,31.0,395.74468085106383,17.0,6.666666666666667,cloudy,,,,,education hill,,Unknown,solo,rec@6:36,recovery,396.0,,,,0,2017,Running_Log_2017.xlsx
2017-07-12,2017,7,193,3,7.2,45.0,375.0,20.0,6.0,clear,,,,,,,Unknown,solo,"12j, 5rec/t, 5000 race@15:49.69, 12j [Club Northwest All Comers]",race,,,,,1,2017,Running_Log_2017.xlsx
2017-07-13,2017,7,194,4,5.7,41.0,431.57894736842104,17.0,5.333333333333333,cloudy,,,,,education hill,,Unknown,Alex,rec@7:12,recovery,432.0,,,,0,2017,Running_Log_2017.xlsx
2017-07-14,2017,7,195,5,10.0,67.0,402.0,19.0,6.0,clear,,,,,education hill,,Unknown,solo,long@6:43,long,403.0,,,,0,2017,Running_Log_2017.xlsx
2017-07-15,2017,7,196,6,5.8,38.0,393.1034482758621,17.0,5.333333333333333,clear,,,,,education hill,,Unknown,solo,rec@6:33,recovery,393.0,,,,0,2017,Running_Log_2017.xlsx
2017-07-17,2017,7,198,1,11.8,77.0,391.52542372881356,18.0,5.333333333333333,clear,,,,,education hill,,Unknown,varsity,"21j; 18j, 6597t@6:20 (0:00 rest/mi), 12j",tempo,,6597.0,380.0,tempo,0,2017,Running_Log_2017.xlsx
2017-07-18,2017,7,199,2,5.7,38.0,400.0,12.0,4.0,clear,,,,,education hill,,Unknown,solo,rec@6:40,recovery,400.0,,,,0,2017,Running_Log_2017.xlsx
2017-07-19,2017,7,200,3,6.3,40.0,380.95238095238096,24.0,0.0,indoors,,,,,education hill,,Unknown,solo,rec@6:24,recovery,384.0,,,,0,2017,Running_Log_2017.xlsx
2017-07-20,2017,7,201,4,7.3,44.0,361.64383561643837,24.0,6.666666666666667,indoors,,,,,education hill,,Unknown,solo,"10j, 7000t@5:29 (0:00 rest/mi), 10j",tempo,,7000.0,329.0,tempo,0,2017,Running_Log_2017.xlsx
2017-07-21,2017,7,202,5,5.2,37.0,426.9230769230769,18.0,4.666666666666667,clear,,,,,education hill,,Unknown,solo,rec@7:11,recovery,431.0,,,,0,2017,Running_Log_2017.xlsx
2017-07-22,2017,7,203,6,6.3,40.0,380.95238095238096,16.0,4.666666666666667,cloudy,,,,,education hill,,Unknown,solo,rec@6:21,recovery,381.0,,,,0,2017,Running_Log_2017.xlsx
2017-07-24,2017,7,205,1,5.3,37.0,418.8679245283019,13.0,4.666666666666667,cloudy,,,,,geneva,,Unknown,solo,rec@7:00,recovery,420.0,,,,0,2017,Running_Log_2017.xlsx
2017-07-25,2017,7,206,2,5.8,38.0,393.1034482758621,14.0,4.666666666666667,cloudy,,,,,geneva,,Unknown,solo,rec@6:33,recovery,393.0,,,,0,2017,Running_Log_2017.xlsx
2017-07-26,2017,7,207,3,8.7,57.0,393.1034482758621,11.0,4.666666666666667,cloudy,,,,,geneva,,Unknown,solo,rec@6:33,recovery,393.0,,,,0,2017,Running_Log_2017.xlsx
2017-07-27,2017,7,208,4,5.5,38.0,414.54545454545456,12.0,4.0,cloudy,,,,,geneva,,Unknown,solo,rec@6:55,recovery,415.0,,,,0,2017,Running_Log_2017.xlsx
2017-07-28,2017,7,209,5,7.2,42.0,350.0,21.0,4.0,clear,,,,,geneva,,Unknown,solo,"10j, 7080t@5:27 (0:00 rest/mi), 8j",tempo,,7080.0,327.0,tempo,0,2017,Running_Log_2017.xlsx
2017-07-29,2017,7,210,6,6.0,39.0,390.0,16.0,4.666666666666667,clear,,,,,geneva,,Unknown,solo,rec@6:30,recovery,390.0,,,,0,2017,Running_Log_2017.xlsx
2017-07-31,2017,7,212,1,8.7,58.0,400.00000000000006,26.0,4.666666666666667,clear,,,,,education hill,,Unknown,varsity,"15j, 7562t@5:57 (0:00 rest/mi), 15j",tempo,,7562.0,357.0,tempo,0,2017,Running_Log_2017.xlsx
2017-08-01,2017,8,213,2,4.7,32.0,408.51063829787233,20.0,6.0,clear,,,,,education hill,,Unknown,solo,rec@6:49,recovery,409.0,,,,0,2017,Running_Log_2017.xlsx
2017-08-02,2017,8,214,3,5.9,36.0,366.1016949152542,26.0,6.0,foggy,,,,,,,Unknown,solo,"13j, 5rec/t, 1500 race@4:17.59, 14j [Club Northwest All Comers]",race,,,,,1,2017,Running_Log_2017.xlsx
2017-08-03,2017,8,215,4,5.7,38.0,400.0,22.0,5.333333333333333,clear,,,,,education hill,,Unknown,solo,rec@6:40,recovery,400.0,,,,0,2017,Running_Log_2017.xlsx
2017-08-04,2017,8,216,5,9.8,67.0,410.204081632653,25.0,6.0,foggy,,,,,education hill,,Unknown,solo,long@6:50,long,410.0,,,,0,2017,Running_Log_2017.xlsx
2017-08-05,2017,8,217,6,4.7,30.0,382.9787234042553,15.0,4.666666666666667,foggy,,,,,education hill,,Unknown,solo,rec@6:23,recovery,383.0,,,,0,2017,Running_Log_2017.xlsx
2017-08-07,2017,8,219,1,9.6,59.0,368.75,29.0,5.333333333333333,clear,,,,,education hill,,Unknown,solo,"21j; 12j, 4800i@4:59 (4:00 rest/mi), 11j",interval,,4800.0,299.0,interval,0,2017,Running_Log_2017.xlsx
2017-08-08,2017,8,220,2,4.7,31.0,395.74468085106383,20.0,6.0,clear,,,,,education hill,,Unknown,solo,rec@6:36,recovery,396.0,,,,0,2017,Running_Log_2017.xlsx
2017-08-09,2017,8,221,3,7.2,44.0,366.6666666666667,23.0,5.333333333333333,foggy,,,,,,,Unknown,solo,"15j, 5rec/t, 3218 race@9:55.9, 14j [Club Northwest All Comers]",race,,,,,1,2017,Running_Log_2017.xlsx
2017-08-10,2017,8,222,4,5.7,37.0,389.4736842105263,23.0,5.333333333333333,clear,,,,,education hill,,Unknown,solo,rec@6:29,recovery,389.0,,,,0,2017,Running_Log_2017.xlsx
2017-08-11,2017,8,223,5,10.0,65.0,390.0,22.0,5.333333333333333,clear,,,,,education hill,,Unknown,solo,long@6:30,long,390.0,,,,0,2017,Running_Log_2017.xlsx
2017-08-12,2017,8,224,6,5.3,35.0,396.22641509433964,17.0,6.0,cloudy,,,,,education hill,,Unknown,solo,rec@6:36,recovery,396.0,,,,0,2017,Running_Log_2017.xlsx
2017-08-14,2017,8,226,1,6.3,38.0,361.9047619047619,13.0,4.666666666666667,cloudy,,,,,education hill,,Unknown,solo,"10j, 5000i@5:42 (3:12 rest/mi), 10j",interval,,5000.0,342.0,interval,0,2017,Running_Log_2017.xlsx
2017-08-15,2017,8,227,2,6.5,43.0,396.9230769230769,8.0,4.666666666666667,clear,,,,,butte,,Unknown,solo,rec@6:37,recovery,397.0,,,,0,2017,Running_Log_2017.xlsx
2017-08-16,2017,8,228,3,6.6,44.0,400.0,17.0,4.666666666666667,cloudy,,,,,kadoka,,Unknown,solo,rec@6:40,recovery,400.0,,,,0,2017,Running_Log_2017.xlsx
2017-08-17,2017,8,229,4,6.0,40.0,400.0,18.0,4.666666666666667,cloudy,,,,,kansas city,,Unknown,solo,rec@6:40,recovery,400.0,,,,0,2017,Running_Log_2017.xlsx
2017-08-18,2017,8,230,5,7.5,51.0,408.0,27.0,5.333333333333333,clear,,,,,nashville,,Unknown,solo,rec@6:45,recovery,405.0,,,,0,2017,Running_Log_2017.xlsx
2017-08-20,2017,8,232,7,5.8,38.0,393.1034482758621,23.0,4.0,clear,,,,,nashville,,Unknown,solo,rec@6:33,recovery,393.0,,,,0,2017,Running_Log_2017.xlsx
2017-08-21,2017,8,233,1,5.7,37.0,389.4736842105263,23.0,4.0,clear,,,,,nashville,,Unknown,solo,rec@6:29,recovery,389.0,,,,0,2017,Running_Log_2017.xlsx
2017-08-22,2017,8,234,2,6.7,44.0,394.02985074626866,25.0,4.0,clear,,,,,love circle,,Unknown,solo,"11j, 22hc-5x lc, 11j",hill_cont,,,,,0,2017,Running_Log_2017.xlsx
2017-08-23,2017,8,235,3,5.8,36.0,372.4137931034483,21.0,3.3333333333333335,cloudy,,,,,nashville,,Unknown,solo,rec@6:12,recovery,372.0,,,,0,2017,Running_Log_2017.xlsx
2017-08-24,2017,8,236,4,5.6,33.0,353.5714285714286,19.0,5.333333333333333,clear,,,,,nashville,,Unknown,solo,"9j, 4800i@5:10 (3:20 rest/mi), 9j",interval,,4800.0,310.0,interval,0,2017,Running_Log_2017.xlsx
2017-08-25,2017,8,237,5,5.8,36.0,372.4137931034483,19.0,4.666666666666667,clear,,,,,nashville,,Unknown,solo,rec@6:12,recovery,372.0,,,,0,2017,Running_Log_2017.xlsx
2017-08-26,2017,8,238,6,6.8,49.0,432.3529411764706,21.0,5.333333333333333,clear,,,,,nashville,,Unknown,Commons,rec@7:12,recovery,432.0,,,,0,2017,Running_Log_2017.xlsx
2017-08-28,2017,8,240,1,5.8,37.0,382.7586206896552,21.0,4.666666666666667,light rain,,,,,nashville,,Unknown,solo,rec@6:23,recovery,383.0,,,,0,2017,Running_Log_2017.xlsx
2017-08-29,2017,8,241,2,7.4,45.0,364.86486486486484,19.0,5.333333333333333,foggy,,,,,nashville,,Unknown,solo,"12j, 6400t@5:19 (1:00 rest/mi), 12j",tempo,,6400.0,319.0,tempo,0,2017,Running_Log_2017.xlsx
2017-08-30,2017,8,242,3,5.8,37.0,382.7586206896552,21.0,4.0,cloudy,,,,,nashville,,Unknown,solo,rec@6:23,recovery,383.0,,,,0,2017,Running_Log_2017.xlsx
2017-08-31,2017,8,243,4,12.0,79.0,395.0,21.0,4.666666666666667,cloudy,,,,,nashville,,Unknown,solo,long@6:35,long,395.0,,,,0,2017,Running_Log_2017.xlsx
2017-09-01,2017,9,244,5,5.8,37.0,382.7586206896552,19.0,4.666666666666667,light rain,,,,,nashville,,Unknown,solo,rec@6:23,recovery,383.0,,,,0,2017,Running_Log_2017.xlsx
2017-09-02,2017,9,245,6,7.1,50.0,422.53521126760563,18.0,4.666666666666667,clear,,,,,nashville,,Unknown,Commons,rec@7:01,recovery,421.0,,,,0,2017,Running_Log_2017.xlsx
2017-09-04,2017,9,247,1,5.8,37.0,382.7586206896552,17.0,4.666666666666667,clear,,,,,nashville,,Unknown,solo,rec@6:23,recovery,383.0,,,,0,2017,Running_Log_2017.xlsx
2017-09-05,2017,9,248,2,7.4,45.0,364.86486486486484,20.0,4.666666666666667,light rain,,,,,nashville,,Unknown,solo,"12j, 6400t@5:25 (1:00 rest/mi), 11j",tempo,,6400.0,325.0,tempo,0,2017,Running_Log_2017.xlsx
2017-09-06,2017,9,249,3,5.8,36.0,372.4137931034483,13.0,4.666666666666667,clear,,,,,nashville,,Unknown,solo,rec@6:12,recovery,372.0,,,,0,2017,Running_Log_2017.xlsx
2017-09-07,2017,9,250,4,13.1,85.0,389.31297709923666,13.0,5.333333333333333,clear,,,,,nashville,,Unknown,solo,long@6:29,long,389.0,,,,0,2017,Running_Log_2017.xlsx
2017-09-08,2017,9,251,5,6.8,41.0,361.7647058823529,24.0,4.666666666666667,clear,,,,,nashville,,Unknown,solo,rec@6:02,recovery,362.0,,,,0,2017,Running_Log_2017.xlsx
2017-09-09,2017,9,252,6,9.1,63.0,415.3846153846154,20.0,5.333333333333333,clear,,,,,nashville,,Unknown,Commons,rec@6:55,recovery,415.0,,,,0,2017,Running_Log_2017.xlsx
2017-09-11,2017,9,254,1,5.8,36.0,372.4137931034483,16.0,4.0,cloudy,,,,,nashville,,Unknown,solo,rec@6:12,recovery,372.0,,,,0,2017,Running_Log_2017.xlsx
2017-09-12,2017,9,255,2,7.4,43.0,348.64864864864865,16.0,5.333333333333333,light rain,,,,,nashville,,Unknown,solo,"11j, 6400t@5:18 (1:00 rest/mi), 11j",tempo,,6400.0,318.0,tempo,0,2017,Running_Log_2017.xlsx
2017-09-13,2017,9,256,3,5.8,37.0,382.7586206896552,15.0,4.666666666666667,overcast,,,,,nashville,,Unknown,solo,rec@6:23,recovery,383.0,,,,0,2017,Running_Log_2017.xlsx
2017-09-14,2017,9,257,4,14.4,89.0,370.8333333333333,18.0,5.333333333333333,overcast,,,,,nashville,,Unknown,solo,long@6:11,long,371.0,,,,0,2017,Running_Log_2017.xlsx
2017-09-15,2017,9,258,5,6.8,44.0,388.2352941176471,19.0,4.0,clear,,,,,nashville,,Unknown,solo,rec@6:28,recovery,388.0,,,,0,2017,Running_Log_2017.xlsx
2017-09-16,2017,9,259,6,6.8,41.0,361.7647058823529,24.0,6.0,clear,,,,,nashville,,Unknown,solo,"9j, 6720t@5:50 (0:00 rest/mi), 8j",tempo,,6720.0,350.0,tempo,0,2017,Running_Log_2017.xlsx
2017-09-18,2017,9,261,1,5.8,36.0,372.4137931034483,20.0,4.666666666666667,clear,,,,,nashville,,Unknown,solo,rec@6:12,recovery,372.0,,,,0,2017,Running_Log_2017.xlsx
2017-09-19,2017,9,262,2,7.4,43.0,348.64864864864865,22.0,5.333333333333333,cloudy,,,,,nashville,,Unknown,solo,"11j, 6400t@5:21 (1:00 rest/mi), 11j",tempo,,6400.0,321.0,tempo,0,2017,Running_Log_2017.xlsx
2017-09-20,2017,9,263,3,5.8,37.0,382.7586206896552,21.0,4.0,clear,,,,,nashville,,Unknown,solo,rec@6:23,recovery,383.0,,,,0,2017,Running_Log_2017.xlsx
2017-09-21,2017,9,264,4,15.9,106.0,400.0,25.0,5.333333333333333,clear,,,,,nashville,,Unknown,solo,long@6:40,long,400.0,,,,0,2017,Running_Log_2017.xlsx
2017-09-22,2017,9,265,5,6.8,44.0,388.2352941176471,22.0,4.666666666666667,clear,,,,,nashville,,Unknown,solo,rec@6:28,recovery,388.0,,,,0,2017,Running_Log_2017.xlsx
2017-09-23,2017,9,266,6,9.4,66.0,421.27659574468083,25.0,4.666666666666667,clear,,,,,nashville,,Unknown,Commons,rec@7:01,recovery,421.0,,,,0,2017,Running_Log_2017.xlsx
2017-09-25,2017,9,268,1,5.8,37.0,382.7586206896552,21.0,4.666666666666667,clear,,,,,nashville,,Unknown,solo,rec@6:23,recovery,383.0,,,,0,2017,Running_Log_2017.xlsx
2017-09-26,2017,9,269,2,7.4,44.0,356.7567567567567,22.0,4.666666666666667,clear,,,,,nashville,,Unknown,solo,"11j, 6400t@5:23 (1:00 rest/mi), 11j",tempo,,6400.0,323.0,tempo,0,2017,Running_Log_2017.xlsx
2017-09-27,2017,9,270,3,5.8,37.0,382.7586206896552,20.0,5.333333333333333,clear,,,,,nashville,,Unknown,solo,rec@6:23,recovery,383.0,,,,0,2017,Running_Log_2017.xlsx
2017-09-28,2017,9,271,4,14.2,90.0,380.2816901408451,20.0,4.666666666666667,clear,,,,,nashville,,Unknown,solo,long@6:20,long,380.0,,,,0,2017,Running_Log_2017.xlsx
2017-09-29,2017,9,272,5,6.8,43.0,379.4117647058824,16.0,4.666666666666667,clear,,,,,nashville,,Unknown,solo,rec@6:19,recovery,379.0,,,,0,2017,Running_Log_2017.xlsx
2017-09-30,2017,9,273,6,8.3,53.0,383.1325301204819,18.0,4.666666666666667,clear,,,,,nashville,,Unknown,Commons,rec@6:23,recovery,383.0,,,,0,2017,Running_Log_2017.xlsx
2017-10-02,2017,10,275,1,5.8,35.0,362.0689655172414,16.0,4.0,cloudy,,,,,nashville,,Unknown,solo,rec@6:02,recovery,362.0,,,,0,2017,Running_Log_2017.xlsx
2017-10-03,2017,10,276,2,7.4,43.0,348.64864864864865,20.0,4.666666666666667,clear,,,,,nashville,,Unknown,solo,"11j, 6400t@5:20 (1:00 rest/mi), 11j",tempo,,6400.0,320.0,tempo,0,2017,Running_Log_2017.xlsx
2017-10-04,2017,10,277,3,5.8,36.0,372.4137931034483,16.0,4.666666666666667,clear,,,,,nashville,,Unknown,solo,rec@6:12,recovery,372.0,,,,0,2017,Running_Log_2017.xlsx
2017-10-05,2017,10,278,4,14.0,91.0,390.0,19.0,5.333333333333333,clear,,,,,nashville,,Unknown,solo,long@6:30,long,390.0,,,,0,2017,Running_Log_2017.xlsx
2017-10-06,2017,10,279,5,5.8,36.0,372.4137931034483,17.0,4.666666666666667,clear,,,,,nashville,,Unknown,solo,rec@6:12,recovery,372.0,,,,0,2017,Running_Log_2017.xlsx
2017-10-07,2017,10,280,6,3.7,23.0,372.97297297297297,23.0,4.666666666666667,cloudy,,,,,nashville,,Unknown,solo,rec@6:13,recovery,373.0,,,,0,2017,Running_Log_2017.xlsx
2017-10-09,2017,10,282,1,5.8,36.0,372.4137931034483,23.0,4.0,cloudy,,,,,nashville,,Unknown,solo,rec@6:12,recovery,372.0,,,,0,2017,Running_Log_2017.xlsx
2017-10-10,2017,10,283,2,6.4,37.0,346.875,24.0,4.666666666666667,light rain,,,,,nashville,,Unknown,solo,"11j, 4800f@5:04 (2:20 rest/mi), 11j",fartlek,,4800.0,304.0,fartlek,0,2017,Running_Log_2017.xlsx
2017-10-11,2017,10,284,3,5.8,36.0,372.4137931034483,21.0,5.333333333333333,light rain,,,,,nashville,,Unknown,solo,rec@6:12,recovery,372.0,,,,0,2017,Running_Log_2017.xlsx
2017-10-12,2017,10,285,4,14.6,89.0,365.75342465753425,15.0,4.666666666666667,overcast,,,,,nashville,,Unknown,solo,long@6:06,long,366.0,,,,0,2017,Running_Log_2017.xlsx
2017-10-13,2017,10,286,5,5.8,35.0,362.0689655172414,20.0,6.0,clear,,,,,nashville,,Unknown,solo,rec@6:02,recovery,362.0,,,,0,2017,Running_Log_2017.xlsx
2017-10-14,2017,10,287,6,6.9,44.0,382.6086956521739,24.0,5.333333333333333,clear,,,,,nashville,,Unknown,solo,rec@6:23,recovery,383.0,,,,0,2017,Running_Log_2017.xlsx
2017-10-16,2017,10,289,1,5.8,35.0,362.0689655172414,9.0,4.666666666666667,clear,,,,,nashville,,Unknown,solo,rec@6:02,recovery,362.0,,,,0,2017,Running_Log_2017.xlsx
2017-10-17,2017,10,290,2,7.4,43.0,348.64864864864865,8.0,5.333333333333333,clear,,,,,nashville,,Unknown,solo,"11j, 6400t@5:20 (1:00 rest/mi), 11j",tempo,,6400.0,320.0,tempo,0,2017,Running_Log_2017.xlsx
2017-10-18,2017,10,291,3,5.8,36.0,372.4137931034483,7.0,4.666666666666667,clear,,,,,nashville,,Unknown,solo,rec@6:12,recovery,372.0,,,,0,2017,Running_Log_2017.xlsx
2017-10-19,2017,10,292,4,14.0,89.0,381.42857142857144,12.0,5.333333333333333,clear,,,,,nashville,,Unknown,solo,long@6:21,long,381.0,,,,0,2017,Running_Log_2017.xlsx
2017-10-20,2017,10,293,5,5.8,35.0,362.0689655172414,25.0,5.333333333333333,clear,,,,,nashville,,Unknown,solo,rec@6:02,recovery,362.0,,,,0,2017,Running_Log_2017.xlsx
2017-10-21,2017,10,294,6,6.9,46.0,400.0,15.0,5.333333333333333,clear,,,,,nashville,,Unknown,solo,rec@6:40,recovery,400.0,,,,0,2017,Running_Log_2017.xlsx
2017-10-23,2017,10,296,1,5.8,36.0,372.4137931034483,17.0,4.666666666666667,overcast,,,,,nashville,,Unknown,solo,rec@6:12,recovery,372.0,,,,0,2017,Running_Log_2017.xlsx
2017-10-24,2017,10,297,2,7.4,43.0,348.64864864864865,12.0,5.333333333333333,clear,,,,,nashville,,Unknown,solo,"11j, 6400t@5:19 (1:00 rest/mi), 11j",tempo,,6400.0,319.0,tempo,0,2017,Running_Log_2017.xlsx
2017-10-25,2017,10,298,3,5.8,36.0,372.4137931034483,6.0,4.666666666666667,clear,,,,,nashville,,Unknown,solo,rec@6:12,recovery,372.0,,,,0,2017,Running_Log_2017.xlsx
2017-10-26,2017,10,299,4,14.2,89.0,376.056338028169,8.0,5.333333333333333,clear,,,,,nashville,,Unknown,solo,long@6:16,long,376.0,,,,0,2017,Running_Log_2017.xlsx
2017-10-27,2017,10,300,5,5.8,36.0,372.4137931034483,14.0,5.333333333333333,clear,,,,,nashville,,Unknown,solo,rec@6:12,recovery,372.0,,,,0,2017,Running_Log_2017.xlsx
2017-10-28,2017,10,301,6,10.9,72.0,396.33027522935777,5.0,5.333333333333333,clear,,,,,nashville,,Unknown,Commons,long@6:36,long,396.0,,,,0,2017,Running_Log_2017.xlsx
2017-10-30,2017,10,303,1,5.8,35.0,362.0689655172414,2.0,5.333333333333333,clear,,,,,nashville,,Unknown,solo,rec@6:02,recovery,362.0,,,,0,2017,Running_Log_2017.xlsx
2017-10-31,2017,10,304,2,7.4,43.0,348.64864864864865,5.0,4.666666666666667,clear,,,,,nashville,,Unknown,solo,"11j, 6400t@5:17 (1:00 rest/mi), 11j",tempo,,6400.0,317.0,tempo,0,2017,Running_Log_2017.xlsx
2017-11-01,2017,11,305,3,5.8,36.0,372.4137931034483,10.0,5.333333333333333,overcast,,,,,nashville,,Unknown,solo,rec@6:12,recovery,372.0,,,,0,2017,Running_Log_2017.xlsx
2017-11-02,2017,11,306,4,14.0,87.0,372.85714285714283,19.0,5.333333333333333,cloudy,,,,,nashville,,Unknown,solo,long@6:13,long,373.0,,,,0,2017,Running_Log_2017.xlsx
2017-11-03,2017,11,307,5,5.8,36.0,372.4137931034483,19.0,4.666666666666667,heavy rain,,,,,nashville,,Unknown,solo,rec@6:12,recovery,372.0,,,,0,2017,Running_Log_2017.xlsx
2017-11-04,2017,11,308,6,11.5,80.0,417.39130434782606,19.0,4.666666666666667,foggy,,,,,nashville,,Unknown,Commons,long@6:57,long,417.0,,,,0,2017,Running_Log_2017.xlsx
2017-11-06,2017,11,310,1,5.8,35.0,362.0689655172414,18.0,4.666666666666667,light rain,,,,,nashville,,Unknown,solo,rec@6:02,recovery,362.0,,,,0,2017,Running_Log_2017.xlsx
2017-11-07,2017,11,311,2,7.4,43.0,348.64864864864865,14.0,5.333333333333333,cloudy,,,,,nashville,,Unknown,solo,"11j, 6400t@5:15 (1:00 rest/mi), 11j",tempo,,6400.0,315.0,tempo,0,2017,Running_Log_2017.xlsx
2017-11-08,2017,11,312,3,5.8,35.0,362.0689655172414,8.0,4.666666666666667,clear,,,,,nashville,,Unknown,solo,rec@6:02,recovery,362.0,,,,0,2017,Running_Log_2017.xlsx
2017-11-09,2017,11,313,4,9.4,60.0,382.9787234042553,9.0,4.666666666666667,clear,,,,,nashville,,Unknown,solo,rec@6:23,recovery,383.0,,,,0,2017,Running_Log_2017.xlsx
2017-11-10,2017,11,314,5,4.7,30.0,382.9787234042553,4.0,4.666666666666667,clear,,,,,nashville,,Unknown,solo,rec@6:23,recovery,383.0,,,,0,2017,Running_Log_2017.xlsx
2017-11-11,2017,11,315,6,13.1,76.0,348.0916030534351,2.0,4.666666666666667,clear,,,,,,,Unknown,solo,21098 race@75:59 [Nashville Half Marathon],race,,,,,1,2017,Running_Log_2017.xlsx
2017-11-13,2017,11,317,1,5.8,36.0,372.4137931034483,7.0,4.666666666666667,cloudy,,,,,nashville,,Unknown,solo,rec@6:12,recovery,372.0,,,,0,2017,Running_Log_2017.xlsx
2017-11-14,2017,11,318,2,6.4,37.0,346.875,2.0,5.333333333333333,clear,,,,,nashville,,Unknown,solo,"11j, 4800f@5:03 (2:20 rest/mi), 11j",fartlek,,4800.0,303.0,fartlek,0,2017,Running_Log_2017.xlsx
2017-11-15,2017,11,319,3,5.8,35.0,362.0689655172414,10.0,5.333333333333333,cloudy,,,,,nashville,,Unknown,solo,rec@6:02,recovery,362.0,,,,0,2017,Running_Log_2017.xlsx
2017-11-16,2017,11,320,4,10.9,70.0,385.3211009174312,9.0,4.666666666666667,clear,,,,,nashville,,Unknown,solo,long@6:25,long,385.0,,,,0,2017,Running_Log_2017.xlsx
2017-11-17,2017,11,321,5,5.8,35.0,362.0689655172414,3.0,4.0,foggy,,,,,nashville,,Unknown,solo,rec@6:02,recovery,362.0,,,,0,2017,Running_Log_2017.xlsx
2017-11-18,2017,11,322,6,10.0,65.0,390.0,8.0,4.0,overcast,,,,,nashville,,Unknown,solo,long@6:29,long,389.0,,,,0,2017,Running_Log_2017.xlsx
2017-11-20,2017,11,324,1,6.7,43.0,385.07462686567163,8.0,4.666666666666667,heavy rain,,,,,education hill,,Unknown,solo,"12j, 5000i@6:02 (3:12 rest/mi), 12j",interval,,5000.0,362.0,interval,0,2017,Running_Log_2017.xlsx
2017-11-21,2017,11,325,2,5.7,35.0,368.42105263157896,7.0,5.333333333333333,heavy rain,,,,,education hill,,Unknown,solo,rec@6:08,recovery,368.0,,,,0,2017,Running_Log_2017.xlsx
2017-11-22,2017,11,326,3,5.3,37.0,418.8679245283019,16.0,5.333333333333333,light rain,,,,,education hill,,Unknown,Alex,rec@6:59,recovery,419.0,,,,0,2017,Running_Log_2017.xlsx
2017-11-23,2017,11,327,4,7.0,42.0,360.0,13.0,5.333333333333333,light rain,,,,,,,Unknown,"Andrey, Claire","15j, 5000 race@17:15, 10j [English Hill Turkey Trot]",race,,,,,1,2017,Running_Log_2017.xlsx
2017-11-24,2017,11,328,5,5.7,36.0,378.9473684210526,9.0,5.333333333333333,cloudy,,,,,education hill,,Unknown,solo,rec@6:19,recovery,379.0,,,,0,2017,Running_Log_2017.xlsx
2017-11-25,2017,11,329,6,13.4,88.0,394.02985074626866,8.0,4.666666666666667,cloudy,,,,,education hill,,Unknown,solo,long@6:35,long,395.0,,,,0,2017,Running_Log_2017.xlsx
2017-11-26,2017,11,330,7,5.7,37.0,389.4736842105263,13.0,4.0,light rain,,,,,education hill,,Unknown,solo,rec@6:29,recovery,389.0,,,,0,2017,Running_Log_2017.xlsx
2017-11-28,2017,11,332,2,6.4,37.0,346.875,5.0,4.666666666666667,clear,,,,,nashville,,Unknown,solo,"11j, 4800f@5:03 (2:20 rest/mi), 11j",fartlek,,4800.0,303.0,fartlek,0,2017,Running_Log_2017.xlsx
2017-11-29,2017,11,333,3,5.8,36.0,372.4137931034483,3.0,4.666666666666667,clear,,,,,nashville,,Unknown,solo,rec@6:12,recovery,372.0,,,,0,2017,Running_Log_2017.xlsx
2017-11-30,2017,11,334,4,14.0,87.0,372.85714285714283,13.0,4.666666666666667,heavy rain,,,,,nashville,,Unknown,solo,long@6:13,long,373.0,,,,0,2017,Running_Log_2017.xlsx
2017-12-01,2017,12,335,5,5.8,35.0,362.0689655172414,6.0,4.666666666666667,clear,,,,,nashville,,Unknown,solo,rec@6:02,recovery,362.0,,,,0,2017,Running_Log_2017.xlsx
2017-12-02,2017,12,336,6,10.7,75.0,420.5607476635514,10.0,4.666666666666667,clear,,,,,nashville,,Unknown,Commons,long@7:01,long,421.0,,,,0,2017,Running_Log_2017.xlsx
2017-12-04,2017,12,338,1,5.8,35.0,362.0689655172414,13.0,4.666666666666667,clear,,,,,nashville,,Unknown,solo,rec@6:02,recovery,362.0,,,,0,2017,Running_Log_2017.xlsx
2017-12-05,2017,12,339,2,6.4,37.0,346.875,14.0,4.666666666666667,light rain,,,,,nashville,,Unknown,solo,"11j, 4800f@5:00 (2:20 rest/mi), 11j",fartlek,,4800.0,300.0,fartlek,0,2017,Running_Log_2017.xlsx
2017-12-06,2017,12,340,3,5.8,35.0,362.0689655172414,3.0,4.666666666666667,cloudy,,,,,nashville,,Unknown,solo,rec@6:02,recovery,362.0,,,,0,2017,Running_Log_2017.xlsx
2017-12-07,2017,12,341,4,15.0,91.0,364.0,3.0,4.666666666666667,clear,,,,,nashville,,Unknown,solo,long@6:04,long,364.0,,,,0,2017,Running_Log_2017.xlsx
2017-12-08,2017,12,342,5,5.8,36.0,372.4137931034483,-1.0,4.666666666666667,cloudy,,,,,nashville,,Unknown,solo,rec@6:12,recovery,372.0,,,,0,2017,Running_Log_2017.xlsx
2017-12-09,2017,12,343,6,5.8,35.0,362.0689655172414,-2.0,4.666666666666667,clear,,,,,nashville,,Unknown,solo,rec@6:02,recovery,362.0,,,,0,2017,Running_Log_2017.xlsx
2017-12-11,2017,12,345,1,6.4,37.0,346.875,4.0,4.666666666666667,clear,,,,,nashville,,Unknown,solo,"11j, 4800f@5:10 (2:20 rest/mi), 11j",fartlek,,4800.0,310.0,fartlek,0,2017,Running_Log_2017.xlsx
2017-12-12,2017,12,346,2,5.8,34.0,351.7241379310345,5.0,4.666666666666667,overcast,,,,,nashville,,Unknown,solo,rec@5:52,recovery,352.0,,,,0,2017,Running_Log_2017.xlsx
2017-12-13,2017,12,347,3,5.8,34.0,351.7241379310345,0.0,5.333333333333333,clear,,,,,nashville,,Unknown,solo,rec@5:52,recovery,352.0,,,,0,2017,Running_Log_2017.xlsx
2017-12-14,2017,12,348,4,14.0,86.0,368.57142857142856,3.0,6.0,cloudy,,,,,nashville,,Unknown,solo,long@6:09,long,369.0,,,,0,2017,Running_Log_2017.xlsx
2017-12-15,2017,12,349,5,5.8,35.0,362.0689655172414,1.0,4.666666666666667,cloudy,,,,,nashville,,Unknown,solo,rec@6:02,recovery,362.0,,,,0,2017,Running_Log_2017.xlsx
2017-12-16,2017,12,350,6,6.5,45.0,415.38461538461536,3.0,4.0,clear,,,,,nashville,,Unknown,Commons,rec@6:55,recovery,415.0,,,,0,2017,Running_Log_2017.xlsx
2017-12-18,2017,12,352,1,6.3,39.0,371.42857142857144,10.0,5.333333333333333,cloudy,,,,,nashville,,Unknown,solo,rec@6:11,recovery,371.0,,,,0,2017,Running_Log_2017.xlsx
2017-12-19,2017,12,353,2,5.8,32.0,331.0344827586207,11.0,6.0,overcast,,,,,nashville,,Unknown,solo,"7j, 4800f@5:06 (2:20 rest/mi), 10j",fartlek,,4800.0,306.0,fartlek,0,2017,Running_Log_2017.xlsx
2017-12-20,2017,12,354,3,6.2,39.0,377.4193548387097,12.0,5.333333333333333,overcast,,,,,nashville,,Unknown,solo,rec@6:17,recovery,377.0,,,,0,2017,Running_Log_2017.xlsx
2017-12-21,2017,12,355,4,14.4,89.0,370.8333333333333,11.0,5.333333333333333,overcast,,,,,nashville,,Unknown,solo,long@6:11,long,371.0,,,,0,2017,Running_Log_2017.xlsx
2017-12-22,2017,12,356,5,6.5,39.0,360.0,15.0,4.0,light rain,,,,,nashville,,Unknown,solo,rec@6:00,recovery,360.0,,,,0,2017,Running_Log_2017.xlsx
2017-12-23,2017,12,357,6,6.3,39.0,371.42857142857144,8.0,6.0,overcast,,,,,nashville,,Unknown,solo,rec@6:11,recovery,371.0,,,,0,2017,Running_Log_2017.xlsx
2017-12-25,2017,12,359,1,6.2,37.0,358.06451612903226,0.0,4.0,snow,,,,,education hill,,Unknown,solo,"10j, 4800f@5:38 (2:20 rest/mi), 10j [3"" snow]",fartlek,,4800.0,338.0,fartlek,0,2017,Running_Log_2017.xlsx
2017-12-26,2017,12,360,2,5.7,40.0,421.05263157894734,0.0,4.666666666666667,cloudy,,,,,education hill,,Unknown,solo,"rec@7:01 [2"" snow]",recovery,421.0,,,,0,2017,Running_Log_2017.xlsx
2017-12-27,2017,12,361,3,3.9,26.0,400.0,1.0,6.0,cloudy,,,,,education hill,,Unknown,solo,"rec@6:40 [1"" snow]",recovery,400.0,,,,0,2017,Running_Log_2017.xlsx
2017-12-28,2017,12,362,4,6.9,47.0,408.695652173913,8.0,5.333333333333333,overcast,,,,,everest,,Unknown,solo,"12j, 2:00hr-7x evst/10sp, 12j",hill_rep,,,,,0,2017,Running_Log_2017.xlsx
2017-12-29,2017,12,363,5,5.3,35.0,396.22641509433964,7.0,4.666666666666667,heavy rain,,,,,education hill,,Unknown,solo,rec@6:36,recovery,396.0,,,,0,2017,Running_Log_2017.xlsx
2017-12-30,2017,12,364,6,26.2,180.0,412.21374045801525,7.0,5.333333333333333,overcast,,,,,education hill,,Unknown,solo,long@6:51,long,411.0,,,,0,2017,Running_Log_2017.xlsx
2018-01-01,2018,1,1,1,5.3,35.0,396.22641509433964,-1.0,4.0,clear,icy,,morning,,nike>powerline,,Unknown,solo,rec@6:36,recovery,396.0,,,,0,2018,Running_Log_2018.xlsx
2018-01-02,2018,1,2,2,6.6,45.0,409.0909090909091,4.0,5.0,clear,dry,,morning,,burke-gilman,,Unknown,Alex,rec@6:49,recovery,409.0,,,,0,2018,Running_Log_2018.xlsx
2018-01-03,2018,1,3,3,10.2,66.0,388.2352941176471,0.0,6.0,clear,icy,,morning,,english hill,,Unknown,solo,long@6:28,long,388.0,,,,0,2018,Running_Log_2018.xlsx
2018-01-04,2018,1,4,4,12.7,83.0,392.12598425196853,7.0,6.0,overcast,wet,,afternoon,,english hill,,Unknown,team,long@6:32,long,392.0,,,,0,2018,Running_Log_2018.xlsx
2018-01-05,2018,1,5,5,4.4,30.0,409.09090909090907,8.0,6.0,heavy rain,wet,,morning,,nike>nature,,Unknown,solo,rec@6:49,recovery,409.0,,,,0,2018,Running_Log_2018.xlsx
2018-01-06,2018,1,6,6,6.2,39.0,377.4193548387097,7.0,5.0,light rain,muddy,,morning,,magnuson,,Unknown,team,"11j, 5rec/t, 3218 race@10:37, 12j [New Balance Winter Grand Prix]",race,,,,,1,2018,Running_Log_2018.xlsx
2018-01-07,2018,1,7,7,5.7,37.0,389.4736842105263,5.0,4.0,light rain,wet,,early,,suburbia,,Unknown,solo,rec@6:29,recovery,389.0,,,,0,2018,Running_Log_2018.xlsx
2018-01-09,2018,1,9,2,3.7,25.0,405.40540540540536,6.0,5.0,overcast,wet,,morning,,centennial,,Unknown,solo,rec@6:45,recovery,405.0,,,,0,2018,Running_Log_2018.xlsx
2018-01-15,2018,1,15,1,3.7,23.0,372.97297297297297,0.0,5.0,cloudy,icy,,morning,,centennial,,Unknown,solo,"lifting, rec@6:13",recovery,,,,,0,2018,Running_Log_2018.xlsx
2018-01-16,2018,1,16,2,5.0,31.0,372.0,18.0,5.0,inside,inside,,morning,,commons,,Unknown,solo,"lifting, rec@6:18",recovery,,,,,0,2018,Running_Log_2018.xlsx
2018-01-17,2018,1,17,3,5.0,31.0,372.0,18.0,5.0,inside,inside,,early,,commons,,Unknown,solo,"lifting, rec@6:15",recovery,,,,,0,2018,Running_Log_2018.xlsx
2018-01-18,2018,1,18,4,5.0,31.0,372.0,18.0,5.0,inside,inside,,morning,,commons,,Unknown,solo,"lifting, rec@6:17",recovery,,,,,0,2018,Running_Log_2018.xlsx
2018-01-19,2018,1,19,5,5.8,37.0,382.7586206896552,-3.0,5.0,clear,icy,,morning,,centennial,,Unknown,solo,rec@6:23,recovery,383.0,,,,0,2018,Running_Log_2018.xlsx
2018-01-20,2018,1,20,6,10.2,69.0,405.8823529411765,9.0,5.0,clear,dry,,morning,,downtown,,Unknown,Jair,"lifting, long@6:46",long,,,,,0,2018,Running_Log_2018.xlsx
2018-01-22,2018,1,22,1,5.8,35.0,362.0689655172414,15.0,5.0,overcast,dry,,early,,centennial,,Unknown,solo,rec@6:02,recovery,362.0,,,,0,2018,Running_Log_2018.xlsx
2018-01-23,2018,1,23,2,6.4,38.0,356.25,8.0,5.0,clear,dry,,morning,,outdoor rec,,Track,solo,"11j, 4800f@5:17 (2:20 rest/mi), 11j",fartlek,,4800.0,317.0,fartlek,0,2018,Running_Log_2018.xlsx
2018-01-24,2018,1,24,3,5.8,36.0,372.4137931034483,3.0,5.0,cloudy,dry,,early,,centennial,,Unknown,solo,rec@6:12,recovery,372.0,,,,0,2018,Running_Log_2018.xlsx
2018-01-25,2018,1,25,4,9.4,59.0,376.59574468085106,0.0,5.0,clear,dry,,morning,,greenway,,Unknown,solo,rec@6:17,recovery,377.0,,,,0,2018,Running_Log_2018.xlsx
2018-01-26,2018,1,26,5,5.8,35.0,362.0689655172414,5.0,5.0,clear,dry,,morning,,centennial,,Unknown,solo,"lifting, rec@6:02",recovery,,,,,0,2018,Running_Log_2018.xlsx
2018-01-27,2018,1,27,6,9.4,59.0,376.59574468085106,14.0,5.0,cloudy,dry,,morning,,downtown,,Unknown,Jair,"lifting, rec@6:17",recovery,,,,,0,2018,Running_Log_2018.xlsx
2018-01-29,2018,1,29,1,5.8,35.0,362.0689655172414,3.0,4.0,clear,dry,,early,,centennial,,Unknown,solo,rec@6:02,recovery,362.0,,,,0,2018,Running_Log_2018.xlsx
2018-01-30,2018,1,30,2,6.4,38.0,356.25,-1.0,4.0,cloudy,dry,,morning,,indoor rec,,Unknown,solo,"11j, 4800f@5:13 (2:20 rest/mi), 11j",fartlek,,4800.0,313.0,fartlek,0,2018,Running_Log_2018.xlsx
2018-01-31,2018,1,31,3,5.8,36.0,372.4137931034483,2.0,5.0,clear,dry,,early,,centennial,,Unknown,solo,rec@6:12,recovery,372.0,,,,0,2018,Running_Log_2018.xlsx
2018-02-01,2018,2,32,4,14.0,91.0,390.0,12.0,5.0,overcast,dry,,early,,greenway,,Unknown,solo,long@6:30,long,390.0,,,,0,2018,Running_Log_2018.xlsx
2018-02-02,2018,2,33,5,5.8,36.0,372.4137931034483,-7.0,5.0,clear,dry,,morning,,centennial,,Unknown,solo,"lifting, rec@6:12",recovery,,,,,0,2018,Running_Log_2018.xlsx
2018-02-03,2018,2,34,6,7.8,48.0,369.2307692307692,-1.0,5.0,cloudy,dry,,morning,,12 south,,Unknown,solo,"lifting, rec@6:09",recovery,,,,,0,2018,Running_Log_2018.xlsx
2018-02-05,2018,2,36,1,5.8,35.0,362.0689655172414,-4.0,5.0,cloudy,dry,,early,,centennial,,Unknown,solo,rec@6:02,recovery,362.0,,,,0,2018,Running_Log_2018.xlsx
2018-02-06,2018,2,37,2,6.4,37.0,346.875,3.0,5.0,cloudy,dry,,morning,,indoor rec,,Unknown,solo,"11j, 4800f@5:04 (2:20 rest/mi), 11j",fartlek,,4800.0,304.0,fartlek,0,2018,Running_Log_2018.xlsx
2018-02-07,2018,2,38,3,5.8,35.0,362.0689655172414,2.0,4.0,light rain,wet,,early,,centennial,,Unknown,solo,rec@6:02,recovery,362.0,,,,0,2018,Running_Log_2018.xlsx
2018-02-08,2018,2,39,4,14.0,88.0,377.14285714285717,-1.0,4.0,clear,icy,,early,,belle meade,,Unknown,solo,long@6:17,long,377.0,,,,0,2018,Running_Log_2018.xlsx
2018-02-09,2018,2,40,5,5.8,35.0,362.0689655172414,3.0,5.0,clear,dry,,morning,,centennial,,Unknown,solo,"lifting, rec@6:02",recovery,,,,,0,2018,Running_Log_2018.xlsx
2018-02-10,2018,2,41,6,6.7,42.0,376.1194029850746,14.0,5.0,heavy rain,wet,,morning,,centennial,,Unknown,solo,"lifting, rec@6:16",recovery,,,,,0,2018,Running_Log_2018.xlsx
2018-02-12,2018,2,43,1,5.8,34.0,351.7241379310345,-1.0,4.0,overcast,dry,,early,,centennial,,Unknown,solo,rec@5:52,recovery,352.0,,,,0,2018,Running_Log_2018.xlsx
2018-02-13,2018,2,44,2,6.4,37.0,346.875,4.0,4.0,cloudy,dry,,morning,,indoor rec,,Unknown,solo,"11j, 4800f@5:07 (2:20rest/mi), 11j",fartlek,,4800.0,307.0,fartlek,0,2018,Running_Log_2018.xlsx
2018-02-14,2018,2,45,3,5.8,35.0,362.0689655172414,14.0,4.0,light rain,wet,,early,,centennial,,Unknown,solo,rec@6:02,recovery,362.0,,,,0,2018,Running_Log_2018.xlsx
2018-02-15,2018,2,46,4,14.4,91.0,379.1666666666667,20.0,5.0,cloudy,wet,,morning,,greenway,,Unknown,solo,long@6:19,long,379.0,,,,0,2018,Running_Log_2018.xlsx
2018-02-16,2018,2,47,5,5.8,35.0,362.0689655172414,16.0,5.0,heavy rain,wet,,morning,,centennial,,Unknown,solo,"lifting, rec@6:02",recovery,,,,,0,2018,Running_Log_2018.xlsx
2018-02-17,2018,2,48,6,6.3,43.0,409.5238095238095,5.0,5.0,heavy rain,wet,,morning,,belle meade,,Unknown,Jair,"lifting, rec@6:50",recovery,,,,,0,2018,Running_Log_2018.xlsx
2018-02-19,2018,2,50,1,5.8,34.0,351.7241379310345,17.0,5.0,cloudy,dry,,morning,,centennial,,Unknown,solo,rec@5:52,recovery,352.0,,,,0,2018,Running_Log_2018.xlsx
2018-02-20,2018,2,51,2,6.4,37.0,346.875,20.0,5.0,clear,dry,,morning,,indoor rec,,Unknown,solo,"11j, 4800f@5:07 (2:20 rest/mi), 11j",fartlek,,4800.0,307.0,fartlek,0,2018,Running_Log_2018.xlsx
2018-02-21,2018,2,52,3,5.8,35.0,362.0689655172414,21.0,5.0,cloudy,dry,,morning,,centennial,,Unknown,solo,rec@6:02,recovery,362.0,,,,0,2018,Running_Log_2018.xlsx
2018-02-22,2018,2,53,4,14.0,89.0,381.42857142857144,13.0,5.0,overcast,wet,,morning,,belle meade,,Unknown,solo,long@6:21,long,381.0,,,,0,2018,Running_Log_2018.xlsx
2018-02-23,2018,2,54,5,5.8,35.0,362.0689655172414,18.0,5.0,cloudy,wet,,morning,,centennial,,Unknown,solo,"lifting, rec@6:02",recovery,,,,,0,2018,Running_Log_2018.xlsx
2018-02-24,2018,2,55,6,9.4,63.0,402.12765957446805,20.0,5.0,cloudy,wet,,morning,,12 south,,Unknown,Jair,"lifting, long@6:42",long,,,,,0,2018,Running_Log_2018.xlsx
2018-02-26,2018,2,57,1,5.8,35.0,362.0689655172414,8.0,5.0,clear,wet,,morning,,centennial,,Unknown,solo,rec@6:02,recovery,362.0,,,,0,2018,Running_Log_2018.xlsx
2018-02-27,2018,2,58,2,6.4,37.0,346.875,7.0,5.0,clear,dry,,morning,,indoor rec,,Unknown,solo,"11j, 4800f@5:08 (2:20 rest/mi), 11j",fartlek,,4800.0,308.0,fartlek,0,2018,Running_Log_2018.xlsx
2018-02-28,2018,2,59,3,5.8,34.0,351.7241379310345,12.0,5.0,light rain,wet,,morning,,centennial,,Unknown,solo,rec@5:51,recovery,351.0,,,,0,2018,Running_Log_2018.xlsx
2018-03-01,2018,3,60,4,14.5,91.0,376.55172413793105,14.0,5.0,light rain,wet,,morning,,greenway,,Unknown,solo,long@6:16,long,376.0,,,,0,2018,Running_Log_2018.xlsx
2018-03-02,2018,3,61,5,5.8,35.0,362.0689655172414,6.0,5.0,clear,dry,,morning,,centennial,,Unknown,solo,"lifting, rec@6:02",recovery,,,,,0,2018,Running_Log_2018.xlsx
2018-03-04,2018,3,63,7,10.0,63.0,378.0,2.0,4.0,clear,dry,,morning,,pipeline,,Unknown,solo,long@6:16,long,376.0,,,,0,2018,Running_Log_2018.xlsx
2018-03-05,2018,3,64,1,5.7,36.0,378.9473684210526,4.0,5.0,cloudy,muddy,,morning,,suburbia,,Unknown,solo,rec@6:18,recovery,378.0,,,,0,2018,Running_Log_2018.xlsx
2018-03-06,2018,3,65,2,5.3,33.0,373.5849056603774,8.0,6.0,clear,dry,,morning,,nike>powerline,,Unknown,solo,rec@6:13,recovery,373.0,,,,0,2018,Running_Log_2018.xlsx
2018-03-07,2018,3,66,3,6.9,42.0,365.2173913043478,3.0,5.0,clear,dry,,morning,,powerline mid,,Unknown,solo,"11j, 6400t@5:47 (1:00 rest/mi), 8j",tempo,,6400.0,347.0,tempo,0,2018,Running_Log_2018.xlsx
2018-03-08,2018,3,67,4,6.1,39.0,383.6065573770492,7.0,6.0,light rain,muddy,,morning,,english hill,,Unknown,solo,rec@6:23,recovery,383.0,,,,0,2018,Running_Log_2018.xlsx
2018-03-09,2018,3,68,5,4.6,31.0,404.34782608695656,4.0,5.0,cloudy,wet,,morning,,nike>nature,,Unknown,solo,rec@6:44,recovery,404.0,,,,0,2018,Running_Log_2018.xlsx
2018-03-10,2018,3,69,6,13.1,76.0,348.0916030534351,1.0,5.0,clear,dry,,morning,,lake samm,,Unknown,solo,21098 race@75:52 [Lake Sammamish Half Marathon],race,,,,,1,2018,Running_Log_2018.xlsx
2018-03-11,2018,3,70,7,5.3,35.0,396.22641509433964,3.0,5.0,clear,dry,,morning,,nike>powerline,,Unknown,solo,rec@6:36,recovery,396.0,,,,0,2018,Running_Log_2018.xlsx
2018-03-13,2018,3,72,2,6.4,38.0,356.25,1.0,6.0,clear,dry,,morning,,outdoor rec,,Track,solo,"11j, 4800f@5:13 (2:20 rest/mi), 11j",fartlek,,4800.0,313.0,fartlek,0,2018,Running_Log_2018.xlsx
2018-03-14,2018,3,73,3,5.8,35.0,362.0689655172414,-1.0,5.0,clear,dry,,early,,centennial,,Unknown,solo,rec@6:02,recovery,362.0,,,,0,2018,Running_Log_2018.xlsx
2018-03-15,2018,3,74,4,14.2,90.0,380.2816901408451,7.0,5.0,clear,dry,,early,,greenway,,Unknown,solo,long@6:20,long,380.0,,,,0,2018,Running_Log_2018.xlsx
2018-03-16,2018,3,75,5,5.8,35.0,362.0689655172414,9.0,5.0,clear,dry,,morning,,centennial,,Unknown,solo,"lifting, rec@6:02",recovery,,,,,0,2018,Running_Log_2018.xlsx
2018-03-17,2018,3,76,6,10.3,70.0,407.7669902912621,17.0,4.0,clear,dry,,morning,,mccabe,,Unknown,Jair,"lifting, long@6:47",long,,,,,0,2018,Running_Log_2018.xlsx
2018-03-19,2018,3,78,1,5.8,35.0,362.0689655172414,11.0,5.0,cloudy,wet,,morning,,centennial,,Unknown,solo,rec@6:02,recovery,362.0,,,,0,2018,Running_Log_2018.xlsx
2018-03-20,2018,3,79,2,6.4,38.0,356.25,11.0,5.0,cloudy,dry,,morning,,indoor rec,,Unknown,solo,"11j, 4800f@5:13 (2:20 rest/mi), 11j",fartlek,,4800.0,313.0,fartlek,0,2018,Running_Log_2018.xlsx
2018-03-21,2018,3,80,3,5.8,35.0,362.0689655172414,2.0,5.0,clear,wet,,morning,,centennial,,Unknown,solo,rec@6:02,recovery,362.0,,,,0,2018,Running_Log_2018.xlsx
2018-03-22,2018,3,81,4,14.0,88.0,377.14285714285717,1.0,5.0,clear,dry,,early,,belle meade,,Unknown,solo,long@6:17,long,377.0,,,,0,2018,Running_Log_2018.xlsx
2018-03-23,2018,3,82,5,5.8,35.0,362.0689655172414,8.0,5.0,cloudy,dry,,morning,,centennial,,Unknown,solo,"lifting, rec@6:02",recovery,,,,,0,2018,Running_Log_2018.xlsx
2018-03-24,2018,3,83,6,5.8,35.0,362.0689655172414,13.0,5.0,cloudy,dry,,morning,,centennial,,Unknown,solo,"lifting, rec@6:02",recovery,,,,,0,2018,Running_Log_2018.xlsx
2018-03-26,2018,3,85,1,5.8,35.0,362.0689655172414,10.0,5.0,cloudy,dry,,morning,,centennial,,Unknown,solo,rec@6:02,recovery,362.0,,,,0,2018,Running_Log_2018.xlsx
2018-03-27,2018,3,86,2,6.4,38.0,356.25,11.0,4.0,overcast,dry,,morning,,indoor rec,,Unknown,solo,"11j, 4800f@5:13 (2:20 rest/mi), 11j",fartlek,,4800.0,313.0,fartlek,0,2018,Running_Log_2018.xlsx
2018-03-28,2018,3,87,3,5.8,35.0,362.0689655172414,17.0,4.0,light rain,wet,,early,,centennial,,Unknown,solo,rec@6:02,recovery,362.0,,,,0,2018,Running_Log_2018.xlsx
2018-03-29,2018,3,88,4,12.7,79.0,373.2283464566929,17.0,5.0,light rain,wet,,morning,,greenway,,Unknown,solo,long@6:13,long,373.0,,,,0,2018,Running_Log_2018.xlsx
2018-03-30,2018,3,89,5,5.8,35.0,362.0689655172414,9.0,5.0,light rain,wet,,morning,,centennial,,Unknown,solo,"lifting, rec@6:02",recovery,,,,,0,2018,Running_Log_2018.xlsx
2018-03-31,2018,3,90,6,5.9,39.0,396.6101694915254,7.0,5.0,clear,dry,,morning,,12 south,,Unknown,solo,rec@6:36,recovery,396.0,,,,0,2018,Running_Log_2018.xlsx
2018-04-02,2018,4,92,1,5.8,36.0,372.4137931034483,8.0,3.0,overcast,dry,,morning,,centennial,,Unknown,solo,rec@6:12,recovery,372.0,,,,0,2018,Running_Log_2018.xlsx
2018-04-03,2018,4,93,2,5.8,35.0,362.0689655172414,16.0,5.0,cloudy,dry,,morning,,centennial,,Unknown,solo,rec@6:02,recovery,362.0,,,,0,2018,Running_Log_2018.xlsx
2018-04-04,2018,4,94,3,4.7,29.0,370.2127659574468,5.0,5.0,cloudy,dry,,morning,,centennial,,Unknown,solo,rec@6:10,recovery,370.0,,,,0,2018,Running_Log_2018.xlsx
2018-04-05,2018,4,95,4,5.9,37.0,376.2711864406779,2.0,4.0,clear,dry,,morning,,12 south,,Unknown,solo,rec@6:16,recovery,376.0,,,,0,2018,Running_Log_2018.xlsx
2018-04-06,2018,4,96,5,5.8,35.0,362.0689655172414,12.0,5.0,light rain,wet,,morning,,centennial,,Unknown,solo,rec@6:02,recovery,362.0,,,,0,2018,Running_Log_2018.xlsx
2018-04-07,2018,4,97,6,5.8,34.0,351.7241379310345,1.0,4.0,light rain,wet,,morning,,centennial,,Unknown,solo,rec@5:51,recovery,351.0,,,,0,2018,Running_Log_2018.xlsx
2018-04-09,2018,4,99,1,5.8,34.0,351.7241379310345,6.0,5.0,clear,dry,,morning,,centennial,,Unknown,solo,rec@5:51,recovery,351.0,,,,0,2018,Running_Log_2018.xlsx
2018-04-10,2018,4,100,2,6.4,38.0,356.25,6.0,5.0,clear,dry,,morning,,indoor rec,,Unknown,solo,"11j, 4800f@5:11 (2:20 rest/mi), 11j",fartlek,,4800.0,311.0,fartlek,0,2018,Running_Log_2018.xlsx
2018-04-11,2018,4,101,3,5.8,35.0,362.0689655172414,2.0,5.0,clear,dry,,morning,,centennial,,Unknown,solo,rec@6:02,recovery,362.0,,,,0,2018,Running_Log_2018.xlsx
2018-04-12,2018,4,102,4,14.4,90.0,375.0,16.0,5.0,clear,dry,,morning,,greenway,,Unknown,solo,long@6:15,long,375.0,,,,0,2018,Running_Log_2018.xlsx
2018-04-13,2018,4,103,5,5.8,35.0,362.0689655172414,18.0,5.0,clear,dry,,morning,,centennial,,Unknown,solo,"lifting, rec@6:02",recovery,,,,,0,2018,Running_Log_2018.xlsx
2018-04-14,2018,4,104,6,5.8,35.0,362.0689655172414,22.0,4.0,light rain,wet,,morning,,centennial,,Unknown,solo,rec@6:02,recovery,362.0,,,,0,2018,Running_Log_2018.xlsx
2018-04-16,2018,4,106,1,5.8,35.0,362.0689655172414,3.0,4.0,snow,wet,,morning,,centennial,,Unknown,solo,rec@6:02,recovery,362.0,,,,0,2018,Running_Log_2018.xlsx
2018-04-17,2018,4,107,2,6.4,37.0,346.875,1.0,5.0,clear,dry,,morning,,indoor rec,,Unknown,solo,"11j, 4800f@5:09 (2:20 rest/mi), 11j",fartlek,,4800.0,309.0,fartlek,0,2018,Running_Log_2018.xlsx
2018-04-18,2018,4,108,3,5.8,35.0,362.0689655172414,16.0,5.0,clear,dry,,morning,,centennial,,Unknown,solo,rec@6:02,recovery,362.0,,,,0,2018,Running_Log_2018.xlsx
2018-04-19,2018,4,109,4,12.4,80.0,387.09677419354836,6.0,5.0,clear,dry,,morning,,belle meade,,Unknown,solo,long@6:27,long,387.0,,,,0,2018,Running_Log_2018.xlsx
2018-04-20,2018,4,110,5,5.8,35.0,362.0689655172414,6.0,5.0,clear,dry,,morning,,centennial,,Unknown,solo,rec@6:02,recovery,362.0,,,,0,2018,Running_Log_2018.xlsx
2018-04-21,2018,4,111,6,10.1,64.0,380.1980198019802,13.0,3.0,clear,dry,,morning,,downtown,,Unknown,Jair,long@6:20,long,380.0,,,,0,2018,Running_Log_2018.xlsx
2018-04-23,2018,4,113,1,6.4,38.0,356.25,16.0,5.0,light rain,wet,,morning,,indoor rec,,Unknown,solo,"11j, 4800f@5:16 (2:20 rest/mi), 11j",fartlek,,4800.0,316.0,fartlek,0,2018,Running_Log_2018.xlsx
2018-04-24,2018,4,114,2,5.8,36.0,372.4137931034483,14.0,5.0,overcast,wet,,morning,,centennial,,Unknown,solo,rec@6:12,recovery,372.0,,,,0,2018,Running_Log_2018.xlsx
2018-04-25,2018,4,115,3,5.9,37.0,376.2711864406779,16.0,5.0,cloudy,dry,,morning,,12 south,,Unknown,solo,"lifting, rec@6:16",recovery,,,,,0,2018,Running_Log_2018.xlsx
2018-04-26,2018,4,116,4,5.8,35.0,362.0689655172414,13.0,5.0,light rain,wet,,morning,,centennial,,Unknown,solo,rec@6:02,recovery,362.0,,,,0,2018,Running_Log_2018.xlsx
2018-04-27,2018,4,117,5,5.9,36.0,366.1016949152542,21.0,5.0,clear,dry,,morning,,12 south,,Unknown,solo,rec@6:06,recovery,366.0,,,,0,2018,Running_Log_2018.xlsx
2018-04-28,2018,4,118,6,5.8,35.0,362.0689655172414,20.0,5.0,clear,dry,,morning,,centennial,,Unknown,solo,rec@6:02,recovery,362.0,,,,0,2018,Running_Log_2018.xlsx
2018-04-30,2018,4,120,1,5.8,34.0,351.7241379310345,12.0,5.0,clear,dry,,morning,,centennial,,Unknown,solo,rec@5:51,recovery,351.0,,,,0,2018,Running_Log_2018.xlsx
2018-05-01,2018,5,121,2,6.4,38.0,356.25,22.0,4.0,clear,dry,,morning,,indoor rec,,Unknown,solo,"11j, 4800f@5:12 (2:20 rest/mi), 11j",fartlek,,4800.0,312.0,fartlek,0,2018,Running_Log_2018.xlsx
2018-05-02,2018,5,122,3,5.8,34.0,351.7241379310345,27.0,4.0,clear,dry,,morning,,centennial,,Unknown,solo,rec@5:51,recovery,351.0,,,,0,2018,Running_Log_2018.xlsx
2018-05-03,2018,5,123,4,14.2,92.0,388.7323943661972,24.0,4.0,clear,dry,,morning,,greenway,,Unknown,solo,long@6:28,long,388.0,,,,0,2018,Running_Log_2018.xlsx
2018-05-04,2018,5,124,5,5.8,35.0,362.0689655172414,24.0,5.0,cloudy,dry,,morning,,centennial,,Unknown,solo,rec@6:02,recovery,362.0,,,,0,2018,Running_Log_2018.xlsx
2018-05-05,2018,5,125,6,9.7,63.0,389.69072164948454,19.0,6.0,light rain,wet,,morning,,centennial,,Unknown,solo,long@6:29,long,389.0,,,,0,2018,Running_Log_2018.xlsx
2018-05-06,2018,5,126,7,6.2,39.0,377.4193548387097,18.0,5.0,clear,dry,,morning,,greenway,,Unknown,solo,rec@6:17,recovery,377.0,,,,0,2018,Running_Log_2018.xlsx
2018-05-08,2018,5,128,2,6.0,39.0,390.0,19.0,4.0,clear,dry,,morning,,pcb,,Unknown,solo,rec@6:30,recovery,390.0,,,,0,2018,Running_Log_2018.xlsx
2018-05-09,2018,5,129,3,6.0,39.0,390.0,22.0,4.0,clear,dry,,morning,,pcb,,Unknown,solo,rec@6:30,recovery,390.0,,,,0,2018,Running_Log_2018.xlsx
2018-05-10,2018,5,130,4,6.0,39.0,390.0,20.0,5.0,clear,dry,,morning,,pcb,,Unknown,Houston,rec@6:30,recovery,390.0,,,,0,2018,Running_Log_2018.xlsx
2018-05-11,2018,5,131,5,6.0,38.0,380.0,22.0,5.0,clear,dry,,morning,,pcb,,Unknown,solo,rec@6:20,recovery,380.0,,,,0,2018,Running_Log_2018.xlsx
2018-05-12,2018,5,132,6,5.3,31.0,350.94339622641513,24.0,4.0,clear,dry,,afternoon,,nike>powerline,,Unknown,solo,rec@5:50,recovery,350.0,,,,0,2018,Running_Log_2018.xlsx
2018-05-13,2018,5,133,7,10.0,68.0,408.0,15.0,4.0,clear,dry,,morning,,pipeline,,Unknown,solo,long@6:47,long,407.0,,,,0,2018,Running_Log_2018.xlsx
2018-05-14,2018,5,134,1,5.7,37.0,389.4736842105263,24.0,6.0,clear,dry,,morning,,suburbia,,Unknown,solo,rec@6:29,recovery,389.0,,,,0,2018,Running_Log_2018.xlsx
2018-05-15,2018,5,135,2,6.6,44.0,400.0,14.0,5.0,cloudy,dry,,morning,,rollercoaster,,Unknown,solo,"14j, 21hc-6x/6sp, 8j",hill_cont,,,,,0,2018,Running_Log_2018.xlsx
2018-05-16,2018,5,136,3,5.7,36.0,378.9473684210526,15.0,5.0,cloudy,dry,,morning,,suburbia,,Unknown,solo,rec@6:18,recovery,378.0,,,,0,2018,Running_Log_2018.xlsx
2018-05-17,2018,5,137,4,13.3,89.0,401.50375939849624,15.0,6.0,cloudy,dry,,morning,,watershed,,Unknown,solo,long@6:41,long,401.0,,,,0,2018,Running_Log_2018.xlsx
2018-05-18,2018,5,138,5,5.9,39.0,396.6101694915254,14.0,6.0,cloudy,dry,,morning,,english hill,,Unknown,solo,rec@6:36,recovery,396.0,,,,0,2018,Running_Log_2018.xlsx
2018-05-19,2018,5,139,6,6.5,37.0,341.53846153846155,18.0,6.0,cloudy,dry,,morning,,rhs track,,Track,solo,"14j, 3200r@4:53 (7:07 rest/mi), 13j",rep,,3200.0,293.0,rep,0,2018,Running_Log_2018.xlsx
2018-05-20,2018,5,140,7,5.3,34.0,384.9056603773585,13.0,6.0,overcast,dry,,morning,,nike>powerline,,Unknown,solo,rec@6:24,recovery,384.0,,,,0,2018,Running_Log_2018.xlsx
2018-05-21,2018,5,141,1,7.1,47.0,397.1830985915493,14.0,5.0,cloudy,dry,,morning,,rollercoaster,,Unknown,solo,"14j, 24hc-7x/6sp, 8j",hill_cont,,,,,0,2018,Running_Log_2018.xlsx
2018-05-22,2018,5,142,2,5.7,36.0,378.9473684210526,21.0,6.0,clear,dry,,morning,,suburbia,,Unknown,solo,rec@6:18,recovery,378.0,,,,0,2018,Running_Log_2018.xlsx
2018-05-23,2018,5,143,3,6.0,39.0,390.0,13.0,4.0,clear,dry,,morning,,english hill,,Unknown,solo,rec@6:30,recovery,390.0,,,,0,2018,Running_Log_2018.xlsx
2018-05-24,2018,5,144,4,10.0,66.0,396.0,14.0,6.0,overcast,dry,,morning,,pipeline,,Unknown,solo,long@6:38,long,398.0,,,,0,2018,Running_Log_2018.xlsx
2018-05-25,2018,5,145,5,5.7,37.0,389.4736842105263,15.0,6.0,cloudy,dry,,morning,,suburbia,,Unknown,solo,rec@6:29,recovery,389.0,,,,0,2018,Running_Log_2018.xlsx
2018-05-26,2018,5,146,6,6.3,35.0,333.3333333333333,14.0,5.0,cloudy,dry,,morning,,rhs track,,Track,solo,"12j, 3200r@4:51 (7:09 rest/mi), 13j",rep,,3200.0,291.0,rep,0,2018,Running_Log_2018.xlsx
2018-05-27,2018,5,147,7,5.3,33.0,373.5849056603774,17.0,5.0,clear,dry,,morning,,nike>powerline,,Unknown,solo,rec@6:13,recovery,373.0,,,,0,2018,Running_Log_2018.xlsx
2018-05-28,2018,5,148,1,9.0,58.0,386.6666666666667,17.0,5.0,clear,dry,,morning,,english hill,,Unknown,solo,long@6:26,long,386.0,,,,0,2018,Running_Log_2018.xlsx
2018-05-29,2018,5,149,2,5.1,32.0,376.47058823529414,13.0,6.0,cloudy,dry,,morning,,nike>nature,,Unknown,solo,rec@6:16,recovery,376.0,,,,0,2018,Running_Log_2018.xlsx
2018-05-30,2018,5,150,3,7.8,45.0,346.1538461538462,12.0,6.0,clear,dry,,late,,shoreline,,Track,solo,"10j, 5rec/t, 5000 race@16:26.08, 14j",race,,,,,1,2018,Running_Log_2018.xlsx
2018-05-31,2018,5,151,4,6.4,45.0,421.875,12.0,6.0,cloudy,dry,,morning,,everest,,Unknown,solo,"12j, 2:00hr-7x/11sp, 12j",hill_rep,,,,,0,2018,Running_Log_2018.xlsx
2018-06-01,2018,6,152,5,5.7,38.0,400.0,13.0,5.0,cloudy,dry,,morning,,suburbia,,Unknown,solo,rec@6:40,recovery,400.0,,,,0,2018,Running_Log_2018.xlsx
2018-06-02,2018,6,153,6,5.3,34.0,384.9056603773585,17.0,6.0,clear,dry,,morning,,nike>powerline,,Unknown,solo,rec@6:24,recovery,384.0,,,,0,2018,Running_Log_2018.xlsx
2018-06-03,2018,6,154,7,5.9,39.0,396.6101694915254,14.0,5.0,cloudy,dry,,morning,,english hill,,Unknown,solo,rec@6:36,recovery,396.0,,,,0,2018,Running_Log_2018.xlsx
2018-06-04,2018,6,155,1,13.7,89.0,389.78102189781026,13.0,6.0,cloudy,dry,,morning,,watershed,,Unknown,solo,long@6:29,long,389.0,,,,0,2018,Running_Log_2018.xlsx
2018-06-05,2018,6,156,2,5.1,32.0,376.47058823529414,15.0,6.0,clear,dry,,morning,,nike>nature,,Unknown,solo,rec@6:16,recovery,376.0,,,,0,2018,Running_Log_2018.xlsx
2018-06-06,2018,6,157,3,7.3,43.0,353.4246575342466,15.0,6.0,clear,dry,,late,,shoreline,,Track,solo,"14j, 5rec/t, 3000 race@9:31.06, 14j",race,,,,,1,2018,Running_Log_2018.xlsx
2018-06-07,2018,6,158,4,7.2,49.0,408.3333333333333,16.0,6.0,cloudy,dry,,morning,,powerline west,,Unknown,solo,"12j, 24hc-9x/6sp, 12j",hill_cont,,,,,0,2018,Running_Log_2018.xlsx
2018-06-08,2018,6,159,5,5.7,37.0,389.4736842105263,15.0,5.0,overcast,dry,,morning,,suburbia,,Unknown,solo,rec@6:29,recovery,389.0,,,,0,2018,Running_Log_2018.xlsx
2018-06-09,2018,6,160,6,6.6,40.0,363.6363636363637,12.0,6.0,overcast,wet,,morning,,hartman,,Unknown,solo,"15j, 3200r@4:48 (7:12 rest/mi), 15j",rep,,3200.0,288.0,rep,0,2018,Running_Log_2018.xlsx
2018-06-10,2018,6,161,7,5.3,34.0,384.9056603773585,12.0,6.0,cloudy,dry,,morning,,nike>powerline,,Unknown,solo,rec@6:24,recovery,384.0,,,,0,2018,Running_Log_2018.xlsx
2018-06-11,2018,6,162,1,10.0,65.0,390.0,13.0,6.0,cloudy,dry,,morning,,pipeline,,Unknown,solo,long@6:32,long,392.0,,,,0,2018,Running_Log_2018.xlsx
2018-06-12,2018,6,163,2,5.1,32.0,376.47058823529414,17.0,6.0,cloudy,dry,,morning,,nike>nature,,Unknown,solo,rec@6:16,recovery,376.0,,,,0,2018,Running_Log_2018.xlsx
2018-06-13,2018,6,164,3,8.5,50.0,352.94117647058823,12.0,6.0,light rain,wet,,late,,shoreline,,Track,solo,"14j, 5rec/t, 5000 race@16:45.2, 14j",race,,,,,1,2018,Running_Log_2018.xlsx
2018-06-14,2018,6,165,4,5.7,37.0,389.4736842105263,12.0,5.0,cloudy,wet,,morning,,suburbia,,Unknown,solo,rec@6:29,recovery,389.0,,,,0,2018,Running_Log_2018.xlsx
2018-06-15,2018,6,166,5,7.7,52.0,405.1948051948052,15.0,6.0,cloudy,dry,,morning,,rollercoaster,,Unknown,solo,"11j, 25hc-9x/6sp, 15j",hill_cont,,,,,0,2018,Running_Log_2018.xlsx
2018-06-16,2018,6,167,6,5.3,34.0,384.9056603773585,10.0,4.0,clear,dry,,morning,,nike>powerline,,Unknown,solo,rec@6:24,recovery,384.0,,,,0,2018,Running_Log_2018.xlsx
2018-06-17,2018,6,168,7,5.1,32.0,376.47058823529414,15.0,4.0,clear,dry,,morning,,nike>nature,,Unknown,solo,rec@6:16,recovery,376.0,,,,0,2018,Running_Log_2018.xlsx
2018-06-18,2018,6,169,1,18.6,122.0,393.54838709677415,27.0,6.0,clear,dry,,morning,,lake samm,,Unknown,solo,long@6:33,long,393.0,,,,0,2018,Running_Log_2018.xlsx
2018-06-19,2018,6,170,2,5.7,38.0,400.0,22.0,5.0,clear,dry,,morning,,suburbia,,Unknown,solo,rec@6:40,recovery,400.0,,,,0,2018,Running_Log_2018.xlsx
2018-06-20,2018,6,171,3,6.6,39.0,354.54545454545456,24.0,5.0,clear,dry,,morning,,hartman,,Unknown,solo,"15j, 3200r@4:37 (7:23 rest/mi), 15j",rep,,3200.0,277.0,rep,0,2018,Running_Log_2018.xlsx
2018-06-22,2018,6,173,5,5.0,31.0,372.0,22.0,6.0,inside,inside,,morning,,china,,Unknown,solo,rec@6:12,recovery,372.0,,,,0,2018,Running_Log_2018.xlsx
2018-06-23,2018,6,174,6,5.0,31.0,372.0,22.0,3.0,inside,inside,,afternoon,,china,,Unknown,solo,rec@6:12,recovery,372.0,,,,0,2018,Running_Log_2018.xlsx
2018-06-24,2018,6,175,7,5.0,31.0,372.0,22.0,5.0,inside,inside,,morning,,china,,Unknown,solo,rec@6:12,recovery,372.0,,,,0,2018,Running_Log_2018.xlsx
2018-06-25,2018,6,176,1,6.0,40.0,400.0,24.0,5.0,foggy,wet,,morning,,china,,Unknown,solo,rec@6:40,recovery,400.0,,,,0,2018,Running_Log_2018.xlsx
2018-06-26,2018,6,177,2,8.9,60.0,404.4943820224719,27.0,4.0,light rain,wet,,morning,,china,,Unknown,solo,rec@6:44,recovery,404.0,,,,0,2018,Running_Log_2018.xlsx
2018-06-27,2018,6,178,3,6.0,39.0,390.0,28.0,6.0,foggy,dry,,morning,,china,,Unknown,solo,rec@6:30,recovery,390.0,,,,0,2018,Running_Log_2018.xlsx
2018-06-28,2018,6,179,4,6.0,39.0,390.0,28.0,4.0,clear,dry,,morning,,china,,Unknown,solo,rec@6:30,recovery,390.0,,,,0,2018,Running_Log_2018.xlsx
2018-06-29,2018,6,180,5,6.0,39.0,390.0,27.0,4.0,clear,dry,,morning,,china,,Unknown,solo,rec@6:30,recovery,390.0,,,,0,2018,Running_Log_2018.xlsx
2018-06-30,2018,6,181,6,13.1,90.0,412.21374045801525,28.0,4.0,clear,dry,,morning,,china,,Unknown,solo,long@6:52,long,412.0,,,,0,2018,Running_Log_2018.xlsx
2018-07-02,2018,7,183,1,5.0,31.0,372.0,22.0,4.0,inside,inside,,afternoon,,china,,Unknown,solo,rec@6:12,recovery,372.0,,,,0,2018,Running_Log_2018.xlsx
2018-07-03,2018,7,184,2,10.1,62.0,368.31683168316835,19.0,5.0,clear,dry,,morning,,nike>nature,,Unknown,solo,rec@6:08,recovery,368.0,,,,0,2018,Running_Log_2018.xlsx
2018-07-04,2018,7,185,3,8.4,50.0,357.1428571428571,13.0,6.0,clear,dry,,morning,,carnation,,Unknown,solo,"14j, 5rec/t, 5000 race@17:28, 14j",race,,,,,1,2018,Running_Log_2018.xlsx
2018-07-05,2018,7,186,4,5.7,38.0,400.0,26.0,7.0,clear,dry,,afternoon,,suburbia,,Unknown,solo,rec@6:40,recovery,400.0,,,,0,2018,Running_Log_2018.xlsx
2018-07-06,2018,7,187,5,5.3,35.0,396.22641509433964,22.0,6.0,cloudy,dry,,morning,,nike>powerline,,Unknown,solo,rec@6:36,recovery,396.0,,,,0,2018,Running_Log_2018.xlsx
2018-07-07,2018,7,188,6,10.0,69.0,414.0,19.0,6.0,overcast,dry,,morning,,pipeline,,Unknown,solo,long@6:56,long,416.0,,,,0,2018,Running_Log_2018.xlsx
2018-07-09,2018,7,190,1,7.5,42.0,336.0,20.0,7.0,clear,dry,,morning,,rhs track,,Track,solo,"13j, 4800r@5:03 (6:57 rest/mi), 14j",rep,,4800.0,303.0,rep,0,2018,Running_Log_2018.xlsx
2018-07-10,2018,7,191,2,5.1,32.0,376.47058823529414,18.0,6.0,clear,dry,,morning,,nike>nature,,Unknown,solo,rec@6:16,recovery,376.0,,,,0,2018,Running_Log_2018.xlsx
2018-07-11,2018,7,192,3,8.5,51.0,360.0,20.0,6.0,clear,dry,,late,,shoreline,,Track,solo,"14j, 5rec/t, 5000 race@16:54.5, 15j",race,,,,,1,2018,Running_Log_2018.xlsx
2018-07-12,2018,7,193,4,5.1,33.0,388.2352941176471,23.0,6.0,clear,dry,,morning,,nike>nature,,Unknown,solo,rec@6:28,recovery,388.0,,,,0,2018,Running_Log_2018.xlsx
2018-07-13,2018,7,194,5,8.4,52.0,371.4285714285714,30.0,6.0,clear,dry,,afternoon,,river trail,,Unknown,solo,"15j, 5rec/t, 5000 race@17:50, 14j [Redmond Derby Days Dash]",race,,,,,1,2018,Running_Log_2018.xlsx
2018-07-14,2018,7,195,6,5.3,35.0,396.22641509433964,15.0,3.0,clear,dry,,morning,,nike>powerline,,Unknown,solo,rec@6:36,recovery,396.0,,,,0,2018,Running_Log_2018.xlsx
2018-07-15,2018,7,196,7,5.7,39.0,410.5263157894737,20.0,5.0,clear,dry,,morning,,suburbia,,Unknown,solo,rec@6:50,recovery,410.0,,,,0,2018,Running_Log_2018.xlsx
2018-07-16,2018,7,197,1,13.3,89.0,401.50375939849624,28.0,5.0,clear,dry,,morning,,watershed,,Unknown,solo,long@6:41,long,401.0,,,,0,2018,Running_Log_2018.xlsx
2018-07-17,2018,7,198,2,5.1,33.0,388.2352941176471,22.0,5.0,clear,dry,,morning,,nike>nature,,Unknown,solo,rec@6:28,recovery,388.0,,,,0,2018,Running_Log_2018.xlsx
2018-07-18,2018,7,199,3,7.3,42.0,345.2054794520548,20.0,6.0,clear,dry,,late,,shoreline,,Track,solo,"13j, 5rec/t, 3000 race@9:37.6, 14j",race,,,,,1,2018,Running_Log_2018.xlsx
2018-07-19,2018,7,200,4,8.7,58.0,400.00000000000006,17.0,6.0,cloudy,dry,,morning,,english hill,,Unknown,solo,rec@6:40,recovery,400.0,,,,0,2018,Running_Log_2018.xlsx
2018-07-20,2018,7,201,5,5.3,35.0,396.22641509433964,17.0,6.0,cloudy,dry,,morning,,nike>powerline,,Unknown,solo,rec@6:36,recovery,396.0,,,,0,2018,Running_Log_2018.xlsx
2018-07-21,2018,7,202,6,7.6,44.0,347.3684210526316,21.0,6.0,clear,dry,,morning,,hartman,,Unknown,solo,"15j, 4800r@4:46 (7:14 rest/mi), 15j",rep,,4800.0,286.0,rep,0,2018,Running_Log_2018.xlsx
2018-07-22,2018,7,203,7,5.7,37.0,389.4736842105263,18.0,5.0,clear,dry,,morning,,suburbia,,Unknown,solo,rec@6:29,recovery,389.0,,,,0,2018,Running_Log_2018.xlsx
2018-07-23,2018,7,204,1,13.9,94.0,405.75539568345323,28.0,6.0,clear,dry,,morning,,lake samm,,Unknown,solo,long@6:45,long,405.0,,,,0,2018,Running_Log_2018.xlsx
2018-07-24,2018,7,205,2,5.1,33.0,388.2352941176471,26.0,6.0,clear,dry,,morning,,nike>nature,,Unknown,solo,rec@6:28,recovery,388.0,,,,0,2018,Running_Log_2018.xlsx
2018-07-25,2018,7,206,3,8.5,49.0,345.88235294117646,22.0,6.0,clear,dry,,late,,shoreline,,Track,solo,"13j, 5rec/t, 5000 race@16:47.5, 14j",race,,,,,1,2018,Running_Log_2018.xlsx
2018-07-26,2018,7,207,4,8.7,59.0,406.89655172413796,26.0,6.0,clear,dry,,morning,,english hill,,Unknown,solo,rec@6:46,recovery,406.0,,,,0,2018,Running_Log_2018.xlsx
2018-07-27,2018,7,208,5,5.7,36.0,378.9473684210526,19.0,4.0,clear,dry,,morning,,suburbia,,Unknown,solo,rec@6:18,recovery,378.0,,,,0,2018,Running_Log_2018.xlsx
2018-07-28,2018,7,209,6,7.5,42.0,336.0,19.0,5.0,cloudy,dry,,morning,,rhs track,,Track,solo,"14j, 4800r@5:02 (6:58 rest/mi), 13j",rep,,4800.0,302.0,rep,0,2018,Running_Log_2018.xlsx
2018-07-29,2018,7,210,7,5.3,34.0,384.9056603773585,17.0,3.0,clear,dry,,morning,,nike>powerline,,Unknown,solo,rec@6:24,recovery,384.0,,,,0,2018,Running_Log_2018.xlsx
2018-07-30,2018,7,211,1,13.9,89.0,384.1726618705036,25.0,5.0,clear,dry,,morning,,watershed,,Unknown,solo,long@6:24,long,384.0,,,,0,2018,Running_Log_2018.xlsx
2018-07-31,2018,7,212,2,5.1,31.0,364.7058823529412,20.0,5.0,clear,dry,,morning,,nike>nature,,Unknown,solo,rec@6:04,recovery,364.0,,,,0,2018,Running_Log_2018.xlsx
2018-08-01,2018,8,213,3,7.5,43.0,344.0,18.0,6.0,clear,dry,,late,,shoreline,,Track,solo,"13j, 5rec/t, 3000 race@9:31.5, 15j",race,,,,,1,2018,Running_Log_2018.xlsx
2018-08-02,2018,8,214,4,10.0,64.0,384.0,17.0,6.0,overcast,dry,,morning,,english hill,,Unknown,solo,long@6:24,long,384.0,,,,0,2018,Running_Log_2018.xlsx
2018-08-03,2018,8,215,5,5.3,34.0,384.9056603773585,15.0,3.0,overcast,wet,,morning,,nike>powerline,,Unknown,solo,rec@6:24,recovery,384.0,,,,0,2018,Running_Log_2018.xlsx
2018-08-04,2018,8,216,6,7.5,41.0,328.0,20.0,6.0,clear,dry,,morning,,rhs track,,Track,solo,"13j, 4800r@4:59 (7:01 rest/mi), 13j",rep,,4800.0,299.0,rep,0,2018,Running_Log_2018.xlsx
2018-08-05,2018,8,217,7,5.3,34.0,384.9056603773585,15.0,4.0,clear,dry,,morning,,nike>powerline,,Unknown,solo,rec@6:24,recovery,384.0,,,,0,2018,Running_Log_2018.xlsx
2018-08-06,2018,8,218,1,13.9,89.0,384.1726618705036,23.0,5.0,clear,dry,,morning,,watershed,,Unknown,solo,long@6:24,long,384.0,,,,0,2018,Running_Log_2018.xlsx
2018-08-07,2018,8,219,2,5.1,33.0,388.2352941176471,31.0,4.0,clear,dry,,afternoon,,nike>nature,,Unknown,Alex,rec@6:28,recovery,388.0,,,,0,2018,Running_Log_2018.xlsx
2018-08-08,2018,8,220,3,7.7,43.0,335.06493506493507,27.0,5.0,clear,dry,,late,,shoreline,,Track,solo,"13j, 5rec/t, 3218 race@10:27.8, 15j",race,,,,,1,2018,Running_Log_2018.xlsx
2018-08-09,2018,8,221,4,5.7,36.0,378.9473684210526,22.0,5.0,clear,dry,,morning,,suburbia,,Unknown,solo,rec@6:18,recovery,378.0,,,,0,2018,Running_Log_2018.xlsx
2018-08-10,2018,8,222,5,6.5,36.0,332.3076923076923,22.0,5.0,clear,dry,,morning,,rhs track,,Track,solo,"13j, 3200f@5:06 (3:32 rest/mi), 13j",fartlek,,3200.0,306.0,fartlek,0,2018,Running_Log_2018.xlsx
2018-08-11,2018,8,223,6,5.3,34.0,384.9056603773585,18.0,5.0,overcast,dry,,morning,,nike>powerline,,Unknown,solo,rec@6:24,recovery,384.0,,,,0,2018,Running_Log_2018.xlsx
2018-08-12,2018,8,224,7,10.0,65.0,390.0,18.0,4.0,cloudy,dry,,morning,,pipeline,,Unknown,solo,long@6:32,long,392.0,,,,0,2018,Running_Log_2018.xlsx
2018-08-13,2018,8,225,1,5.7,36.0,378.9473684210526,20.0,4.0,clear,dry,,morning,,suburbia,,Unknown,solo,rec@6:18,recovery,378.0,,,,0,2018,Running_Log_2018.xlsx
2018-08-14,2018,8,226,2,5.1,32.0,376.47058823529414,20.0,5.0,clear,dry,,morning,,nike>nature,,Unknown,solo,rec@6:16,recovery,376.0,,,,0,2018,Running_Log_2018.xlsx
2018-08-15,2018,8,227,3,7.6,43.0,339.47368421052636,22.0,6.0,smoky,dry,,late,,shoreline,,Track,solo,"13j, 5rec/t, 3000 race@9:39.3, 15j",race,,,,,1,2018,Running_Log_2018.xlsx
2018-08-16,2018,8,228,4,5.3,34.0,384.9056603773585,16.0,5.0,cloudy,dry,,morning,,nike>powerline,,Unknown,solo,rec@6:24,recovery,384.0,,,,0,2018,Running_Log_2018.xlsx
2018-08-17,2018,8,229,5,28.2,187.0,397.87234042553195,16.0,4.0,cloudy,dry,,morning,,lake samm,,Unknown,solo,long@6:37,long,397.0,,,,0,2018,Running_Log_2018.xlsx
2018-08-18,2018,8,230,6,5.3,36.0,407.54716981132077,17.0,4.0,clear,dry,,morning,,nike>powerline,,Unknown,solo,rec@6:47,recovery,407.0,,,,0,2018,Running_Log_2018.xlsx
2018-08-19,2018,8,231,7,6.2,37.0,358.06451612903226,29.0,4.0,clear,dry,,morning,,centennial,,Unknown,solo,rec@5:58,recovery,358.0,,,,0,2018,Running_Log_2018.xlsx
2018-08-20,2018,8,232,1,6.2,39.0,377.4193548387097,25.0,4.0,overcast,wet,,morning,,centennial,,Unknown,solo,rec@6:17,recovery,377.0,,,,0,2018,Running_Log_2018.xlsx
2018-08-21,2018,8,233,2,8.1,52.0,385.1851851851852,26.0,4.0,light rain,wet,,afternoon,,mccabe,,Unknown,solo,rec@6:25,recovery,385.0,,,,0,2018,Running_Log_2018.xlsx
2018-08-22,2018,8,234,3,8.4,53.0,378.57142857142856,22.0,4.0,clear,dry,,morning,,love circle,,Unknown,solo,"14j, 26hc-5x lc, 13j",hill_cont,,,,,0,2018,Running_Log_2018.xlsx
2018-08-23,2018,8,235,4,5.1,31.0,364.7058823529412,18.0,4.0,clear,dry,,morning,,centennial,,Unknown,solo,rec@6:04,recovery,364.0,,,,0,2018,Running_Log_2018.xlsx
2018-08-24,2018,8,236,5,14.1,90.0,382.97872340425533,20.0,5.0,clear,dry,,morning,,greenway,,Unknown,solo,long@6:22,long,382.0,,,,0,2018,Running_Log_2018.xlsx
2018-08-25,2018,8,237,6,7.2,51.0,425.0,26.0,5.0,clear,dry,,morning,,centennial,,Unknown,Jair,rec@7:05,recovery,425.0,,,,0,2018,Running_Log_2018.xlsx
2018-08-26,2018,8,238,7,5.1,32.0,376.47058823529414,26.0,5.0,clear,dry,,morning,,centennial,,Unknown,solo,rec@6:16,recovery,376.0,,,,0,2018,Running_Log_2018.xlsx
2018-08-27,2018,8,239,1,7.8,45.0,346.1538461538462,26.0,5.0,clear,dry,,morning,,indoor rec,,Unknown,solo,"15j, 4800f@5:09 (2:20 rest/mi), 15j",fartlek,,4800.0,309.0,fartlek,0,2018,Running_Log_2018.xlsx
2018-08-28,2018,8,240,2,6.2,37.0,358.06451612903226,26.0,5.0,cloudy,dry,,morning,,centennial,,Unknown,solo,rec@5:58,recovery,358.0,,,,0,2018,Running_Log_2018.xlsx
2018-08-29,2018,8,241,3,8.4,54.0,385.7142857142857,27.0,5.0,cloudy,dry,,morning,,love circle,,Unknown,solo,"14j, 26hc-5x lc, 14j",hill_cont,,,,,0,2018,Running_Log_2018.xlsx
2018-08-30,2018,8,242,4,6.2,37.0,358.06451612903226,25.0,5.0,cloudy,dry,,morning,,centennial,,Unknown,solo,rec@5:58,recovery,358.0,,,,0,2018,Running_Log_2018.xlsx
2018-08-31,2018,8,243,5,13.5,89.0,395.55555555555554,25.0,5.0,cloudy,dry,,morning,,belle meade,,Unknown,solo,long@6:35,long,395.0,,,,0,2018,Running_Log_2018.xlsx
2018-09-01,2018,9,244,6,5.1,32.0,376.47058823529414,27.0,5.0,cloudy,dry,,morning,,centennial,,Unknown,solo,rec@6:16,recovery,376.0,,,,0,2018,Running_Log_2018.xlsx
2018-09-02,2018,9,245,7,5.1,31.0,364.7058823529412,24.0,5.0,cloudy,dry,,morning,,centennial,,Unknown,solo,rec@6:04,recovery,364.0,,,,0,2018,Running_Log_2018.xlsx
2018-09-03,2018,9,246,1,7.8,45.0,346.1538461538462,26.0,5.0,clear,dry,,morning,,indoor rec,,Unknown,solo,"15j, 4800f@5:09 (2:20 rest/mi), 15j",fartlek,,4800.0,309.0,fartlek,0,2018,Running_Log_2018.xlsx
2018-09-04,2018,9,247,2,5.1,31.0,364.7058823529412,25.0,5.0,clear,dry,,morning,,centennial,,Unknown,solo,rec@6:04,recovery,364.0,,,,0,2018,Running_Log_2018.xlsx
2018-09-05,2018,9,248,3,8.4,53.0,378.57142857142856,25.0,5.0,cloudy,dry,,morning,,love circle,,Unknown,solo,"14j, 26hc-5x lc, 13j",hill_cont,,,,,0,2018,Running_Log_2018.xlsx
2018-09-06,2018,9,249,4,6.2,38.0,367.741935483871,25.0,5.0,cloudy,dry,,morning,,centennial,,Unknown,solo,rec@6:07,recovery,367.0,,,,0,2018,Running_Log_2018.xlsx
2018-09-07,2018,9,250,5,13.8,90.0,391.30434782608694,25.0,5.0,clear,dry,,morning,,greenway,,Unknown,solo,long@6:31,long,391.0,,,,0,2018,Running_Log_2018.xlsx
2018-09-08,2018,9,251,6,7.2,44.0,366.6666666666667,25.0,4.0,clear,dry,,morning,,mccabe,,Unknown,solo,rec@6:06,recovery,366.0,,,,0,2018,Running_Log_2018.xlsx
2018-09-09,2018,9,252,7,5.1,31.0,364.7058823529412,23.0,5.0,heavy rain,wet,,morning,,centennial,,Unknown,solo,rec@6:04,recovery,364.0,,,,0,2018,Running_Log_2018.xlsx
2018-09-10,2018,9,253,1,7.8,45.0,346.1538461538462,18.0,5.0,overcast,dry,,morning,,indoor rec,,Unknown,solo,"15j, 4800f@5:09 (2:20 rest/mi), 15j",fartlek,,4800.0,309.0,fartlek,0,2018,Running_Log_2018.xlsx
2018-09-11,2018,9,254,2,6.2,37.0,358.06451612903226,17.0,5.0,cloudy,dry,,morning,,centennial,,Unknown,solo,rec@5:58,recovery,358.0,,,,0,2018,Running_Log_2018.xlsx
2018-09-12,2018,9,255,3,8.4,53.0,378.57142857142856,19.0,5.0,cloudy,dry,,morning,,love circle,,Unknown,solo,"14j, 26hc-5x lc, 13j",hill_cont,,,,,0,2018,Running_Log_2018.xlsx
2018-09-13,2018,9,256,4,6.2,37.0,358.06451612903226,22.0,5.0,clear,dry,,morning,,centennial,,Unknown,solo,rec@5:58,recovery,358.0,,,,0,2018,Running_Log_2018.xlsx
2018-09-14,2018,9,257,5,13.8,88.0,382.6086956521739,26.0,5.0,clear,dry,,morning,,belle meade,,Unknown,solo,long@6:22,long,382.0,,,,0,2018,Running_Log_2018.xlsx
2018-09-15,2018,9,258,6,2.4,14.0,350.0,26.0,4.0,clear,dry,,morning,,mccabe,,Unknown,solo,rec@5:50,recovery,350.0,,,,0,2018,Running_Log_2018.xlsx
2018-09-16,2018,9,259,7,3.0,18.0,360.0,24.0,4.0,clear,dry,,morning,,centennial,,Unknown,solo,rec@6:00,recovery,360.0,,,,0,2018,Running_Log_2018.xlsx
2018-09-17,2018,9,260,1,4.1,25.0,365.8536585365854,23.0,5.0,cloudy,dry,,morning,,centennial,,Unknown,solo,rec@6:05,recovery,365.0,,,,0,2018,Running_Log_2018.xlsx
2018-09-18,2018,9,261,2,5.1,31.0,364.7058823529412,22.0,5.0,clear,dry,,morning,,centennial,,Unknown,solo,rec@6:04,recovery,364.0,,,,0,2018,Running_Log_2018.xlsx
2018-09-19,2018,9,262,3,8.4,53.0,378.57142857142856,25.0,5.0,clear,dry,,morning,,love circle,,Unknown,solo,"14j, 26hc-5x lc, 13j",hill_cont,,,,,0,2018,Running_Log_2018.xlsx
2018-09-20,2018,9,263,4,5.1,31.0,364.7058823529412,24.0,5.0,clear,dry,,morning,,centennial,,Unknown,solo,rec@6:04,recovery,364.0,,,,0,2018,Running_Log_2018.xlsx
2018-09-21,2018,9,264,5,7.2,44.0,366.6666666666667,27.0,5.0,clear,dry,,morning,,mccabe,,Unknown,solo,rec@6:06,recovery,366.0,,,,0,2018,Running_Log_2018.xlsx
2018-09-22,2018,9,265,6,6.2,38.0,367.741935483871,24.0,3.0,cloudy,dry,,morning,,centennial,,Unknown,solo,rec@6:07,recovery,367.0,,,,0,2018,Running_Log_2018.xlsx
2018-09-23,2018,9,266,7,5.1,31.0,364.7058823529412,21.0,5.0,light rain,wet,,morning,,centennial,,Unknown,solo,rec@6:04,recovery,364.0,,,,0,2018,Running_Log_2018.xlsx
2018-09-24,2018,9,267,1,7.8,45.0,346.1538461538462,22.0,5.0,overcast,wet,,morning,,indoor rec,,Unknown,solo,"15j, 4800f@5:17 (2:20 rest/mi), 14j",fartlek,,4800.0,317.0,fartlek,0,2018,Running_Log_2018.xlsx
2018-09-25,2018,9,268,2,6.2,37.0,358.06451612903226,23.0,5.0,overcast,dry,,morning,,centennial,,Unknown,solo,rec@5:58,recovery,358.0,,,,0,2018,Running_Log_2018.xlsx
2018-09-26,2018,9,269,3,8.4,53.0,378.57142857142856,22.0,5.0,light rain,wet,,morning,,love circle,,Unknown,solo,"14j, 26hc-5x lc, 13j",hill_cont,,,,,0,2018,Running_Log_2018.xlsx
2018-09-27,2018,9,270,4,6.2,36.0,348.38709677419354,17.0,5.0,heavy rain,wet,,morning,,centennial,,Unknown,solo,rec@5:48,recovery,348.0,,,,0,2018,Running_Log_2018.xlsx
2018-09-28,2018,9,271,5,14.0,89.0,381.42857142857144,15.0,5.0,cloudy,dry,,morning,,greenway,,Unknown,solo,long@6:21,long,381.0,,,,0,2018,Running_Log_2018.xlsx
2018-09-29,2018,9,272,6,5.1,32.0,376.47058823529414,22.0,5.0,clear,dry,,morning,,centennial,,Unknown,solo,rec@6:16,recovery,376.0,,,,0,2018,Running_Log_2018.xlsx
2018-09-30,2018,9,273,7,5.1,31.0,364.7058823529412,17.0,4.0,clear,dry,,morning,,centennial,,Unknown,solo,rec@6:04,recovery,364.0,,,,0,2018,Running_Log_2018.xlsx
2018-10-01,2018,10,274,1,7.8,45.0,346.1538461538462,22.0,5.0,clear,dry,,morning,,indoor rec,,Unknown,solo,"15j, 4800f@5:15 (2:20 rest/mi), 14j",fartlek,,4800.0,315.0,fartlek,0,2018,Running_Log_2018.xlsx
2018-10-02,2018,10,275,2,6.2,37.0,358.06451612903226,23.0,5.0,clear,dry,,morning,,centennial,,Unknown,solo,rec@5:58,recovery,358.0,,,,0,2018,Running_Log_2018.xlsx
2018-10-03,2018,10,276,3,8.4,52.0,371.4285714285714,22.0,4.0,clear,dry,,morning,,love circle,,Unknown,solo,"14j, 25hc-5x lc, 13j",hill_cont,,,,,0,2018,Running_Log_2018.xlsx
2018-10-04,2018,10,277,4,6.2,37.0,358.06451612903226,24.0,5.0,cloudy,dry,,morning,,centennial,,Unknown,solo,rec@5:58,recovery,358.0,,,,0,2018,Running_Log_2018.xlsx
2018-10-05,2018,10,278,5,13.8,88.0,382.6086956521739,26.0,5.0,clear,dry,,morning,,belle meade,,Unknown,solo,long@6:22,long,382.0,,,,0,2018,Running_Log_2018.xlsx
2018-10-06,2018,10,279,6,5.1,31.0,364.7058823529412,23.0,5.0,clear,dry,,morning,,centennial,,Unknown,solo,rec@6:04,recovery,364.0,,,,0,2018,Running_Log_2018.xlsx
2018-10-07,2018,10,280,7,6.2,38.0,367.741935483871,22.0,5.0,clear,dry,,morning,,centennial,,Unknown,solo,rec@6:07,recovery,367.0,,,,0,2018,Running_Log_2018.xlsx
2018-10-08,2018,10,281,1,7.8,45.0,346.1538461538462,23.0,5.0,clear,dry,,morning,,indoor rec,,Unknown,solo,"15j, 4800f@5:14 (2:20 rest/mi), 14j",fartlek,,4800.0,314.0,fartlek,0,2018,Running_Log_2018.xlsx
2018-10-09,2018,10,282,2,6.4,38.0,356.25,23.0,5.0,clear,dry,,morning,,centennial,,Unknown,solo,rec@5:56,recovery,356.0,,,,0,2018,Running_Log_2018.xlsx
2018-10-10,2018,10,283,3,8.4,53.0,378.57142857142856,24.0,4.0,overcast,dry,,morning,,love circle,,Unknown,solo,"14j, 26hc-5x lc, 13j",hill_cont,,,,,0,2018,Running_Log_2018.xlsx
2018-10-11,2018,10,284,4,6.2,37.0,358.06451612903226,14.0,5.0,cloudy,dry,,morning,,centennial,,Unknown,solo,rec@5:58,recovery,358.0,,,,0,2018,Running_Log_2018.xlsx
2018-10-12,2018,10,285,5,14.0,89.0,381.42857142857144,10.0,5.0,clear,dry,,morning,,greenway,,Unknown,solo,long@6:21,long,381.0,,,,0,2018,Running_Log_2018.xlsx
2018-10-13,2018,10,286,6,7.2,42.0,350.0,10.0,5.0,overcast,dry,,morning,,mccabe,,Unknown,solo,rec@5:50,recovery,350.0,,,,0,2018,Running_Log_2018.xlsx
2018-10-14,2018,10,287,7,5.1,32.0,376.47058823529414,12.0,2.0,overcast,wet,,morning,,centennial,,Unknown,solo,rec@6:16,recovery,376.0,,,,0,2018,Running_Log_2018.xlsx
2018-10-15,2018,10,288,1,7.8,45.0,346.1538461538462,19.0,5.0,heavy rain,wet,,morning,,indoor rec,,Unknown,solo,"15j, 4800f@5:23 (2:20 rest/mi), 14j",fartlek,,4800.0,323.0,fartlek,0,2018,Running_Log_2018.xlsx
2018-10-16,2018,10,289,2,6.2,37.0,358.06451612903226,8.0,5.0,overcast,dry,,morning,,centennial,,Unknown,solo,rec@5:58,recovery,358.0,,,,0,2018,Running_Log_2018.xlsx
2018-10-17,2018,10,290,3,8.4,53.0,378.57142857142856,9.0,5.0,foggy,dry,,morning,,love circle,,Unknown,solo,"14j, 26hc-5x lc, 13j",hill_cont,,,,,0,2018,Running_Log_2018.xlsx
2018-10-18,2018,10,291,4,7.2,43.0,358.3333333333333,10.0,5.0,clear,dry,,morning,,mccabe,,Unknown,solo,rec@5:58,recovery,358.0,,,,0,2018,Running_Log_2018.xlsx
2018-10-19,2018,10,292,5,14.0,87.0,372.85714285714283,9.0,5.0,clear,dry,,morning,,belle meade,,Unknown,solo,long@6:12,long,372.0,,,,0,2018,Running_Log_2018.xlsx
2018-10-20,2018,10,293,6,6.2,38.0,367.741935483871,12.0,5.0,cloudy,wet,,morning,,centennial,,Unknown,solo,rec@6:07,recovery,367.0,,,,0,2018,Running_Log_2018.xlsx
2018-10-21,2018,10,294,7,5.1,31.0,364.7058823529412,3.0,3.0,clear,dry,,morning,,centennial,,Unknown,solo,rec@6:04,recovery,364.0,,,,0,2018,Running_Log_2018.xlsx
2018-10-22,2018,10,295,1,7.8,44.0,338.46153846153845,4.0,5.0,clear,dry,,morning,,indoor rec,,Unknown,solo,"14j, 4800f@5:14 (2:20rest/mi), 14j",fartlek,,4800.0,314.0,fartlek,0,2018,Running_Log_2018.xlsx
2018-10-23,2018,10,296,2,6.2,37.0,358.06451612903226,8.0,5.0,clear,dry,,morning,,centennial,,Unknown,solo,rec@5:58,recovery,358.0,,,,0,2018,Running_Log_2018.xlsx
2018-10-24,2018,10,297,3,8.4,52.0,371.4285714285714,8.0,5.0,clear,dry,,morning,,love circle,,Unknown,solo,"14j, 25hc-5x lc, 13j",hill_cont,,,,,0,2018,Running_Log_2018.xlsx
2018-10-25,2018,10,298,4,6.2,38.0,367.741935483871,9.0,5.0,cloudy,dry,,morning,,centennial,,Unknown,solo,rec@6:07,recovery,367.0,,,,0,2018,Running_Log_2018.xlsx
2018-10-26,2018,10,299,5,13.6,88.0,388.2352941176471,11.0,4.0,light rain,wet,,morning,,greenway,,Unknown,solo,long@6:28,long,388.0,,,,0,2018,Running_Log_2018.xlsx
2018-10-27,2018,10,300,6,5.8,39.0,403.44827586206895,9.0,3.0,overcast,wet,,early,,deer run,,Unknown,solo,rec@6:43,recovery,403.0,,,,0,2018,Running_Log_2018.xlsx
2018-10-28,2018,10,301,7,5.8,40.0,413.7931034482759,7.0,4.0,clear,dry,,early,,deer run,,Unknown,solo,rec@6:53,recovery,413.0,,,,0,2018,Running_Log_2018.xlsx
2018-10-29,2018,10,302,1,7.8,45.0,346.1538461538462,6.0,5.0,clear,dry,,morning,,outdoor rec,,Track,solo,"15j, 4800f@5:15 (2:20 rest/mi), 14j",fartlek,,4800.0,315.0,fartlek,0,2018,Running_Log_2018.xlsx
2018-10-30,2018,10,303,2,6.2,38.0,367.741935483871,10.0,4.0,cloudy,dry,,morning,,centennial,,Unknown,solo,rec@6:07,recovery,367.0,,,,0,2018,Running_Log_2018.xlsx
2018-10-31,2018,10,304,3,8.4,53.0,378.57142857142856,19.0,5.0,cloudy,dry,,morning,,love circle,,Unknown,solo,"14j, 26hc-5x lc, 13j",hill_cont,,,,,0,2018,Running_Log_2018.xlsx
2018-11-01,2018,11,305,4,6.2,37.0,358.06451612903226,17.0,5.0,heavy rain,wet,,morning,,centennial,,Unknown,solo,rec@5:58,recovery,358.0,,,,0,2018,Running_Log_2018.xlsx
2018-11-02,2018,11,306,5,13.8,86.0,373.9130434782609,8.0,4.0,cloudy,dry,,morning,,belle meade,,Unknown,solo,long@6:13,long,373.0,,,,0,2018,Running_Log_2018.xlsx
2018-11-03,2018,11,307,6,7.2,43.0,358.3333333333333,7.0,5.0,clear,dry,,morning,,mccabe,,Unknown,solo,rec@5:58,recovery,358.0,,,,0,2018,Running_Log_2018.xlsx
2018-11-04,2018,11,308,7,5.1,31.0,364.7058823529412,13.0,3.0,clear,dry,,morning,,centennial,,Unknown,solo,rec@6:04,recovery,364.0,,,,0,2018,Running_Log_2018.xlsx
2018-11-05,2018,11,309,1,6.2,37.0,358.06451612903226,13.0,5.0,overcast,wet,,morning,,centennial,,Unknown,solo,rec@5:58,recovery,358.0,,,,0,2018,Running_Log_2018.xlsx
2018-11-06,2018,11,310,2,8.4,53.0,378.57142857142856,14.0,5.0,clear,wet,,morning,,love circle,,Unknown,solo,"14j, 26hc-5x lc, 13j",hill_cont,,,,,0,2018,Running_Log_2018.xlsx
2018-11-07,2018,11,311,3,7.2,42.0,350.0,12.0,5.0,overcast,dry,,morning,,mccabe,,Unknown,solo,rec@5:50,recovery,350.0,,,,0,2018,Running_Log_2018.xlsx
2018-11-08,2018,11,312,4,5.1,31.0,364.7058823529412,8.0,5.0,cloudy,dry,,morning,,centennial,,Unknown,solo,rec@6:04,recovery,364.0,,,,0,2018,Running_Log_2018.xlsx
2018-11-09,2018,11,313,5,4.1,25.0,365.8536585365854,6.0,5.0,light rain,wet,,morning,,centennial,,Unknown,solo,rec@6:05,recovery,365.0,,,,0,2018,Running_Log_2018.xlsx
2018-11-10,2018,11,314,6,26.2,163.0,373.2824427480916,0.0,5.0,clear,dry,,morning,,greenway,,Unknown,solo,42195 race@2:42:58 [Nashville Marathon],race,,,,,1,2018,Running_Log_2018.xlsx
2018-11-11,2018,11,315,7,3.1,21.0,406.4516129032258,-2.0,3.0,clear,dry,,morning,,centennial,,Unknown,solo,rec@6:46,recovery,406.0,,,,0,2018,Running_Log_2018.xlsx
2018-11-12,2018,11,316,1,4.1,27.0,395.12195121951225,7.0,5.0,overcast,wet,,morning,,centennial,,Unknown,solo,rec@6:35,recovery,395.0,,,,0,2018,Running_Log_2018.xlsx
2018-11-13,2018,11,317,2,5.1,33.0,388.2352941176471,4.0,5.0,cloudy,wet,,morning,,centennial,,Unknown,solo,rec@6:28,recovery,388.0,,,,0,2018,Running_Log_2018.xlsx
2018-11-14,2018,11,318,3,6.2,37.0,358.06451612903226,1.0,5.0,overcast,dry,,morning,,centennial,,Unknown,solo,rec@5:58,recovery,358.0,,,,0,2018,Running_Log_2018.xlsx
2018-11-15,2018,11,319,4,7.2,43.0,358.3333333333333,1.0,5.0,overcast,wet,,morning,,mccabe,,Unknown,solo,rec@5:58,recovery,358.0,,,,0,2018,Running_Log_2018.xlsx
2018-11-16,2018,11,320,5,5.1,31.0,364.7058823529412,2.0,3.0,clear,dry,,morning,,centennial,,Unknown,solo,rec@6:04,recovery,364.0,,,,0,2018,Running_Log_2018.xlsx
2018-11-17,2018,11,321,6,10.0,65.0,390.0,6.0,5.0,cloudy,dry,,morning,,pipeline,,Unknown,solo,long@6:32,long,392.0,,,,0,2018,Running_Log_2018.xlsx
2018-11-18,2018,11,322,7,5.3,34.0,384.9056603773585,1.0,5.0,clear,dry,,morning,,nike>powerline,,Unknown,solo,rec@6:24,recovery,384.0,,,,0,2018,Running_Log_2018.xlsx
2018-11-19,2018,11,323,1,8.3,54.0,390.3614457831325,3.0,6.0,clear,dry,,morning,,rollercoaster,,Unknown,solo,"14j, 25hc-7x rc/6sp, 14j",hill_cont,,,,,0,2018,Running_Log_2018.xlsx
2018-11-20,2018,11,324,2,5.7,36.0,378.9473684210526,2.0,6.0,clear,dry,,morning,,suburbia,,Unknown,solo,rec@6:18,recovery,378.0,,,,0,2018,Running_Log_2018.xlsx
2018-11-21,2018,11,325,3,5.1,32.0,376.47058823529414,10.0,6.0,overcast,dry,,morning,,nike>nature,,Unknown,solo,rec@6:16,recovery,376.0,,,,0,2018,Running_Log_2018.xlsx
2018-11-22,2018,11,326,4,9.1,57.0,375.8241758241758,9.0,5.0,cloudy,wet,,morning,,english hill,,Unknown,solo,"17j, 5rec/t, 5000 race@17:53, 17j [English Hill Turkey Trot]",race,,,,,1,2018,Running_Log_2018.xlsx
2018-11-23,2018,11,327,5,5.9,39.0,396.6101694915254,9.0,5.0,light rain,wet,,morning,,burke-gilman,,Unknown,Andrey,rec@6:36,recovery,396.0,,,,0,2018,Running_Log_2018.xlsx
2018-11-24,2018,11,328,6,19.4,122.0,377.31958762886603,6.0,5.0,clear,wet,,morning,,lake samm,,Unknown,solo,long@6:17,long,377.0,,,,0,2018,Running_Log_2018.xlsx
2018-11-25,2018,11,329,7,5.3,37.0,418.8679245283019,2.0,3.0,cloudy,wet,,early,,nike>powerline,,Unknown,solo,rec@6:58,recovery,418.0,,,,0,2018,Running_Log_2018.xlsx
2018-11-26,2018,11,330,1,7.8,45.0,346.1538461538462,3.0,4.0,overcast,dry,,morning,,outdoor rec,,Track,solo,"15j, 4800f@5:22 (2:20 rest/mi), 14j",fartlek,,4800.0,322.0,fartlek,0,2018,Running_Log_2018.xlsx
2018-11-27,2018,11,331,2,6.2,38.0,367.741935483871,-2.0,4.0,overcast,dry,,morning,,centennial,,Unknown,solo,rec@6:07,recovery,367.0,,,,0,2018,Running_Log_2018.xlsx
2018-11-28,2018,11,332,3,8.4,53.0,378.57142857142856,-4.0,5.0,cloudy,dry,,morning,,love circle,,Unknown,solo,"14j, 26hc-5x lc, 13j",hill_cont,,,,,0,2018,Running_Log_2018.xlsx
2018-11-29,2018,11,333,4,6.2,37.0,358.06451612903226,7.0,4.0,overcast,dry,,morning,,centennial,,Unknown,solo,rec@5:58,recovery,358.0,,,,0,2018,Running_Log_2018.xlsx
2018-11-30,2018,11,334,5,14.0,87.0,372.85714285714283,17.0,4.0,light rain,wet,,morning,,belle meade,,Unknown,solo,long@6:12,long,372.0,,,,0,2018,Running_Log_2018.xlsx
2018-12-01,2018,12,335,6,6.2,37.0,358.06451612903226,15.0,5.0,light rain,wet,,morning,,centennial,,Unknown,solo,rec@5:58,recovery,358.0,,,,0,2018,Running_Log_2018.xlsx
2018-12-02,2018,12,336,7,5.1,31.0,364.7058823529412,13.0,5.0,clear,wet,,morning,,centennial,,Unknown,solo,rec@6:04,recovery,364.0,,,,0,2018,Running_Log_2018.xlsx
2018-12-03,2018,12,337,1,7.8,43.0,330.7692307692308,5.0,6.0,clear,dry,,morning,,outdoor rec,,Track,solo,"14j, 4800f@5:09 (2:20 rest/mi), 14j",fartlek,,4800.0,309.0,fartlek,0,2018,Running_Log_2018.xlsx
2018-12-04,2018,12,338,2,6.2,37.0,358.06451612903226,3.0,5.0,overcast,dry,,morning,,centennial,,Unknown,solo,rec@5:58,recovery,358.0,,,,0,2018,Running_Log_2018.xlsx
2018-12-05,2018,12,339,3,8.4,53.0,378.57142857142856,0.0,5.0,flurries,wet,,morning,,love circle,,Unknown,solo,"14j, 26hc-5x lc, 13j",hill_cont,,,,,0,2018,Running_Log_2018.xlsx
2018-12-06,2018,12,340,4,6.2,38.0,367.741935483871,-2.0,5.0,clear,dry,,morning,,centennial,,Unknown,solo,rec@6:07,recovery,367.0,,,,0,2018,Running_Log_2018.xlsx
2018-12-07,2018,12,341,5,18.6,117.0,377.41935483870964,4.0,5.0,overcast,dry,,early,,greenway,,Unknown,solo,long@6:17,long,377.0,,,,0,2018,Running_Log_2018.xlsx
2018-12-08,2018,12,342,6,7.2,43.0,358.3333333333333,2.0,5.0,light rain,wet,,morning,,mccabe,,Unknown,solo,rec@5:58,recovery,358.0,,,,0,2018,Running_Log_2018.xlsx
2018-12-09,2018,12,343,7,5.1,31.0,364.7058823529412,2.0,3.0,light rain,wet,,morning,,centennial,,Unknown,solo,rec@6:04,recovery,364.0,,,,0,2018,Running_Log_2018.xlsx
2018-12-10,2018,12,344,1,7.5,43.0,344.0,1.0,5.0,clear,dry,,morning,,centennial,,Unknown,solo,"17j, 4800t@5:43 (1:00 rest/mi), 9j",tempo,,4800.0,343.0,tempo,0,2018,Running_Log_2018.xlsx
2018-12-11,2018,12,345,2,7.2,42.0,350.0,-1.0,5.0,clear,dry,,morning,,mccabe,,Unknown,solo,rec@5:50,recovery,350.0,,,,0,2018,Running_Log_2018.xlsx
2018-12-12,2018,12,346,3,8.4,53.0,378.57142857142856,5.0,4.0,overcast,dry,,morning,,love circle,,Unknown,solo,"14j, 26hc-5x lc,13j",hill_cont,,,,,0,2018,Running_Log_2018.xlsx
2018-12-13,2018,12,347,4,6.2,37.0,358.06451612903226,8.0,3.0,cloudy,dry,,morning,,centennial,,Unknown,solo,rec@5:58,recovery,358.0,,,,0,2018,Running_Log_2018.xlsx
2018-12-14,2018,12,348,5,14.1,87.0,370.21276595744683,12.0,4.0,light rain,wet,,morning,,belle meade,,Unknown,solo,long@6:10,long,370.0,,,,0,2018,Running_Log_2018.xlsx
2018-12-15,2018,12,349,6,6.2,39.0,377.4193548387097,10.0,5.0,cloudy,wet,,morning,,edgehill,,Unknown,solo,rec@6:17,recovery,377.0,,,,0,2018,Running_Log_2018.xlsx
2018-12-16,2018,12,350,7,6.2,39.0,377.4193548387097,7.0,5.0,overcast,dry,,morning,,greenway,,Unknown,solo,rec@6:17,recovery,377.0,,,,0,2018,Running_Log_2018.xlsx
2018-12-17,2018,12,351,1,6.2,39.0,377.4193548387097,2.0,6.0,clear,dry,,morning,,greenway,,Unknown,solo,rec@6:17,recovery,377.0,,,,0,2018,Running_Log_2018.xlsx
2018-12-18,2018,12,352,2,5.7,37.0,389.4736842105263,9.0,5.0,light rain,wet,,early,,suburbia,,Unknown,solo,rec@6:29,recovery,389.0,,,,0,2018,Running_Log_2018.xlsx
2018-12-19,2018,12,353,3,19.6,120.0,367.3469387755102,8.0,5.0,overcast,wet,,morning,,river trail,,Unknown,solo,long@6:07,long,367.0,,,,0,2018,Running_Log_2018.xlsx
2018-12-20,2018,12,354,4,5.6,39.0,417.8571428571429,11.0,7.0,light rain,wet,,morning,,english hill,,Unknown,solo,rec@6:57,recovery,417.0,,,,0,2018,Running_Log_2018.xlsx
2018-12-21,2018,12,355,5,5.7,37.0,389.4736842105263,1.0,5.0,cloudy,icy,,morning,,suburbia,,Unknown,solo,rec@6:29,recovery,389.0,,,,0,2018,Running_Log_2018.xlsx
2018-12-22,2018,12,356,6,8.3,53.0,383.1325301204819,5.0,5.0,cloudy,dry,,morning,,rollercoaster,,Unknown,solo,"14j, 24hc-7x rc/6sp, 14j",hill_cont,,,,,0,2018,Running_Log_2018.xlsx
2018-12-23,2018,12,357,7,5.2,33.0,380.7692307692308,7.0,3.0,light rain,wet,,early,,english hill,,Unknown,solo,rec@6:20,recovery,380.0,,,,0,2018,Running_Log_2018.xlsx
2018-12-24,2018,12,358,1,7.5,43.0,344.0,5.0,4.0,cloudy,wet,,morning,,rhs track,,Track,solo,"14j, 4800f@5:12 (2:20 rest/mi), 13j",fartlek,,4800.0,312.0,fartlek,0,2018,Running_Log_2018.xlsx
2018-12-25,2018,12,359,2,5.3,34.0,384.9056603773585,2.0,6.0,cloudy,wet,,morning,,nike>powerline,,Unknown,solo,rec@6:24,recovery,384.0,,,,0,2018,Running_Log_2018.xlsx
2018-12-26,2018,12,360,3,13.9,90.0,388.48920863309354,4.0,6.0,overcast,muddy,,afternoon,,watershed,,Unknown,solo,long@6:28,long,388.0,,,,0,2018,Running_Log_2018.xlsx
2018-12-27,2018,12,361,4,5.7,37.0,389.4736842105263,4.0,4.0,foggy,wet,,morning,,suburbia,,Unknown,solo,rec@6:29,recovery,389.0,,,,0,2018,Running_Log_2018.xlsx
2018-12-28,2018,12,362,5,5.3,34.0,384.9056603773585,4.0,5.0,light rain,wet,,morning,,nike>powerline,,Unknown,solo,rec@6:24,recovery,384.0,,,,0,2018,Running_Log_2018.xlsx
2018-12-29,2018,12,363,6,8.1,51.0,377.77777777777777,11.0,6.0,overcast,wet,,morning,,106th,,Unknown,solo,"14j, 23hc-8x 106th, 14j",hill_cont,,,,,0,2018,Running_Log_2018.xlsx
2018-12-30,2018,12,364,7,5.3,34.0,384.9056603773585,4.0,4.0,cloudy,wet,,morning,,nike>powerline,,Unknown,solo,rec@6:24,recovery,384.0,,,,0,2018,Running_Log_2018.xlsx
2018-12-31,2018,12,365,1,7.6,43.0,339.47368421052636,1.0,6.0,foggy,wet,,morning,,hartman,,Unknown,solo,"14j, 4800r@4:33 (7:27 rest/mi), 15j",rep,,4800.0,273.0,rep,0,2018,Running_Log_2018.xlsx
2019-01-01,2019,1,1,2,6.0,39.0,390.0,3.0,3.0,cloudy,dry,,morning,,burke-gilman,,Unknown,solo,rec@6:30,recovery,390.0,,,,0,2018,Running_Log_2019.xlsx
2019-01-02,2019,1,2,3,19.7,121.0,368.52791878172593,4.0,6.0,cloudy,dry,,morning,,lake samm,,Unknown,solo,long@6:08,long,368.0,,,,0,2018,Running_Log_2019.xlsx
2019-01-03,2019,1,3,4,5.7,37.0,389.4736842105263,9.0,5.0,cloudy,wet,,morning,,suburbia,,Unknown,solo,rec@6:29,recovery,389.0,,,,0,2018,Running_Log_2019.xlsx
2019-01-04,2019,1,4,5,5.1,32.0,376.47058823529414,9.0,5.0,cloudy,wet,,morning,,nike>nature,,Unknown,solo,rec@6:16,recovery,376.0,,,,0,2018,Running_Log_2019.xlsx
2019-01-05,2019,1,5,6,6.9,42.0,365.2173913043478,7.0,5.0,overcast,wet,,morning,,magnuson,,Unknown,solo,"14j, 5rec/t, 3218 race@10:44, 13j [New Balance Winter Grand Prix]",race,,,,,1,2018,Running_Log_2019.xlsx
2019-01-06,2019,1,6,7,5.3,34.0,384.9056603773585,6.0,5.0,cloudy,wet,,morning,,nike>powerline,,Unknown,solo,rec@6:24,recovery,384.0,,,,0,2018,Running_Log_2019.xlsx
2019-01-07,2019,1,7,1,6.2,37.0,358.06451612903226,12.0,4.0,cloudy,dry,,morning,,centennial,,Unknown,solo,rec@5:58,recovery,358.0,,,,0,2018,Running_Log_2019.xlsx
2019-01-08,2019,1,8,2,7.2,43.0,358.3333333333333,16.0,5.0,cloudy,dry,,morning,,mccabe,,Unknown,solo,rec@5:58,recovery,358.0,,,,0,2018,Running_Log_2019.xlsx
2019-01-09,2019,1,9,3,18.8,121.0,386.17021276595744,5.0,5.0,clear,dry,,morning,,greenway,,Unknown,solo,long@6:26,long,386.0,,,,0,2018,Running_Log_2019.xlsx
2019-01-10,2019,1,10,4,6.2,38.0,367.741935483871,-4.0,5.0,clear,dry,,morning,,centennial,,Unknown,solo,rec@6:07,recovery,367.0,,,,0,2018,Running_Log_2019.xlsx
2019-01-11,2019,1,11,5,8.4,53.0,378.57142857142856,-3.0,5.0,cloudy,dry,,morning,,love circle,,Unknown,solo,"14j, 26hc-5x lc, 13j",hill_cont,,,,,0,2018,Running_Log_2019.xlsx
2019-01-12,2019,1,12,6,6.2,38.0,367.741935483871,7.0,4.0,cloudy,wet,,morning,,centennial,,Unknown,solo,rec@6:07,recovery,367.0,,,,0,2018,Running_Log_2019.xlsx
2019-01-13,2019,1,13,7,5.1,32.0,376.47058823529414,9.0,4.0,cloudy,wet,,morning,,centennial,,Unknown,solo,rec@6:16,recovery,376.0,,,,0,2018,Running_Log_2019.xlsx
2019-01-14,2019,1,14,1,7.8,45.0,346.1538461538462,2.0,5.0,cloudy,wet,,morning,,outdoor rec,,Track,solo,"15j, 4800f@5:19 (2:20 rest/mi), 14j",fartlek,,4800.0,319.0,fartlek,0,2018,Running_Log_2019.xlsx
2019-01-15,2019,1,15,2,6.2,37.0,358.06451612903226,2.0,5.0,overcast,dry,,morning,,centennial,,Unknown,solo,rec@5:58,recovery,358.0,,,,0,2018,Running_Log_2019.xlsx
2019-01-16,2019,1,16,3,8.4,52.0,371.4285714285714,1.0,5.0,clear,dry,,morning,,love circle,,Unknown,solo,"14j, 25hc-5x lc, 13j",hill_cont,,,,,0,2018,Running_Log_2019.xlsx
2019-01-17,2019,1,17,4,6.2,37.0,358.06451612903226,6.0,5.0,light rain,wet,,morning,,centennial,,Unknown,solo,rec@5:58,recovery,358.0,,,,0,2018,Running_Log_2019.xlsx
2019-01-18,2019,1,18,5,5.1,31.0,364.7058823529412,6.0,4.0,cloudy,wet,,morning,,centennial,,Unknown,solo,rec@6:04,recovery,364.0,,,,0,2018,Running_Log_2019.xlsx
2019-01-19,2019,1,19,6,14.2,86.0,363.38028169014086,12.0,5.0,heavy rain,wet,,morning,,belle meade,,Unknown,solo,long@6:03,long,363.0,,,,0,2018,Running_Log_2019.xlsx
2019-01-20,2019,1,20,7,5.1,31.0,364.7058823529412,-3.0,5.0,overcast,icy,,morning,,centennial,,Unknown,solo,rec@6:04,recovery,364.0,,,,0,2018,Running_Log_2019.xlsx
2019-01-21,2019,1,21,1,7.8,43.0,330.7692307692308,-4.0,4.0,clear,dry,,morning,,outdoor rec,,Track,solo,"14j, 4800f@5:07 (2:20 rest/mi), 14j",fartlek,,4800.0,307.0,fartlek,0,2018,Running_Log_2019.xlsx
2019-01-22,2019,1,22,2,6.2,37.0,358.06451612903226,1.0,5.0,clear,dry,,morning,,centennial,,Unknown,solo,rec@5:58,recovery,358.0,,,,0,2018,Running_Log_2019.xlsx
2019-01-23,2019,1,23,3,8.4,51.0,364.2857142857143,12.0,5.0,light rain,wet,,morning,,love circle,,Unknown,solo,"14j, 24hc-5x lc, 13j",hill_cont,,,,,0,2018,Running_Log_2019.xlsx
2019-01-24,2019,1,24,4,6.2,37.0,358.06451612903226,-2.0,5.0,cloudy,dry,,morning,,centennial,,Unknown,solo,rec@5:58,recovery,358.0,,,,0,2018,Running_Log_2019.xlsx
2019-01-25,2019,1,25,5,19.1,120.0,376.9633507853403,-3.0,5.0,clear,dry,,morning,,greenway,,Unknown,solo,long@6:16,long,376.0,,,,0,2018,Running_Log_2019.xlsx
2019-01-26,2019,1,26,6,7.2,44.0,366.6666666666667,3.0,5.0,clear,dry,,morning,,mccabe,,Unknown,solo,rec@6:06,recovery,366.0,,,,0,2018,Running_Log_2019.xlsx
2019-01-27,2019,1,27,7,5.1,31.0,364.7058823529412,4.0,3.0,clear,dry,,morning,,centennial,,Unknown,solo,rec@6:04,recovery,364.0,,,,0,2018,Running_Log_2019.xlsx
2019-01-28,2019,1,28,1,7.8,44.0,338.46153846153845,5.0,5.0,clear,dry,,morning,,outdoor rec,,Track,solo,"14j, 4800f@5:18 (2:20 rest/mi), 14j",fartlek,,4800.0,318.0,fartlek,0,2018,Running_Log_2019.xlsx
2019-01-29,2019,1,29,2,6.2,37.0,358.06451612903226,-6.0,5.0,clear,dry,,morning,,centennial,,Unknown,solo,rec@5:58,recovery,358.0,,,,0,2018,Running_Log_2019.xlsx
2019-01-30,2019,1,30,3,8.4,52.0,371.4285714285714,-6.0,5.0,snow,snow,,morning,,love circle,,Unknown,solo,"14j, 25hc-5x lc, 13j",hill_cont,,,,,0,2018,Running_Log_2019.xlsx
2019-01-31,2019,1,31,4,6.2,37.0,358.06451612903226,-7.0,5.0,clear,dry,,morning,,centennial,,Unknown,solo,rec@5:58,recovery,358.0,,,,0,2018,Running_Log_2019.xlsx
2019-02-01,2019,2,32,5,14.1,88.0,374.468085106383,8.0,5.0,overcast,wet,,morning,,belle meade,,Unknown,solo,long@6:14,long,374.0,,,,0,2018,Running_Log_2019.xlsx
2019-02-02,2019,2,33,6,7.2,42.0,350.0,9.0,5.0,clear,dry,,morning,,mccabe,,Unknown,solo,rec@5:50,recovery,350.0,,,,0,2018,Running_Log_2019.xlsx
2019-02-03,2019,2,34,7,5.1,31.0,364.7058823529412,6.0,5.0,clear,dry,,morning,,centennial,,Unknown,solo,rec@6:04,recovery,364.0,,,,0,2018,Running_Log_2019.xlsx
2019-02-04,2019,2,35,1,7.8,44.0,338.46153846153845,14.0,5.0,overcast,wet,,morning,,outdoor rec,,Track,solo,"14j, 4800f@5:21 (2:20 rest/mi), 14j",fartlek,,4800.0,321.0,fartlek,0,2018,Running_Log_2019.xlsx
2019-02-05,2019,2,36,2,6.2,37.0,358.06451612903226,16.0,5.0,overcast,wet,,morning,,centennial,,Unknown,solo,rec@5:58,recovery,358.0,,,,0,2018,Running_Log_2019.xlsx
2019-02-06,2019,2,37,3,8.4,51.0,364.2857142857143,20.0,5.0,overcast,wet,,morning,,love circle,,Unknown,solo,"14j, 24hc-5x lc, 13j",hill_cont,,,,,0,2018,Running_Log_2019.xlsx
2019-02-07,2019,2,38,4,6.2,37.0,358.06451612903226,21.0,5.0,cloudy,wet,,morning,,centennial,,Unknown,solo,rec@5:58,recovery,358.0,,,,0,2018,Running_Log_2019.xlsx
2019-02-08,2019,2,39,5,19.1,120.0,376.9633507853403,-3.0,5.0,clear,dry,,morning,,greenway,,Unknown,solo,long@6:16,long,376.0,,,,0,2018,Running_Log_2019.xlsx
2019-02-09,2019,2,40,6,5.1,32.0,376.47058823529414,-5.0,4.0,clear,dry,,morning,,centennial,,Unknown,solo,rec@6:16,recovery,376.0,,,,0,2018,Running_Log_2019.xlsx
2019-02-10,2019,2,41,7,7.2,44.0,366.6666666666667,4.0,5.0,light rain,wet,,morning,,mccabe,,Unknown,solo,rec@6:06,recovery,366.0,,,,0,2018,Running_Log_2019.xlsx
2019-02-11,2019,2,42,1,7.8,44.0,338.46153846153845,11.0,5.0,overcast,wet,,morning,,outdoor rec,,Track,solo,"14j, 4800f@5:15 (2:20 rest/mi), 14j",fartlek,,4800.0,315.0,fartlek,0,2018,Running_Log_2019.xlsx
2019-02-12,2019,2,43,2,6.2,38.0,367.741935483871,15.0,4.0,light rain,wet,,morning,,centennial,,Unknown,solo,rec@6:07,recovery,367.0,,,,0,2018,Running_Log_2019.xlsx
2019-02-13,2019,2,44,3,8.4,52.0,371.4285714285714,3.0,4.0,clear,dry,,morning,,love circle,,Unknown,solo,"14j, 25hc-5x lc, 13j",hill_cont,,,,,0,2018,Running_Log_2019.xlsx
2019-02-14,2019,2,45,4,5.1,31.0,364.7058823529412,9.0,5.0,cloudy,dry,,morning,,centennial,,Unknown,solo,rec@6:04,recovery,364.0,,,,0,2018,Running_Log_2019.xlsx
2019-02-15,2019,2,46,5,13.9,87.0,375.53956834532374,12.0,4.0,overcast,dry,,morning,,belle meade,,Unknown,solo,long@6:15,long,375.0,,,,0,2018,Running_Log_2019.xlsx
2019-02-16,2019,2,47,6,7.2,43.0,358.3333333333333,1.0,4.0,overcast,wet,,morning,,mccabe,,Unknown,solo,rec@5:58,recovery,358.0,,,,0,2018,Running_Log_2019.xlsx
2019-02-17,2019,2,48,7,5.1,31.0,364.7058823529412,7.0,3.0,light rain,wet,,morning,,centennial,,Unknown,solo,rec@6:04,recovery,364.0,,,,0,2018,Running_Log_2019.xlsx
2019-02-18,2019,2,49,1,7.8,44.0,338.46153846153845,1.0,6.0,overcast,dry,,morning,,outdoor rec,,Track,solo,"14j, 4800f@5:25 (2:20 rest/mi), 14j",fartlek,,4800.0,325.0,fartlek,0,2018,Running_Log_2019.xlsx
2019-02-19,2019,2,50,2,6.2,38.0,367.741935483871,1.0,5.0,cloudy,dry,,morning,,centennial,,Unknown,solo,rec@6:07,recovery,367.0,,,,0,2018,Running_Log_2019.xlsx
2019-02-20,2019,2,51,3,8.4,53.0,378.57142857142856,12.0,5.0,heavy rain,wet,,morning,,love circle,,Unknown,solo,"14j, 26hc-5x lc, 13j",hill_cont,,,,,0,2018,Running_Log_2019.xlsx
2019-02-21,2019,2,52,4,6.2,38.0,367.741935483871,8.0,5.0,clear,dry,,morning,,centennial,,Unknown,solo,rec@6:07,recovery,367.0,,,,0,2018,Running_Log_2019.xlsx
2019-02-22,2019,2,53,5,16.6,108.0,390.3614457831325,8.0,4.0,light rain,wet,,morning,,greenway,,Unknown,solo,long@6:30,long,390.0,,,,0,2018,Running_Log_2019.xlsx
2019-02-23,2019,2,54,6,7.2,43.0,358.3333333333333,14.0,5.0,light rain,wet,,morning,,mccabe,,Unknown,solo,rec@5:58,recovery,358.0,,,,0,2018,Running_Log_2019.xlsx
2019-02-24,2019,2,55,7,5.1,30.0,352.94117647058823,10.0,5.0,cloudy,dry,,morning,,centennial,,Unknown,solo,rec@5:52,recovery,352.0,,,,0,2018,Running_Log_2019.xlsx
2019-02-25,2019,2,56,1,7.8,44.0,338.46153846153845,3.0,5.0,clear,dry,,morning,,outdoor rec,,Track,solo,"14j, 4800f@5:14 (2:20 rest/mi), 14j",fartlek,,4800.0,314.0,fartlek,0,2018,Running_Log_2019.xlsx
2019-02-26,2019,2,57,2,6.2,37.0,358.06451612903226,5.0,5.0,clear,dry,,morning,,centennial,,Unknown,solo,rec@5:58,recovery,358.0,,,,0,2018,Running_Log_2019.xlsx
2019-02-27,2019,2,58,3,8.4,53.0,378.57142857142856,10.0,5.0,cloudy,dry,,morning,,love circle,,Unknown,solo,"14j, 26hc-5x lc, 13j",hill_cont,,,,,0,2018,Running_Log_2019.xlsx
2019-02-28,2019,2,59,4,6.2,37.0,358.06451612903226,7.0,5.0,overcast,dry,,early,,centennial,,Unknown,solo,rec@5:58,recovery,358.0,,,,0,2018,Running_Log_2019.xlsx
2019-03-01,2019,3,60,5,14.0,88.0,377.14285714285717,4.0,5.0,light rain,wet,,morning,,belle meade,,Unknown,solo,long@6:17,long,377.0,,,,0,2018,Running_Log_2019.xlsx
2019-03-02,2019,3,61,6,5.3,34.0,384.9056603773585,9.0,2.0,clear,dry,,morning,,nike>powerline,,Unknown,solo,rec@6:24,recovery,384.0,,,,0,2018,Running_Log_2019.xlsx
2019-03-03,2019,3,62,7,5.1,32.0,376.47058823529414,0.0,6.0,clear,dry,,morning,,nike>nature,,Unknown,solo,rec@6:16,recovery,376.0,,,,0,2018,Running_Log_2019.xlsx
2019-03-04,2019,3,63,1,7.6,42.0,331.57894736842104,4.0,6.0,clear,dry,,morning,,hartman,,Unknown,solo,"14j, 4800r@4:28 (7:32 rest/mi), 15j",rep,,4800.0,268.0,rep,0,2018,Running_Log_2019.xlsx
2019-03-05,2019,3,64,2,5.7,37.0,389.4736842105263,-3.0,5.0,clear,dry,,morning,,suburbia,,Unknown,solo,rec@6:29,recovery,389.0,,,,0,2018,Running_Log_2019.xlsx
2019-03-06,2019,3,65,3,8.3,53.0,383.1325301204819,2.0,5.0,cloudy,dry,,morning,,rollercoaster,,Unknown,solo,"13j, 25hc-7x rc/6sp, 14j",hill_cont,,,,,0,2018,Running_Log_2019.xlsx
2019-03-07,2019,3,66,4,5.7,38.0,400.0,1.0,5.0,snow,snow,,morning,,suburbia,,Unknown,solo,rec@6:40,recovery,400.0,,,,0,2018,Running_Log_2019.xlsx
2019-03-08,2019,3,67,5,5.1,32.0,376.47058823529414,1.0,4.0,cloudy,wet,,morning,,nike>nature,,Unknown,solo,rec@6:16,recovery,376.0,,,,0,2018,Running_Log_2019.xlsx
2019-03-09,2019,3,68,6,26.2,172.0,393.8931297709924,4.0,5.0,clear,dry,,morning,,river trail,,Unknown,solo,long@6:33,long,393.0,,,,0,2018,Running_Log_2019.xlsx
2019-03-10,2019,3,69,7,5.3,37.0,418.8679245283019,-2.0,5.0,clear,dry,,morning,,nike>powerline,,Unknown,solo,rec@6:58,recovery,418.0,,,,0,2018,Running_Log_2019.xlsx
2019-03-11,2019,3,70,1,5.1,31.0,364.7058823529412,8.0,3.0,overcast,dry,,early,,centennial,,Unknown,solo,rec@6:04,recovery,364.0,,,,0,2018,Running_Log_2019.xlsx
2019-03-12,2019,3,71,2,6.2,38.0,367.741935483871,7.0,5.0,cloudy,dry,,morning,,centennial,,Unknown,solo,rec@6:07,recovery,367.0,,,,0,2018,Running_Log_2019.xlsx
2019-03-13,2019,3,72,3,8.4,53.0,378.57142857142856,14.0,5.0,cloudy,dry,,morning,,love circle,,Unknown,solo,"14j, 26hc-5x lc, 13j",hill_cont,,,,,0,2018,Running_Log_2019.xlsx
2019-03-14,2019,3,73,4,6.2,38.0,367.741935483871,20.0,5.0,cloudy,dry,,morning,,centennial,,Unknown,solo,rec@6:07,recovery,367.0,,,,0,2018,Running_Log_2019.xlsx
2019-03-15,2019,3,74,5,14.3,87.0,365.034965034965,9.0,5.0,clear,dry,,morning,,belle meade,,Unknown,solo,long@6:05,long,365.0,,,,0,2018,Running_Log_2019.xlsx
2019-03-16,2019,3,75,6,5.1,31.0,364.7058823529412,7.0,2.0,clear,dry,,morning,,centennial,,Unknown,solo,rec@6:04,recovery,364.0,,,,0,2018,Running_Log_2019.xlsx
2019-03-17,2019,3,76,7,6.2,38.0,367.741935483871,4.0,6.0,clear,dry,,morning,,centennial,,Unknown,solo,rec@6:07,recovery,367.0,,,,0,2018,Running_Log_2019.xlsx
2019-03-18,2019,3,77,1,7.8,44.0,338.46153846153845,5.0,4.0,clear,dry,,morning,,outdoor rec,,Track,solo,"14j, 4800f@5:19 (2:20 rest/mi), 14j",fartlek,,4800.0,319.0,fartlek,0,2018,Running_Log_2019.xlsx
2019-03-19,2019,3,78,2,6.2,37.0,358.06451612903226,5.0,5.0,clear,dry,,morning,,centennial,,Unknown,solo,rec@5:58,recovery,358.0,,,,0,2018,Running_Log_2019.xlsx
2019-03-20,2019,3,79,3,8.4,52.0,371.4285714285714,6.0,5.0,clear,dry,,morning,,love circle,,Unknown,solo,"14j, 25hc-5x lc, 13j",hill_cont,,,,,0,2018,Running_Log_2019.xlsx
2019-03-21,2019,3,80,4,6.2,37.0,358.06451612903226,9.0,5.0,clear,dry,,morning,,centennial,,Unknown,solo,rec@5:58,recovery,358.0,,,,0,2018,Running_Log_2019.xlsx
2019-03-22,2019,3,81,5,18.6,120.0,387.09677419354836,8.0,5.0,clear,dry,,morning,,greenway,,Unknown,solo,long@6:27,long,387.0,,,,0,2018,Running_Log_2019.xlsx
2019-03-23,2019,3,82,6,7.2,42.0,350.0,9.0,5.0,clear,dry,,morning,,mccabe,,Unknown,solo,rec@5:50,recovery,350.0,,,,0,2018,Running_Log_2019.xlsx
2019-03-24,2019,3,83,7,5.1,31.0,364.7058823529412,9.0,4.0,clear,dry,,morning,,centennial,,Unknown,solo,rec@6:04,recovery,364.0,,,,0,2018,Running_Log_2019.xlsx
2019-03-25,2019,3,84,1,7.8,43.0,330.7692307692308,13.0,5.0,heavy rain,wet,,morning,,outdoor rec,,Track,solo,"14j, 4800f@5:18 (2:20 rest/mi), 13j",fartlek,,4800.0,318.0,fartlek,0,2018,Running_Log_2019.xlsx
2019-03-26,2019,3,85,2,6.2,37.0,358.06451612903226,5.0,6.0,clear,dry,,morning,,centennial,,Unknown,solo,rec@5:58,recovery,358.0,,,,0,2018,Running_Log_2019.xlsx
2019-03-27,2019,3,86,3,8.4,52.0,371.4285714285714,6.0,5.0,clear,dry,,morning,,love circle,,Unknown,solo,"14j, 25hc-5x lc, 13j",hill_cont,,,,,0,2018,Running_Log_2019.xlsx
2019-03-28,2019,3,87,4,6.2,38.0,367.741935483871,14.0,5.0,clear,dry,,morning,,centennial,,Unknown,solo,rec@6:07,recovery,367.0,,,,0,2018,Running_Log_2019.xlsx
2019-03-29,2019,3,88,5,14.3,87.0,365.034965034965,15.0,5.0,overcast,wet,,morning,,belle meade,,Unknown,solo,long@6:05,long,365.0,,,,0,2018,Running_Log_2019.xlsx
2019-03-30,2019,3,89,6,6.2,37.0,358.06451612903226,19.0,5.0,cloudy,dry,,morning,,centennial,,Unknown,solo,rec@5:58,recovery,358.0,,,,0,2018,Running_Log_2019.xlsx
2019-03-31,2019,3,90,7,5.1,31.0,364.7058823529412,4.0,3.0,cloudy,dry,,morning,,centennial,,Unknown,solo,rec@6:04,recovery,364.0,,,,0,2018,Running_Log_2019.xlsx
2019-04-01,2019,4,91,1,6.2,37.0,358.06451612903226,1.0,5.0,clear,dry,,morning,,centennial,,Unknown,solo,rec@5:58,recovery,358.0,,,,0,2018,Running_Log_2019.xlsx
2019-04-02,2019,4,92,2,8.4,52.0,371.4285714285714,7.0,5.0,clear,dry,,morning,,love circle,,Unknown,solo,"14j, 25hc-5x lc, 13j",hill_cont,,,,,0,2018,Running_Log_2019.xlsx
2019-04-03,2019,4,93,3,7.2,41.0,341.6666666666667,10.0,5.0,clear,dry,,morning,,mccabe,,Unknown,solo,rec@5:41,recovery,341.0,,,,0,2018,Running_Log_2019.xlsx
2019-04-04,2019,4,94,4,19.2,118.0,368.75,15.0,5.0,clear,dry,,morning,,greenway,,Unknown,solo,long@6:08,long,368.0,,,,0,2018,Running_Log_2019.xlsx
2019-04-05,2019,4,95,5,6.2,38.0,367.741935483871,13.0,5.0,overcast,wet,,early,,centennial,,Unknown,solo,rec@6:07,recovery,367.0,,,,0,2018,Running_Log_2019.xlsx
2019-04-06,2019,4,96,6,7.2,41.0,341.6666666666667,14.0,4.0,cloudy,dry,,morning,,mccabe,,Unknown,solo,rec@5:41,recovery,341.0,,,,0,2018,Running_Log_2019.xlsx
2019-04-07,2019,4,97,7,6.2,35.0,338.7096774193548,21.0,4.0,cloudy,wet,,afternoon,,centennial,,Unknown,solo,rec@5:38,recovery,338.0,,,,0,2018,Running_Log_2019.xlsx
2019-04-08,2019,4,98,1,7.8,41.0,315.3846153846154,17.0,3.0,heavy rain,wet,,morning,,indoor rec,,Unknown,solo,"13j, 4800f@5:05 (2:20 rest/mi), 13j",fartlek,,4800.0,305.0,fartlek,0,2018,Running_Log_2019.xlsx
2019-04-09,2019,4,99,2,6.2,36.0,348.38709677419354,16.0,5.0,foggy,wet,,morning,,centennial,,Unknown,solo,rec@5:48,recovery,348.0,,,,0,2018,Running_Log_2019.xlsx
2019-04-10,2019,4,100,3,8.4,49.0,350.0,18.0,5.0,clear,dry,,morning,,love circle,,Unknown,solo,"13j, 24hc-5x lc, 12j",hill_cont,,,,,0,2018,Running_Log_2019.xlsx
2019-04-11,2019,4,101,4,6.2,37.0,358.06451612903226,20.0,5.0,cloudy,dry,,morning,,centennial,,Unknown,solo,rec@5:58,recovery,358.0,,,,0,2018,Running_Log_2019.xlsx
2019-04-12,2019,4,102,5,14.6,87.0,357.5342465753425,17.0,5.0,light rain,wet,,morning,,belle meade,,Unknown,solo,long@5:57,long,357.0,,,,0,2018,Running_Log_2019.xlsx
2019-04-13,2019,4,103,6,5.1,31.0,364.7058823529412,14.0,4.0,light rain,wet,,morning,,centennial,,Unknown,solo,rec@6:04,recovery,364.0,,,,0,2018,Running_Log_2019.xlsx
2019-04-14,2019,4,104,7,5.1,31.0,364.7058823529412,20.0,3.0,clear,wet,,morning,,centennial,,Unknown,solo,rec@6:04,recovery,364.0,,,,0,2018,Running_Log_2019.xlsx
2019-04-15,2019,4,105,1,7.8,43.0,330.7692307692308,8.0,5.0,clear,dry,,morning,,outdoor rec,,Track,solo,"14j, 4800f@5:17 (2:20 rest/mi), 13j",fartlek,,4800.0,317.0,fartlek,0,2018,Running_Log_2019.xlsx
2019-04-16,2019,4,106,2,6.2,37.0,358.06451612903226,13.0,5.0,clear,dry,,morning,,centennial,,Unknown,solo,rec@5:58,recovery,358.0,,,,0,2018,Running_Log_2019.xlsx
2019-04-17,2019,4,107,3,8.4,52.0,371.4285714285714,19.0,5.0,cloudy,dry,,morning,,love circle,,Unknown,solo,"14j, 25hc-5x lc, 13j",hill_cont,,,,,0,2018,Running_Log_2019.xlsx
2019-04-18,2019,4,108,4,6.2,37.0,358.06451612903226,21.0,5.0,cloudy,dry,,morning,,centennial,,Unknown,solo,rec@5:58,recovery,358.0,,,,0,2018,Running_Log_2019.xlsx
2019-04-19,2019,4,109,5,19.0,118.0,372.63157894736844,10.0,5.0,light rain,wet,,morning,,greenway,,Unknown,solo,long@6:12,long,372.0,,,,0,2018,Running_Log_2019.xlsx
2019-04-20,2019,4,110,6,4.7,29.0,370.2127659574468,4.0,3.0,clear,dry,,early,,little rock,,Unknown,solo,rec@6:10,recovery,370.0,,,,0,2018,Running_Log_2019.xlsx
2019-04-21,2019,4,111,7,6.2,36.0,348.38709677419354,25.0,3.0,clear,dry,,afternoon,,centennial,,Unknown,solo,rec@5:48,recovery,348.0,,,,0,2018,Running_Log_2019.xlsx
2019-04-22,2019,4,112,1,7.8,44.0,338.46153846153845,17.0,6.0,clear,dry,,morning,,indoor rec,,Unknown,solo,"14j, 4800f@5:23 (2:20 rest/mi), 14j",fartlek,,4800.0,323.0,fartlek,0,2018,Running_Log_2019.xlsx
2019-04-23,2019,4,113,2,7.2,43.0,358.3333333333333,19.0,5.0,clear,dry,,morning,,mccabe,,Unknown,solo,rec@5:58,recovery,358.0,,,,0,2018,Running_Log_2019.xlsx
2019-04-24,2019,4,114,3,8.4,53.0,378.57142857142856,18.0,4.0,clear,dry,,morning,,love circle,,Unknown,solo,"14j, 26hc-5x lc, 13j",hill_cont,,,,,0,2018,Running_Log_2019.xlsx
2019-04-25,2019,4,115,4,6.2,38.0,367.741935483871,20.0,4.0,cloudy,dry,,morning,,centennial,,Unknown,solo,rec@6:07,recovery,367.0,,,,0,2018,Running_Log_2019.xlsx
2019-04-26,2019,4,116,5,14.5,86.0,355.86206896551727,17.0,5.0,clear,dry,,morning,,belle meade,,Unknown,solo,long@5:55,long,355.0,,,,0,2018,Running_Log_2019.xlsx
2019-04-27,2019,4,117,6,5.1,31.0,364.7058823529412,20.0,4.0,clear,dry,,morning,,centennial,,Unknown,solo,rec@6:04,recovery,364.0,,,,0,2018,Running_Log_2019.xlsx
2019-04-28,2019,4,118,7,6.2,37.0,358.06451612903226,15.0,4.0,cloudy,dry,,morning,,centennial,,Unknown,solo,rec@5:58,recovery,358.0,,,,0,2018,Running_Log_2019.xlsx
2019-04-29,2019,4,119,1,8.4,53.0,378.57142857142856,22.0,4.0,clear,dry,,morning,,love circle,,Unknown,solo,"14j, 26hc-5x lc, 13j",hill_cont,,,,,0,2018,Running_Log_2019.xlsx
2019-04-30,2019,4,120,2,6.6,40.0,363.6363636363637,6.0,5.0,heavy rain,wet,,afternoon,,chicago,,Unknown,solo,rec@6:03,recovery,363.0,,,,0,2018,Running_Log_2019.xlsx
2019-05-01,2019,5,121,3,6.3,39.0,371.42857142857144,12.0,6.0,overcast,wet,,morning,,chicago,,Unknown,solo,rec@6:11,recovery,371.0,,,,0,2018,Running_Log_2019.xlsx
2019-05-02,2019,5,122,4,6.4,39.0,365.625,5.0,5.0,overcast,dry,,morning,,chicago,,Unknown,solo,rec@6:05,recovery,365.0,,,,0,2018,Running_Log_2019.xlsx
2019-05-03,2019,5,123,5,13.9,90.0,388.48920863309354,10.0,6.0,cloudy,dry,,morning,,watershed,,Unknown,solo,long@6:28,long,388.0,,,,0,2018,Running_Log_2019.xlsx
2019-05-04,2019,5,124,6,5.7,36.0,378.9473684210526,9.0,5.0,clear,dry,,morning,,suburbia,,Unknown,solo,rec@6:18,recovery,378.0,,,,0,2018,Running_Log_2019.xlsx
2019-05-05,2019,5,125,7,7.5,42.0,336.0,9.0,5.0,clear,dry,,morning,,rhs track,,Track,solo,"13j, 4800f@5:17 (2:20 rest/mi), 13j",fartlek,,4800.0,317.0,fartlek,0,2018,Running_Log_2019.xlsx
2019-05-06,2019,5,126,1,7.5,49.0,392.0,17.0,6.0,clear,dry,,morning,,english hill,,Unknown,solo,rec@6:32,recovery,392.0,,,,0,2018,Running_Log_2019.xlsx
2019-05-07,2019,5,127,2,8.3,52.0,375.9036144578313,13.0,5.0,clear,dry,,morning,,rollercoaster,,Unknown,solo,"13j, 24hc-7x rc/6sp, 14j",hill_cont,,,,,0,2018,Running_Log_2019.xlsx
2019-05-08,2019,5,128,3,5.7,36.0,378.9473684210526,13.0,5.0,cloudy,dry,,morning,,suburbia,,Unknown,solo,rec@6:18,recovery,378.0,,,,0,2018,Running_Log_2019.xlsx
2019-05-09,2019,5,129,4,19.2,120.0,375.0,20.0,5.0,clear,dry,,morning,,lake samm,,Unknown,solo,long@6:15,long,375.0,,,,0,2018,Running_Log_2019.xlsx
2019-05-10,2019,5,130,5,4.5,29.0,386.6666666666667,10.0,3.0,clear,dry,,early,,english hill,,Unknown,solo,rec@6:26,recovery,386.0,,,,0,2018,Running_Log_2019.xlsx
2019-05-11,2019,5,131,6,6.3,39.0,371.42857142857144,17.0,5.0,clear,dry,,morning,,philadelphia,,Unknown,solo,rec@6:11,recovery,371.0,,,,0,2018,Running_Log_2019.xlsx
2019-05-12,2019,5,132,7,5.3,33.0,373.5849056603774,17.0,4.0,clear,dry,,late,,nike>powerline,,Unknown,solo,rec@6:13,recovery,373.0,,,,0,2018,Running_Log_2019.xlsx
2019-05-13,2019,5,133,1,7.6,41.0,323.6842105263158,13.0,5.0,cloudy,dry,,morning,,hartman,,Unknown,solo,"14j, 4800r@4:27 (7:33 rest/mi), 14j",rep,,4800.0,267.0,rep,0,2018,Running_Log_2019.xlsx
2019-05-14,2019,5,134,2,5.7,35.0,368.42105263157896,12.0,6.0,light rain,wet,,morning,,suburbia,,Unknown,solo,rec@6:08,recovery,368.0,,,,0,2018,Running_Log_2019.xlsx
2019-05-15,2019,5,135,3,8.3,52.0,375.9036144578313,15.0,5.0,cloudy,dry,,morning,,rollercoaster,,Unknown,solo,"13j, 24hc-7x rc/6sp, 14j",hill_cont,,,,,0,2018,Running_Log_2019.xlsx
2019-05-16,2019,5,136,4,5.7,35.0,368.42105263157896,16.0,5.0,overcast,wet,,afternoon,,suburbia,,Unknown,solo,rec@6:08,recovery,368.0,,,,0,2018,Running_Log_2019.xlsx
2019-05-17,2019,5,137,5,13.1,80.0,366.412213740458,11.0,5.0,overcast,wet,,morning,,river trail,,Unknown,solo,long@6:06,long,366.0,,,,0,2018,Running_Log_2019.xlsx
2019-05-18,2019,5,138,6,9.0,58.0,386.6666666666667,15.0,6.0,clear,dry,,morning,,english hill,,Unknown,solo,rec@6:26,recovery,386.0,,,,0,2018,Running_Log_2019.xlsx
2019-05-19,2019,5,139,7,7.5,41.0,328.0,14.0,5.0,cloudy,dry,,morning,,rhs track,,Track,solo,"13j, 4800f@5:08 (2:20 rest/mi), 13j",fartlek,,4800.0,308.0,fartlek,0,2018,Running_Log_2019.xlsx
2019-05-20,2019,5,140,1,9.2,58.0,378.26086956521743,13.0,5.0,light rain,wet,,afternoon,,english hill,,Unknown,solo,rec@6:18,recovery,378.0,,,,0,2018,Running_Log_2019.xlsx
2019-05-21,2019,5,141,2,8.3,52.0,375.9036144578313,12.0,6.0,cloudy,dry,,morning,,rollercoaster,,Unknown,solo,"13j, 24hc-7x rc/6sp, 14j",hill_cont,,,,,0,2018,Running_Log_2019.xlsx
2019-05-22,2019,5,142,3,9.4,58.0,370.2127659574468,19.0,5.0,cloudy,dry,,afternoon,,english hill,,Unknown,solo,rec@6:10,recovery,370.0,,,,0,2018,Running_Log_2019.xlsx
2019-05-23,2019,5,143,4,5.1,33.0,388.2352941176471,16.0,5.0,clear,dry,,morning,,nike>nature,,Unknown,solo,rec@6:28,recovery,388.0,,,,0,2018,Running_Log_2019.xlsx
2019-05-24,2019,5,144,5,26.2,180.0,412.21374045801525,12.0,5.0,overcast,wet,,morning,,pipeline,,Unknown,solo,long@6:52,long,412.0,,,,0,2018,Running_Log_2019.xlsx
2019-05-25,2019,5,145,6,8.8,58.0,395.45454545454544,12.0,6.0,overcast,dry,,morning,,english hill,,Unknown,solo,rec@6:35,recovery,395.0,,,,0,2018,Running_Log_2019.xlsx
2019-05-26,2019,5,146,7,7.7,48.0,374.025974025974,12.0,4.0,overcast,wet,,morning,,hartman,,Unknown,solo,"15j, 5000t@5:56 (0:00 rest/mi), 15j",tempo,,5000.0,356.0,tempo,0,2018,Running_Log_2019.xlsx
2019-05-27,2019,5,147,1,5.7,36.0,378.9473684210526,21.0,3.0,clear,dry,,morning,,suburbia,,Unknown,solo,rec@6:18,recovery,378.0,,,,0,2018,Running_Log_2019.xlsx
2019-05-28,2019,5,148,2,9.3,59.0,380.64516129032256,15.0,5.0,cloudy,dry,,morning,,english hill,,Unknown,solo,rec@6:20,recovery,380.0,,,,0,2018,Running_Log_2019.xlsx
2019-05-29,2019,5,149,3,11.6,68.0,351.7241379310345,17.0,5.0,cloudy,dry,,late,,shoreline,,Track,solo,"20j; 13j, 5rec/t, 5000 race@16:03.0, 14j",race,,,,,1,2018,Running_Log_2019.xlsx
2019-05-30,2019,5,150,4,8.9,59.0,397.752808988764,22.0,5.0,clear,dry,,afternoon,,english hill,,Unknown,solo,rec@6:37,recovery,397.0,,,,0,2018,Running_Log_2019.xlsx
2019-05-31,2019,5,151,5,13.0,88.0,406.15384615384613,15.0,5.0,cloudy,dry,,morning,,watershed,,Unknown,solo,long@6:46,long,406.0,,,,0,2018,Running_Log_2019.xlsx
2019-06-01,2019,6,152,6,9.4,60.0,382.9787234042553,11.0,5.0,clear,dry,,morning,,plain,,Unknown,solo,rec@6:22,recovery,382.0,,,,0,2018,Running_Log_2019.xlsx
2019-06-02,2019,6,153,7,10.5,63.0,360.0,22.0,6.0,cloudy,dry,,morning,,rhs track,,Track,solo,"14j, 9600f@5:53 (0:00 rest/mi), 14j",fartlek,,9600.0,353.0,fartlek,0,2018,Running_Log_2019.xlsx
2019-06-03,2019,6,154,1,9.0,58.0,386.6666666666667,17.0,5.0,clear,dry,,afternoon,,english hill,,Unknown,solo,rec@6:26,recovery,386.0,,,,0,2018,Running_Log_2019.xlsx
2019-06-04,2019,6,155,2,8.9,58.0,391.0112359550562,14.0,6.0,clear,dry,,morning,,english hill,,Unknown,solo,rec@6:31,recovery,391.0,,,,0,2018,Running_Log_2019.xlsx
2019-06-05,2019,6,156,3,10.4,62.0,357.6923076923077,13.0,5.0,clear,dry,,late,,shoreline,,Track,solo,"21j; 13j, 5rec/t, 3000 race@9:17.14, 14j",race,,,,,1,2018,Running_Log_2019.xlsx
2019-06-06,2019,6,157,4,8.9,59.0,397.752808988764,16.0,5.0,clear,dry,,afternoon,,english hill,,Unknown,solo,rec@6:37,recovery,397.0,,,,0,2018,Running_Log_2019.xlsx
2019-06-07,2019,6,158,5,19.0,120.0,378.94736842105266,12.0,5.0,overcast,wet,,morning,,lake samm,,Unknown,solo,long@6:18,long,378.0,,,,0,2018,Running_Log_2019.xlsx
2019-06-08,2019,6,159,6,9.0,59.0,393.3333333333333,14.0,6.0,cloudy,dry,,morning,,english hill,,Unknown,solo,rec@6:33,recovery,393.0,,,,0,2018,Running_Log_2019.xlsx
2019-06-09,2019,6,160,7,9.5,58.0,366.3157894736842,12.0,5.0,clear,dry,,morning,,rhs track,,Track,solo,"14j, 8000f@5:57 (0:00 rest/mi), 14j",fartlek,,8000.0,357.0,fartlek,0,2018,Running_Log_2019.xlsx
2019-06-10,2019,6,161,1,9.2,58.0,378.26086956521743,23.0,5.0,clear,dry,,afternoon,,english hill,,Unknown,solo,rec@6:18,recovery,378.0,,,,0,2018,Running_Log_2019.xlsx
2019-06-11,2019,6,162,2,5.1,32.0,376.47058823529414,17.0,5.0,clear,dry,,morning,,nike>nature,,Unknown,solo,rec@6:16,recovery,376.0,,,,0,2018,Running_Log_2019.xlsx
2019-06-12,2019,6,163,3,8.6,48.0,334.8837209302326,28.0,4.0,clear,dry,,late,,shoreline,,Track,solo,"13j, 5rec/t, 5000 race@16:18.83, 14j",race,,,,,1,2018,Running_Log_2019.xlsx
2019-06-13,2019,6,164,4,8.7,59.0,406.89655172413796,26.0,5.0,clear,dry,,afternoon,,english hill,,Unknown,solo,rec@6:46,recovery,406.0,,,,0,2018,Running_Log_2019.xlsx
2019-06-14,2019,6,165,5,27.0,187.0,415.55555555555554,15.0,5.0,overcast,dry,,morning,,lake samm,,Unknown,solo,long@6:55,long,415.0,,,,0,2018,Running_Log_2019.xlsx
2019-06-15,2019,6,166,6,8.7,59.0,406.89655172413796,15.0,6.0,cloudy,dry,,morning,,english hill,,Unknown,solo,rec@6:46,recovery,406.0,,,,0,2018,Running_Log_2019.xlsx
2019-06-16,2019,6,167,7,8.0,47.0,352.5,12.0,5.0,clear,dry,,morning,,rhs track,,Track,solo,"14j, 5600i@5:32 (5:43 rest/mi), 14j",interval,,5600.0,332.0,interval,0,2018,Running_Log_2019.xlsx
2019-06-17,2019,6,168,1,9.4,59.0,376.59574468085106,22.0,5.0,cloudy,dry,,morning,,english hill,,Unknown,solo,rec@6:16,recovery,376.0,,,,0,2018,Running_Log_2019.xlsx
2019-06-18,2019,6,169,2,8.9,58.0,391.0112359550562,15.0,6.0,overcast,dry,,morning,,english hill,,Unknown,solo,rec@6:31,recovery,391.0,,,,0,2018,Running_Log_2019.xlsx
2019-06-19,2019,6,170,3,10.4,62.0,357.6923076923077,14.0,5.0,overcast,wet,,late,,shoreline,,Track,solo,"21j; 13j, 5rec/t, 3000 race@9:21.21, 14j",race,,,,,1,2018,Running_Log_2019.xlsx
2019-06-20,2019,6,171,4,8.9,59.0,397.752808988764,19.0,5.0,cloudy,dry,,afternoon,,english hill,,Unknown,solo,rec@6:37,recovery,397.0,,,,0,2018,Running_Log_2019.xlsx
2019-06-21,2019,6,172,5,17.6,120.0,409.09090909090907,15.0,5.0,cloudy,dry,,morning,,river trail,,Unknown,solo,long@6:49,long,409.0,,,,0,2018,Running_Log_2019.xlsx
2019-06-22,2019,6,173,6,9.0,58.0,386.6666666666667,15.0,6.0,cloudy,dry,,morning,,english hill,,Unknown,solo,rec@6:26,recovery,386.0,,,,0,2018,Running_Log_2019.xlsx
2019-06-23,2019,6,174,7,10.5,63.0,360.0,12.0,5.0,light rain,wet,,morning,,rhs track,,Track,solo,"14j, 9600f@5:54 (0:00 rest/mi), 14j",fartlek,,9600.0,354.0,fartlek,0,2018,Running_Log_2019.xlsx
2019-06-24,2019,6,175,1,9.1,58.0,382.4175824175824,20.0,5.0,cloudy,dry,,afternoon,,english hill,,Unknown,solo,rec@6:22,recovery,382.0,,,,0,2018,Running_Log_2019.xlsx
2019-06-25,2019,6,176,2,5.1,32.0,376.47058823529414,19.0,6.0,clear,dry,,morning,,nike>nature,,Unknown,solo,rec@6:16,recovery,376.0,,,,0,2018,Running_Log_2019.xlsx
2019-06-26,2019,6,177,3,8.6,48.0,334.8837209302326,17.0,5.0,overcast,dry,,late,,shoreline,,Track,solo,"13j, 5rec/t, 5000 race@15:58.24, 14j",race,,,,,1,2018,Running_Log_2019.xlsx
2019-06-27,2019,6,178,4,8.9,59.0,397.752808988764,21.0,5.0,cloudy,dry,,afternoon,,english hill,,Unknown,solo,rec@6:37,recovery,397.0,,,,0,2018,Running_Log_2019.xlsx
2019-06-28,2019,6,179,5,9.1,58.0,382.4175824175824,21.0,5.0,cloudy,dry,,morning,,english hill,,Unknown,solo,rec@6:22,recovery,382.0,,,,0,2018,Running_Log_2019.xlsx
2019-06-29,2019,6,180,6,19.9,120.0,361.8090452261307,23.0,6.0,cloudy,dry,,morning,,lake samm,,Unknown,solo,long@6:01,long,361.0,,,,0,2018,Running_Log_2019.xlsx
2019-06-30,2019,6,181,7,8.6,58.0,404.6511627906977,11.0,4.0,clear,dry,,morning,,english hill,,Unknown,solo,rec@6:44,recovery,404.0,,,,0,2018,Running_Log_2019.xlsx
2019-07-01,2019,7,182,1,9.1,52.0,342.8571428571429,27.0,6.0,clear,dry,,morning,,rhs track,,Track,solo,"14j, 7200f@5:13 (5:13 rest/mi), 14j",fartlek,,7200.0,313.0,fartlek,0,2018,Running_Log_2019.xlsx
2019-07-02,2019,7,183,2,8.9,58.0,391.0112359550562,14.0,6.0,overcast,dry,,morning,,english hill,,Unknown,solo,rec@6:31,recovery,391.0,,,,0,2018,Running_Log_2019.xlsx
2019-07-03,2019,7,184,3,5.1,33.0,388.2352941176471,15.0,6.0,light rain,wet,,morning,,nike>nature,,Unknown,solo,rec@6:28,recovery,388.0,,,,0,2018,Running_Log_2019.xlsx
2019-07-04,2019,7,185,4,7.8,44.0,338.46153846153845,15.0,5.0,cloudy,dry,,morning,,carnation,,Unknown,solo,"13j, 5000 race@16:38.0, 14j",race,,,,,1,2018,Running_Log_2019.xlsx
2019-07-05,2019,7,186,5,5.7,37.0,389.4736842105263,20.0,5.0,overcast,dry,,afternoon,,suburbia,,Unknown,solo,rec@6:29,recovery,389.0,,,,0,2018,Running_Log_2019.xlsx
2019-07-06,2019,7,187,6,18.4,120.0,391.304347826087,21.0,6.0,cloudy,dry,,morning,,river trail,,Unknown,solo,long@6:31,long,391.0,,,,0,2018,Running_Log_2019.xlsx
2019-07-07,2019,7,188,7,8.7,58.0,400.00000000000006,16.0,5.0,cloudy,dry,,morning,,english hill,,Unknown,solo,rec@6:40,recovery,400.0,,,,0,2018,Running_Log_2019.xlsx
2019-07-08,2019,7,189,1,9.5,58.0,366.3157894736842,23.0,5.0,clear,dry,,afternoon,,english hill,,Unknown,solo,rec@6:06,recovery,366.0,,,,0,2018,Running_Log_2019.xlsx
2019-07-09,2019,7,190,2,5.1,32.0,376.47058823529414,18.0,5.0,clear,dry,,morning,,nike>nature,,Unknown,solo,rec@6:16,recovery,376.0,,,,0,2018,Running_Log_2019.xlsx
2019-07-10,2019,7,191,3,8.6,48.0,334.8837209302326,18.0,5.0,cloudy,dry,,late,,shoreline,,Track,solo,"13j, 5rec/t, 5000 race@16:12.1, 14j",race,,,,,1,2018,Running_Log_2019.xlsx
2019-07-11,2019,7,192,4,5.3,34.0,384.9056603773585,21.0,5.0,cloudy,dry,,morning,,nike>powerline,,Unknown,solo,rec@6:24,recovery,384.0,,,,0,2018,Running_Log_2019.xlsx
2019-07-12,2019,7,193,5,8.5,51.0,360.0,24.0,6.0,cloudy,dry,,afternoon,,river trail,,Unknown,solo,"15j, 5rec/t, 5000 race@16:42, 14j [Redmond Derby Days Dash]",race,,,,,1,2018,Running_Log_2019.xlsx
2019-07-13,2019,7,194,6,9.0,58.0,386.6666666666667,22.0,5.0,cloudy,dry,,morning,,english hill,,Unknown,solo,rec@6:26,recovery,386.0,,,,0,2018,Running_Log_2019.xlsx
2019-07-14,2019,7,195,7,8.7,58.0,400.00000000000006,20.0,4.0,cloudy,dry,,morning,,english hill,,Unknown,solo,rec@6:40,recovery,400.0,,,,0,2018,Running_Log_2019.xlsx
2019-07-15,2019,7,196,1,9.1,58.0,382.4175824175824,19.0,5.0,overcast,dry,,morning,,english hill,,Unknown,solo,rec@6:22,recovery,382.0,,,,0,2018,Running_Log_2019.xlsx
2019-07-16,2019,7,197,2,26.2,169.0,387.0229007633588,21.0,6.0,cloudy,dry,,morning,,river trail,,Unknown,solo,long@6:27,long,387.0,,,,0,2018,Running_Log_2019.xlsx
2019-07-17,2019,7,198,3,8.6,59.0,411.6279069767442,15.0,5.0,light rain,wet,,morning,,english hill,,Unknown,solo,rec@6:51,recovery,411.0,,,,0,2018,Running_Log_2019.xlsx
2019-07-18,2019,7,199,4,6.0,40.0,400.0,20.0,0.0,cloudy,dry,,afternoon,,cambridge,,Unknown,solo,rec@6:40,recovery,400.0,,,,0,2018,Running_Log_2019.xlsx
2019-07-19,2019,7,200,5,6.0,39.0,390.0,18.0,8.0,light rain,wet,,morning,,cambridge,,Unknown,solo,rec@6:30,recovery,390.0,,,,0,2018,Running_Log_2019.xlsx
2019-07-20,2019,7,201,6,8.6,59.0,411.6279069767442,22.0,6.0,cloudy,dry,,morning,,cambridge,,Unknown,solo,rec@6:51,recovery,411.0,,,,0,2018,Running_Log_2019.xlsx
2019-07-21,2019,7,202,7,6.0,39.0,390.0,22.0,6.0,clear,dry,,morning,,cambridge,,Unknown,solo,rec@6:30,recovery,390.0,,,,0,2018,Running_Log_2019.xlsx
2019-07-22,2019,7,203,1,13.2,89.0,404.54545454545456,24.0,6.0,cloudy,dry,,morning,,cambridge,,Unknown,solo,long@6:44,long,404.0,,,,0,2018,Running_Log_2019.xlsx
2019-07-23,2019,7,204,2,6.0,38.0,380.0,21.0,6.0,cloudy,dry,,morning,,carlisle,,Unknown,solo,rec@6:20,recovery,380.0,,,,0,2018,Running_Log_2019.xlsx
2019-07-24,2019,7,205,3,6.0,37.0,370.0,20.0,6.0,overcast,wet,,morning,,carlisle,,Unknown,solo,rec@6:10,recovery,370.0,,,,0,2018,Running_Log_2019.xlsx
2019-07-25,2019,7,206,4,9.0,59.0,393.3333333333333,24.0,5.0,cloudy,dry,,afternoon,,stornoway,,Unknown,solo,rec@6:33,recovery,393.0,,,,0,2018,Running_Log_2019.xlsx
2019-07-26,2019,7,207,5,6.0,38.0,380.0,20.0,5.0,cloudy,dry,,morning,,stornoway,,Unknown,solo,rec@6:20,recovery,380.0,,,,0,2018,Running_Log_2019.xlsx
2019-07-27,2019,7,208,6,8.0,53.0,397.5,16.0,5.0,cloudy,dry,,morning,,stornoway,,Unknown,solo,rec@6:37,recovery,397.0,,,,0,2018,Running_Log_2019.xlsx
2019-07-28,2019,7,209,7,4.4,29.0,395.45454545454544,18.0,4.0,overcast,wet,,morning,,edinburgh,,Unknown,solo,rec@6:35,recovery,395.0,,,,0,2018,Running_Log_2019.xlsx
2019-07-29,2019,7,210,1,11.0,72.0,392.72727272727275,18.0,5.0,foggy,dry,,morning,,edinburgh,,Unknown,solo,long@6:32,long,392.0,,,,0,2018,Running_Log_2019.xlsx
2019-07-30,2019,7,211,2,5.5,35.0,381.8181818181818,16.0,5.0,clear,dry,,morning,,edinburgh,,Unknown,solo,rec@6:21,recovery,381.0,,,,0,2018,Running_Log_2019.xlsx
2019-07-31,2019,7,212,3,7.4,41.0,332.4324324324324,23.0,5.0,clear,dry,,late,,shoreline,,Track,solo,"13j, 5rec/t, 3000 race@9:28.27, 14j",race,,,,,1,2018,Running_Log_2019.xlsx
2019-08-01,2019,8,213,4,8.9,58.0,391.0112359550562,22.0,6.0,clear,dry,,morning,,english hill,,Unknown,solo,rec@6:31,recovery,391.0,,,,0,2018,Running_Log_2019.xlsx
2019-08-02,2019,8,214,5,20.0,122.0,366.0,20.0,5.0,cloudy,wet,,morning,,lake samm,,Unknown,solo,long@6:06,long,366.0,,,,0,2018,Running_Log_2019.xlsx
2019-08-03,2019,8,215,6,8.8,58.0,395.45454545454544,22.0,5.0,clear,dry,,morning,,english hill,,Unknown,solo,rec@6:35,recovery,395.0,,,,0,2018,Running_Log_2019.xlsx
2019-08-04,2019,8,216,7,10.5,64.0,365.7142857142857,23.0,5.0,clear,dry,,morning,,rhs track,,Track,solo,"14j, 9600f@5:57 (0:00 rest/mi), 14j",fartlek,,9600.0,357.0,fartlek,0,2018,Running_Log_2019.xlsx
2019-08-05,2019,8,217,1,9.4,58.0,370.2127659574468,31.0,7.0,clear,dry,,afternoon,,english hill,,Unknown,solo,rec@6:10,recovery,370.0,,,,0,2018,Running_Log_2019.xlsx
2019-08-06,2019,8,218,2,5.1,33.0,388.2352941176471,23.0,6.0,clear,dry,,morning,,nike>nature,,Unknown,solo,rec@6:28,recovery,388.0,,,,0,2018,Running_Log_2019.xlsx
2019-08-07,2019,8,219,3,7.5,42.0,336.0,22.0,6.0,clear,dry,,late,,shoreline,,Track,solo,"13j, 5rec/t, 3218 race@10:18.2, 14j",race,,,,,1,2018,Running_Log_2019.xlsx
2019-08-08,2019,8,220,4,9.0,58.0,386.6666666666667,18.0,6.0,cloudy,dry,,morning,,english hill,,Unknown,solo,rec@6:26,recovery,386.0,,,,0,2018,Running_Log_2019.xlsx
2019-08-09,2019,8,221,5,13.3,89.0,401.50375939849624,19.0,4.0,cloudy,dry,,morning,,watershed,,Unknown,solo,long@6:41,long,401.0,,,,0,2018,Running_Log_2019.xlsx
2019-08-10,2019,8,222,6,4.9,31.0,379.59183673469386,16.0,4.0,cloudy,dry,,late,,english hill,,Unknown,solo,rec@6:19,recovery,379.0,,,,0,2018,Running_Log_2019.xlsx
2019-08-11,2019,8,223,7,5.3,35.0,396.22641509433964,22.0,7.0,cloudy,dry,,afternoon,,nike>powerline,,Unknown,solo,rec@6:36,recovery,396.0,,,,0,2018,Running_Log_2019.xlsx
2019-08-12,2019,8,224,1,9.0,58.0,386.6666666666667,24.0,4.0,cloudy,dry,,afternoon,,english hill,,Unknown,solo,rec@6:26,recovery,386.0,,,,0,2018,Running_Log_2019.xlsx
2019-08-13,2019,8,225,2,5.1,33.0,388.2352941176471,23.0,5.0,clear,dry,,morning,,nike>nature,,Unknown,solo,rec@6:28,recovery,388.0,,,,0,2018,Running_Log_2019.xlsx
2019-08-14,2019,8,226,3,8.6,44.0,306.9767441860465,22.0,5.0,cloudy,dry,,late,,shoreline,,Track,solo,"13j, 5rec/t, 1500 race@4:31.42, 10j, 2x400 race@61/67, 14j",race,,,,,3,2018,Running_Log_2019.xlsx
2019-08-15,2019,8,227,4,8.9,58.0,391.0112359550562,25.0,6.0,clear,dry,,morning,,english hill,,Unknown,solo,rec@6:31,recovery,391.0,,,,0,2018,Running_Log_2019.xlsx
2019-08-16,2019,8,228,5,5.1,33.0,388.2352941176471,18.0,5.0,clear,dry,,morning,,nike>nature,,Unknown,solo,rec@6:28,recovery,388.0,,,,0,2018,Running_Log_2019.xlsx
2019-08-17,2019,8,229,6,27.0,182.0,404.44444444444446,20.0,5.0,cloudy,dry,,morning,,lake samm,,Unknown,solo,long@6:44,long,404.0,,,,0,2018,Running_Log_2019.xlsx
2019-08-18,2019,8,230,7,4.1,26.0,380.4878048780488,33.0,4.0,clear,dry,,morning,,centennial,,Unknown,solo,rec@6:20,recovery,380.0,,,,0,2018,Running_Log_2019.xlsx
2019-08-19,2019,8,231,1,7.2,44.0,366.6666666666667,26.0,4.0,clear,dry,,morning,,mccabe,,Unknown,solo,rec@6:06,recovery,366.0,,,,0,2018,Running_Log_2019.xlsx
2019-08-20,2019,8,232,2,7.2,44.0,366.6666666666667,29.0,4.0,clear,dry,,morning,,mccabe,,Unknown,solo,rec@6:06,recovery,366.0,,,,0,2018,Running_Log_2019.xlsx
2019-08-21,2019,8,233,3,7.2,44.0,366.6666666666667,24.0,4.0,clear,dry,,morning,,mccabe,,Unknown,solo,rec@6:06,recovery,366.0,,,,0,2018,Running_Log_2019.xlsx
2019-08-22,2019,8,234,4,6.2,38.0,367.741935483871,27.0,5.0,cloudy,dry,,morning,,centennial,,Unknown,solo,rec@6:07,recovery,367.0,,,,0,2018,Running_Log_2019.xlsx
2019-08-23,2019,8,235,5,14.2,88.0,371.830985915493,25.0,5.0,cloudy,dry,,morning,,belle meade,,Unknown,solo,long@6:11,long,371.0,,,,0,2018,Running_Log_2019.xlsx
2019-08-24,2019,8,236,6,7.2,43.0,358.3333333333333,23.0,5.0,cloudy,dry,,morning,,mccabe,,Unknown,solo,rec@5:58,recovery,358.0,,,,0,2018,Running_Log_2019.xlsx
2019-08-25,2019,8,237,7,5.2,32.0,369.2307692307692,23.0,4.0,clear,dry,,morning,,centennial,,Unknown,solo,rec@6:09,recovery,369.0,,,,0,2018,Running_Log_2019.xlsx
2019-08-26,2019,8,238,1,8.3,46.0,332.53012048192767,21.0,5.0,light rain,wet,,morning,,indoor rec,,Unknown,solo,"16j, 4800f@5:05 (2:20 rest/mi), 15j",fartlek,,4800.0,305.0,fartlek,0,2018,Running_Log_2019.xlsx
2019-08-27,2019,8,239,2,5.2,31.0,357.6923076923077,23.0,5.0,cloudy,dry,,morning,,centennial,,Unknown,solo,rec@5:57,recovery,357.0,,,,0,2018,Running_Log_2019.xlsx
2019-08-28,2019,8,240,3,8.4,51.0,364.2857142857143,22.0,4.0,clear,dry,,morning,,love circle,,Unknown,solo,"14j, 24hc-5x lc, 13j",hill_cont,,,,,0,2018,Running_Log_2019.xlsx
2019-08-29,2019,8,241,4,7.2,43.0,358.3333333333333,19.0,5.0,clear,dry,,morning,,mccabe,,Unknown,solo,rec@5:58,recovery,358.0,,,,0,2018,Running_Log_2019.xlsx
2019-08-30,2019,8,242,5,19.0,118.0,372.63157894736844,24.0,5.0,clear,dry,,morning,,greenway,,Unknown,solo,long@6:12,long,372.0,,,,0,2018,Running_Log_2019.xlsx
2019-08-31,2019,8,243,6,7.2,43.0,358.3333333333333,23.0,5.0,clear,dry,,morning,,mccabe,,Unknown,solo,rec@5:58,recovery,358.0,,,,0,2018,Running_Log_2019.xlsx
2019-09-01,2019,9,244,7,5.2,31.0,357.6923076923077,33.0,4.0,clear,dry,,afternoon,,centennial,,Unknown,solo,rec@5:57,recovery,357.0,,,,0,2018,Running_Log_2019.xlsx
2019-09-02,2019,9,245,1,10.2,58.0,341.1764705882353,32.0,5.0,clear,dry,,afternoon,,indoor rec,,Unknown,solo,"15j, 8000f@5:36 (0:00 rest/mi), 15j",fartlek,,8000.0,336.0,fartlek,0,2018,Running_Log_2019.xlsx
2019-09-03,2019,9,246,2,7.2,43.0,358.3333333333333,25.0,5.0,clear,dry,,morning,,mccabe,,Unknown,solo,rec@5:58,recovery,358.0,,,,0,2018,Running_Log_2019.xlsx
2019-09-04,2019,9,247,3,8.4,50.0,357.1428571428571,33.0,5.0,clear,dry,,afternoon,,love circle,,Unknown,solo,"13j, 24hc-5x lc, 13j",hill_cont,,,,,0,2018,Running_Log_2019.xlsx
2019-09-05,2019,9,248,4,7.2,44.0,366.6666666666667,22.0,4.0,clear,dry,,morning,,mccabe,,Unknown,solo,rec@6:06,recovery,366.0,,,,0,2018,Running_Log_2019.xlsx
2019-09-06,2019,9,249,5,14.1,86.0,365.95744680851067,22.0,4.0,clear,dry,,morning,,belle meade,,Unknown,solo,long@6:05,long,365.0,,,,0,2018,Running_Log_2019.xlsx
2019-09-07,2019,9,250,6,7.2,43.0,358.3333333333333,22.0,5.0,clear,dry,,morning,,mccabe,,Unknown,solo,rec@5:58,recovery,358.0,,,,0,2018,Running_Log_2019.xlsx
2019-09-08,2019,9,251,7,5.2,32.0,369.2307692307692,20.0,5.0,clear,dry,,morning,,centennial,,Unknown,solo,rec@6:09,recovery,369.0,,,,0,2018,Running_Log_2019.xlsx
2019-09-09,2019,9,252,1,10.2,58.0,341.1764705882353,33.0,5.0,clear,dry,,afternoon,,indoor rec,,Unknown,solo,"15j, 8000f@5:35 (0:00 rest/mi), 15j",fartlek,,8000.0,335.0,fartlek,0,2018,Running_Log_2019.xlsx
2019-09-10,2019,9,253,2,7.2,43.0,358.3333333333333,28.0,5.0,clear,dry,,morning,,mccabe,,Unknown,solo,rec@5:58,recovery,358.0,,,,0,2018,Running_Log_2019.xlsx
2019-09-11,2019,9,254,3,8.4,51.0,364.2857142857143,33.0,5.0,clear,dry,,afternoon,,love circle,,Unknown,solo,"14j, 24hc-5x lc, 13j",hill_cont,,,,,0,2018,Running_Log_2019.xlsx
2019-09-12,2019,9,255,4,7.2,43.0,358.3333333333333,27.0,4.0,clear,dry,,morning,,mccabe,,Unknown,solo,rec@5:58,recovery,358.0,,,,0,2018,Running_Log_2019.xlsx
2019-09-13,2019,9,256,5,18.4,117.0,381.5217391304348,28.0,5.0,clear,dry,,morning,,greenway,,Unknown,solo,long@6:21,long,381.0,,,,0,2018,Running_Log_2019.xlsx
2019-09-14,2019,9,257,6,7.2,44.0,366.6666666666667,29.0,4.0,clear,dry,,morning,,mccabe,,Unknown,solo,rec@6:06,recovery,366.0,,,,0,2018,Running_Log_2019.xlsx
2019-09-15,2019,9,258,7,5.2,32.0,369.2307692307692,23.0,4.0,clear,dry,,morning,,centennial,,Unknown,solo,rec@6:09,recovery,369.0,,,,0,2018,Running_Log_2019.xlsx
2019-09-16,2019,9,259,1,10.2,58.0,341.1764705882353,35.0,5.0,clear,dry,,afternoon,,indoor rec,,Unknown,solo,"15j, 8000f@5:33 (0:00 rest/mi), 15j",fartlek,,8000.0,333.0,fartlek,0,2018,Running_Log_2019.xlsx
2019-09-17,2019,9,260,2,7.2,42.0,350.0,25.0,5.0,clear,dry,,morning,,mccabe,,Unknown,solo,rec@5:50,recovery,350.0,,,,0,2018,Running_Log_2019.xlsx
2019-09-18,2019,9,261,3,8.4,50.0,357.1428571428571,33.0,5.0,clear,dry,,afternoon,,love circle,,Unknown,solo,"14j, 24hc-5x lc, 12j",hill_cont,,,,,0,2018,Running_Log_2019.xlsx
2019-09-19,2019,9,262,4,7.2,42.0,350.0,24.0,5.0,clear,dry,,morning,,mccabe,,Unknown,solo,rec@5:50,recovery,350.0,,,,0,2018,Running_Log_2019.xlsx
2019-09-20,2019,9,263,5,14.1,86.0,365.95744680851067,23.0,5.0,cloudy,dry,,morning,,belle meade,,Unknown,solo,long@6:05,long,365.0,,,,0,2018,Running_Log_2019.xlsx
2019-09-21,2019,9,264,6,7.2,42.0,350.0,25.0,6.0,clear,dry,,morning,,mccabe,,Unknown,solo,rec@5:50,recovery,350.0,,,,0,2018,Running_Log_2019.xlsx
2019-09-22,2019,9,265,7,5.2,31.0,357.6923076923077,22.0,4.0,clear,dry,,morning,,centennial,,Unknown,solo,rec@5:57,recovery,357.0,,,,0,2018,Running_Log_2019.xlsx
2019-09-23,2019,9,266,1,10.2,58.0,341.1764705882353,26.0,5.0,cloudy,dry,,afternoon,,indoor rec,,Unknown,solo,"15j, 8000f@5:36 (0:00 rest/mi), 15j",fartlek,,8000.0,336.0,fartlek,0,2018,Running_Log_2019.xlsx
2019-09-24,2019,9,267,2,7.2,41.0,341.6666666666667,20.0,5.0,clear,dry,,morning,,mccabe,,Unknown,solo,rec@5:41,recovery,341.0,,,,0,2018,Running_Log_2019.xlsx
2019-09-25,2019,9,268,3,8.4,50.0,357.1428571428571,31.0,4.0,cloudy,dry,,afternoon,,love circle,,Unknown,solo,"14j, 23hc-5x lc, 13j",hill_cont,,,,,0,2018,Running_Log_2019.xlsx
2019-09-26,2019,9,269,4,7.2,42.0,350.0,24.0,5.0,clear,dry,,morning,,mccabe,,Unknown,solo,rec@5:50,recovery,350.0,,,,0,2018,Running_Log_2019.xlsx
2019-09-27,2019,9,270,5,19.0,118.0,372.63157894736844,24.0,5.0,cloudy,dry,,morning,,greenway,,Unknown,solo,long@6:12,long,372.0,,,,0,2018,Running_Log_2019.xlsx
2019-09-28,2019,9,271,6,7.2,42.0,350.0,27.0,4.0,clear,dry,,morning,,mccabe,,Unknown,solo,rec@5:50,recovery,350.0,,,,0,2018,Running_Log_2019.xlsx
2019-09-29,2019,9,272,7,5.2,32.0,369.2307692307692,24.0,2.0,clear,dry,,morning,,centennial,,Unknown,solo,rec@6:09,recovery,369.0,,,,0,2018,Running_Log_2019.xlsx
2019-09-30,2019,9,273,1,10.2,58.0,341.1764705882353,35.0,6.0,clear,dry,,afternoon,,indoor rec,,Unknown,solo,"15j, 8000f@5:39 (0:00 rest/mi), 15j",fartlek,,8000.0,339.0,fartlek,0,2018,Running_Log_2019.xlsx
2019-10-01,2019,10,274,2,7.2,42.0,350.0,26.0,5.0,clear,dry,,morning,,mccabe,,Unknown,solo,rec@5:50,recovery,350.0,,,,0,2018,Running_Log_2019.xlsx
2019-10-02,2019,10,275,3,8.4,48.0,342.85714285714283,34.0,5.0,clear,dry,,afternoon,,love circle,,Unknown,solo,"13j, 23hc-5x lc, 12j",hill_cont,,,,,0,2018,Running_Log_2019.xlsx
2019-10-03,2019,10,276,4,7.2,42.0,350.0,25.0,5.0,clear,dry,,morning,,mccabe,,Unknown,solo,rec@5:50,recovery,350.0,,,,0,2018,Running_Log_2019.xlsx
2019-10-04,2019,10,277,5,14.4,86.0,358.3333333333333,20.0,5.0,clear,dry,,morning,,belle meade,,Unknown,solo,long@5:58,long,358.0,,,,0,2018,Running_Log_2019.xlsx
2019-10-05,2019,10,278,6,7.2,42.0,350.0,24.0,6.0,clear,dry,,morning,,mccabe,,Unknown,solo,rec@5:50,recovery,350.0,,,,0,2018,Running_Log_2019.xlsx
2019-10-06,2019,10,279,7,5.2,31.0,357.6923076923077,23.0,5.0,overcast,dry,,morning,,centennial,,Unknown,solo,rec@5:57,recovery,357.0,,,,0,2018,Running_Log_2019.xlsx
2019-10-07,2019,10,280,1,10.2,58.0,341.1764705882353,15.0,5.0,overcast,wet,,afternoon,,outdoor rec,,Track,solo,"15j, 8000f@5:36 (0:00 rest/mi), 15j",fartlek,,8000.0,336.0,fartlek,0,2018,Running_Log_2019.xlsx
2019-10-08,2019,10,281,2,7.2,42.0,350.0,13.0,5.0,overcast,dry,,morning,,mccabe,,Unknown,solo,rec@5:50,recovery,350.0,,,,0,2018,Running_Log_2019.xlsx
2019-10-09,2019,10,282,3,8.4,49.0,350.0,25.0,5.0,clear,dry,,afternoon,,love circle,,Unknown,solo,"14j, 23hc-5x lc, 12j",hill_cont,,,,,0,2018,Running_Log_2019.xlsx
2019-10-10,2019,10,283,4,7.2,42.0,350.0,19.0,5.0,clear,dry,,morning,,mccabe,,Unknown,solo,rec@5:50,recovery,350.0,,,,0,2018,Running_Log_2019.xlsx
2019-10-11,2019,10,284,5,19.0,117.0,369.4736842105263,22.0,5.0,overcast,dry,,morning,,greenway,,Unknown,solo,long@6:09,long,369.0,,,,0,2018,Running_Log_2019.xlsx
2019-10-12,2019,10,285,6,5.2,31.0,357.6923076923077,11.0,4.0,clear,dry,,morning,,centennial,,Unknown,solo,rec@5:57,recovery,357.0,,,,0,2018,Running_Log_2019.xlsx
2019-10-13,2019,10,286,7,7.2,43.0,358.3333333333333,5.0,5.0,clear,dry,,morning,,mccabe,,Unknown,solo,rec@5:58,recovery,358.0,,,,0,2018,Running_Log_2019.xlsx
2019-10-14,2019,10,287,1,10.2,58.0,341.1764705882353,22.0,5.0,clear,dry,,afternoon,,outdoor rec,,Track,solo,"15j, 8000f@5:33 (0:00 rest/mi), 15j",fartlek,,8000.0,333.0,fartlek,0,2018,Running_Log_2019.xlsx
2019-10-15,2019,10,288,2,7.2,43.0,358.3333333333333,15.0,4.0,clear,dry,,morning,,mccabe,,Unknown,solo,rec@5:58,recovery,358.0,,,,0,2018,Running_Log_2019.xlsx
2019-10-16,2019,10,289,3,8.4,48.0,342.85714285714283,16.0,5.0,clear,dry,,afternoon,,love circle,,Unknown,solo,"13j, 23hc-5x lc, 12j",hill_cont,,,,,0,2018,Running_Log_2019.xlsx
2019-10-17,2019,10,290,4,5.2,29.0,334.6153846153846,16.0,5.0,clear,dry,,afternoon,,centennial,,Unknown,solo,rec@5:34,recovery,334.0,,,,0,2018,Running_Log_2019.xlsx
2019-10-18,2019,10,291,5,14.2,86.0,363.38028169014086,9.0,4.0,clear,dry,,morning,,belle meade,,Unknown,solo,long@6:03,long,363.0,,,,0,2018,Running_Log_2019.xlsx
2019-10-19,2019,10,292,6,7.2,42.0,350.0,11.0,5.0,clear,dry,,morning,,mccabe,,Unknown,solo,rec@5:50,recovery,350.0,,,,0,2018,Running_Log_2019.xlsx
2019-10-20,2019,10,293,7,5.2,31.0,357.6923076923077,16.0,4.0,clear,wet,,morning,,centennial,,Unknown,solo,rec@5:57,recovery,357.0,,,,0,2018,Running_Log_2019.xlsx
2019-10-21,2019,10,294,1,10.2,56.0,329.4117647058824,21.0,3.0,light rain,wet,,afternoon,,indoor rec,,Unknown,solo,"14j, 8000f@5:38 (0:00 rest/mi), 14j",fartlek,,8000.0,338.0,fartlek,0,2018,Running_Log_2019.xlsx
2019-10-22,2019,10,295,2,7.2,42.0,350.0,13.0,4.0,clear,dry,,morning,,mccabe,,Unknown,solo,rec@5:50,recovery,350.0,,,,0,2018,Running_Log_2019.xlsx
2019-10-23,2019,10,296,3,8.4,47.0,335.7142857142857,19.0,4.0,clear,dry,,afternoon,,love circle,,Unknown,solo,"13j, 22hc-5x lc, 12j",hill_cont,,,,,0,2018,Running_Log_2019.xlsx
2019-10-24,2019,10,297,4,7.2,42.0,350.0,12.0,5.0,clear,dry,,morning,,mccabe,,Unknown,solo,rec@5:50,recovery,350.0,,,,0,2018,Running_Log_2019.xlsx
2019-10-25,2019,10,298,5,19.4,117.0,361.8556701030928,13.0,5.0,light rain,wet,,morning,,greenway,,Unknown,solo,long@6:01,long,361.0,,,,0,2018,Running_Log_2019.xlsx
2019-10-26,2019,10,299,6,7.2,42.0,350.0,20.0,5.0,overcast,wet,,morning,,mccabe,,Unknown,solo,rec@5:50,recovery,350.0,,,,0,2018,Running_Log_2019.xlsx
2019-10-27,2019,10,300,7,5.2,31.0,357.6923076923077,13.0,2.0,light rain,wet,,morning,,centennial,,Unknown,solo,rec@5:57,recovery,357.0,,,,0,2018,Running_Log_2019.xlsx
2019-10-28,2019,10,301,1,10.2,58.0,341.1764705882353,15.0,6.0,overcast,dry,,afternoon,,outdoor rec,,Track,solo,"15j, 8000f@5:32 (0:00 rest/mi), 15j",fartlek,,8000.0,332.0,fartlek,0,2018,Running_Log_2019.xlsx
2019-10-29,2019,10,302,2,7.2,42.0,350.0,13.0,5.0,overcast,dry,,morning,,mccabe,,Unknown,solo,rec@5:50,recovery,350.0,,,,0,2018,Running_Log_2019.xlsx
2019-10-30,2019,10,303,3,8.4,48.0,342.85714285714283,17.0,4.0,overcast,wet,,afternoon,,love circle,,Unknown,solo,"13j, 23hc-5x lc, 12j",hill_cont,,,,,0,2018,Running_Log_2019.xlsx
2019-10-31,2019,10,304,4,7.2,42.0,350.0,7.0,5.0,heavy rain,wet,,morning,,mccabe,,Unknown,solo,rec@5:50,recovery,350.0,,,,0,2018,Running_Log_2019.xlsx
2019-11-01,2019,11,305,5,15.0,85.0,340.0,2.0,5.0,clear,dry,,morning,,belle meade,,Unknown,solo,long@5:40,long,340.0,,,,0,2018,Running_Log_2019.xlsx
2019-11-02,2019,11,306,6,7.2,42.0,350.0,2.0,5.0,clear,dry,,morning,,mccabe,,Unknown,solo,rec@5:50,recovery,350.0,,,,0,2018,Running_Log_2019.xlsx
2019-11-03,2019,11,307,7,5.2,32.0,369.2307692307692,4.0,3.0,clear,dry,,morning,,centennial,,Unknown,solo,rec@6:09,recovery,369.0,,,,0,2018,Running_Log_2019.xlsx
2019-11-04,2019,11,308,1,7.2,38.0,316.6666666666667,17.0,5.0,clear,dry,,afternoon,,mccabe,,Unknown,solo,rec@5:16,recovery,316.0,,,,0,2018,Running_Log_2019.xlsx
2019-11-05,2019,11,309,2,7.2,39.0,325.0,9.0,5.0,cloudy,dry,,morning,,mccabe,,Unknown,solo,rec@5:25,recovery,325.0,,,,0,2018,Running_Log_2019.xlsx
2019-11-06,2019,11,310,3,7.2,37.0,308.3333333333333,18.0,4.0,clear,dry,,afternoon,,mccabe,,Unknown,solo,rec@5:08,recovery,308.0,,,,0,2018,Running_Log_2019.xlsx
2019-11-07,2019,11,311,4,7.2,43.0,358.3333333333333,13.0,5.0,heavy rain,wet,,morning,,mccabe,,Unknown,solo,rec@5:58,recovery,358.0,,,,0,2018,Running_Log_2019.xlsx
2019-11-08,2019,11,312,5,5.2,32.0,369.2307692307692,0.0,5.0,clear,dry,,morning,,centennial,,Unknown,solo,rec@6:09,recovery,369.0,,,,0,2018,Running_Log_2019.xlsx
2019-11-09,2019,11,313,6,26.2,169.0,387.0229007633588,1.0,5.0,clear,dry,,morning,,greenway,,Unknown,solo,42195 race@2:48:48 [Nashville Marathon],race,,,,,1,2018,Running_Log_2019.xlsx
2019-11-10,2019,11,314,7,4.1,27.0,395.12195121951225,7.0,3.0,clear,dry,,morning,,centennial,,Unknown,solo,rec@6:35,recovery,395.0,,,,0,2018,Running_Log_2019.xlsx
2019-11-11,2019,11,315,1,7.2,41.0,341.6666666666667,17.0,5.0,cloudy,dry,,afternoon,,mccabe,,Unknown,solo,rec@5:41,recovery,341.0,,,,0,2018,Running_Log_2019.xlsx
2019-11-12,2019,11,316,2,5.2,32.0,369.2307692307692,-6.0,5.0,clear,icy,,morning,,centennial,,Unknown,solo,rec@6:09,recovery,369.0,,,,0,2018,Running_Log_2019.xlsx
2019-11-13,2019,11,317,3,8.4,48.0,342.85714285714283,3.0,5.0,clear,dry,,afternoon,,love circle,,Unknown,solo,"13j, 23hc-5x lc, 12j",hill_cont,,,,,0,2018,Running_Log_2019.xlsx
2019-11-14,2019,11,318,4,7.2,42.0,350.0,3.0,5.0,clear,dry,,morning,,mccabe,,Unknown,solo,rec@5:50,recovery,350.0,,,,0,2018,Running_Log_2019.xlsx
2019-11-15,2019,11,319,5,14.9,87.0,350.33557046979865,2.0,5.0,cloudy,dry,,morning,,belle meade,,Unknown,solo,long@5:50,long,350.0,,,,0,2018,Running_Log_2019.xlsx
2019-11-16,2019,11,320,6,7.2,40.0,333.3333333333333,4.0,6.0,clear,dry,,morning,,mccabe,,Unknown,solo,rec@5:33,recovery,333.0,,,,0,2018,Running_Log_2019.xlsx
2019-11-17,2019,11,321,7,5.2,30.0,346.15384615384613,10.0,4.0,clear,dry,,afternoon,,centennial,,Unknown,solo,rec@5:46,recovery,346.0,,,,0,2018,Running_Log_2019.xlsx
2019-11-18,2019,11,322,1,10.3,56.0,326.2135922330097,10.0,5.0,overcast,dry,,afternoon,,outdoor rec,,Track,solo,"14j, 8200f@5:34, 14j",fartlek,,8200.0,334.0,fartlek,0,2018,Running_Log_2019.xlsx
2019-11-19,2019,11,323,2,7.2,41.0,341.6666666666667,9.0,5.0,overcast,dry,,morning,,mccabe,,Unknown,solo,rec@5:41,recovery,341.0,,,,0,2018,Running_Log_2019.xlsx
2019-11-20,2019,11,324,3,8.4,47.0,335.7142857142857,12.0,5.0,clear,dry,,afternoon,,love circle,,Unknown,solo,"13j, 22hc-5x lc, 12j",hill_cont,,,,,0,2018,Running_Log_2019.xlsx
2019-11-21,2019,11,325,4,7.2,42.0,350.0,11.0,5.0,cloudy,dry,,morning,,mccabe,,Unknown,solo,rec@5:50,recovery,350.0,,,,0,2018,Running_Log_2019.xlsx
2019-11-22,2019,11,326,5,5.2,31.0,357.6923076923077,12.0,3.0,light rain,wet,,morning,,centennial,,Unknown,solo,rec@5:57,recovery,357.0,,,,0,2018,Running_Log_2019.xlsx
2019-11-23,2019,11,327,6,21.0,118.0,337.14285714285717,2.0,5.0,cloudy,dry,,morning,,lake samm,,Unknown,solo,long@5:37,long,337.0,,,,0,2018,Running_Log_2019.xlsx
2019-11-24,2019,11,328,7,5.7,37.0,389.4736842105263,8.0,5.0,foggy,wet,,morning,,suburbia,,Unknown,solo,rec@6:29,recovery,389.0,,,,0,2018,Running_Log_2019.xlsx
2019-11-25,2019,11,329,1,8.3,51.0,368.6746987951807,4.0,5.0,cloudy,muddy,,afternoon,,hartman,,Unknown,solo,"16j, 5000t@5:56 (0:00 rest/mi), 17j",tempo,,5000.0,356.0,tempo,0,2018,Running_Log_2019.xlsx
2019-11-26,2019,11,330,2,9.3,59.0,380.64516129032256,6.0,5.0,cloudy,dry,,afternoon,,english hill,,Unknown,solo,rec@6:20,recovery,380.0,,,,0,2018,Running_Log_2019.xlsx
2019-11-27,2019,11,331,3,5.1,32.0,376.47058823529414,5.0,5.0,clear,dry,,morning,,nike>nature,,Unknown,solo,rec@6:16,recovery,376.0,,,,0,2018,Running_Log_2019.xlsx
2019-11-28,2019,11,332,4,9.1,56.0,369.2307692307692,0.0,5.0,clear,dry,,morning,,english hill,,Unknown,solo,"17j, 5rec/t, 5000 race@16:37, 17j [English Hill Turkey Trot]",race,,,,,1,2018,Running_Log_2019.xlsx
2019-11-29,2019,11,333,5,5.7,36.0,378.9473684210526,-3.0,4.0,clear,dry,,morning,,suburbia,,Unknown,solo,rec@6:18,recovery,378.0,,,,0,2018,Running_Log_2019.xlsx
2019-11-30,2019,11,334,6,9.5,58.0,366.3157894736842,4.0,6.0,clear,dry,,morning,,english hill,,Unknown,solo,rec@6:06,recovery,366.0,,,,0,2018,Running_Log_2019.xlsx
2019-12-01,2019,12,335,7,5.7,36.0,378.9473684210526,5.0,4.0,overcast,dry,,morning,,suburbia,,Unknown,solo,rec@6:18,recovery,378.0,,,,0,2018,Running_Log_2019.xlsx
2019-12-02,2019,12,336,1,10.2,56.0,329.4117647058824,4.0,4.0,overcast,dry,,afternoon,,outdoor rec,,Track,solo,"14j, 8000f@5:34 (0:00 rest/mi), 14j",fartlek,,8000.0,334.0,fartlek,0,2018,Running_Log_2019.xlsx
2019-12-03,2019,12,337,2,7.2,41.0,341.6666666666667,2.0,5.0,cloudy,dry,,morning,,mccabe,,Unknown,solo,rec@5:41,recovery,341.0,,,,0,2018,Running_Log_2019.xlsx
2019-12-04,2019,12,338,3,8.4,47.0,335.7142857142857,13.0,5.0,clear,dry,,afternoon,,love circle,,Unknown,solo,"13j, 22hc-5x lc, 12j",hill_cont,,,,,0,2018,Running_Log_2019.xlsx
2019-12-05,2019,12,339,4,7.2,40.0,333.3333333333333,6.0,5.0,clear,dry,,morning,,mccabe,,Unknown,solo,rec@5:33,recovery,333.0,,,,0,2018,Running_Log_2019.xlsx
2019-12-06,2019,12,340,5,5.2,30.0,346.15384615384613,11.0,5.0,overcast,wet,,morning,,centennial,,Unknown,solo,rec@5:46,recovery,346.0,,,,0,2018,Running_Log_2019.xlsx
2019-12-07,2019,12,341,6,15.6,87.0,334.61538461538464,8.0,5.0,overcast,dry,,morning,,belle meade,,Unknown,solo,long@5:34,long,334.0,,,,0,2018,Running_Log_2019.xlsx
2019-12-08,2019,12,342,7,5.2,30.0,346.15384615384613,6.0,4.0,cloudy,dry,,morning,,centennial,,Unknown,solo,rec@5:46,recovery,346.0,,,,0,2018,Running_Log_2019.xlsx
2019-12-09,2019,12,343,1,10.2,55.0,323.5294117647059,17.0,4.0,overcast,dry,,morning,,outdoor rec,,Track,solo,"14j, 8000f@5:30 (0:00 rest/mi), 14j",fartlek,,8000.0,330.0,fartlek,0,2018,Running_Log_2019.xlsx
2019-12-10,2019,12,344,2,7.2,40.0,333.3333333333333,1.0,5.0,snow,wet,,morning,,mccabe,,Unknown,solo,rec@5:33,recovery,333.0,,,,0,2018,Running_Log_2019.xlsx
2019-12-11,2019,12,345,3,8.4,47.0,335.7142857142857,6.0,5.0,clear,dry,,afternoon,,love circle,,Unknown,solo,"13j, 22hc-5x lc, 12j",hill_cont,,,,,0,2018,Running_Log_2019.xlsx
2019-12-12,2019,12,346,4,7.2,40.0,333.3333333333333,9.0,5.0,clear,dry,,morning,,mccabe,,Unknown,solo,rec@5:33,recovery,333.0,,,,0,2018,Running_Log_2019.xlsx
2019-12-13,2019,12,347,5,7.2,41.0,341.6666666666667,8.0,5.0,overcast,dry,,morning,,mccabe,,Unknown,solo,rec@5:41,recovery,341.0,,,,0,2018,Running_Log_2019.xlsx
2019-12-14,2019,12,348,6,19.9,117.0,352.7638190954774,7.0,5.0,overcast,wet,,morning,,greenway,,Unknown,solo,long@5:52,long,352.0,,,,0,2018,Running_Log_2019.xlsx
2019-12-15,2019,12,349,7,6.4,39.0,365.625,5.0,6.0,overcast,dry,,morning,,edgehill,,Unknown,solo,rec@6:05,recovery,365.0,,,,0,2018,Running_Log_2019.xlsx
2019-12-16,2019,12,350,1,9.7,59.0,364.94845360824746,12.0,6.0,light rain,wet,,morning,,greenway,,Unknown,solo,rec@6:04,recovery,364.0,,,,0,2018,Running_Log_2019.xlsx
2019-12-17,2019,12,351,2,15.6,90.0,346.1538461538462,2.0,6.0,overcast,wet,,morning,,mccabe,,Unknown,solo,long@5:46,long,346.0,,,,0,2018,Running_Log_2019.xlsx
2019-12-18,2019,12,352,3,6.8,39.0,344.11764705882354,-1.0,4.0,cloudy,dry,,morning,,greenway,,Unknown,solo,rec@5:44,recovery,344.0,,,,0,2018,Running_Log_2019.xlsx
2019-12-19,2019,12,353,4,9.4,58.0,370.2127659574468,5.0,4.0,cloudy,wet,,morning,,english hill,,Unknown,solo,rec@6:10,recovery,370.0,,,,0,2018,Running_Log_2019.xlsx
2019-12-20,2019,12,354,5,5.1,31.0,364.7058823529412,9.0,6.0,heavy rain,muddy,,morning,,nike>nature,,Unknown,solo,rec@6:04,recovery,364.0,,,,0,2018,Running_Log_2019.xlsx
2019-12-21,2019,12,355,6,7.9,49.0,372.1518987341772,7.0,4.0,heavy rain,muddy,,morning,,magnuson,,Unknown,solo,"15j, 3100 race@11:04?, 18j [New Balance Winter Grand Prix]",race,,,,,1,2018,Running_Log_2019.xlsx
2019-12-22,2019,12,356,7,9.4,58.0,370.2127659574468,3.0,5.0,overcast,wet,,morning,,english hill,,Unknown,solo,rec@6:10,recovery,370.0,,,,0,2018,Running_Log_2019.xlsx
2019-12-23,2019,12,357,1,9.5,52.0,328.42105263157896,6.0,6.0,overcast,wet,,morning,,rhs track,,Track,solo,"13j, 8000f@5:15 (0:00 rest/mi), 13j",fartlek,,8000.0,315.0,fartlek,0,2018,Running_Log_2019.xlsx
2019-12-24,2019,12,358,2,9.5,58.0,366.3157894736842,2.0,6.0,cloudy,wet,,morning,,english hill,,Unknown,solo,rec@6:06,recovery,366.0,,,,0,2018,Running_Log_2019.xlsx
2019-12-25,2019,12,359,3,5.7,36.0,378.9473684210526,3.0,5.0,cloudy,wet,,morning,,suburbia,,Unknown,solo,rec@6:18,recovery,378.0,,,,0,2018,Running_Log_2019.xlsx
2019-12-26,2019,12,360,4,26.2,153.0,350.381679389313,1.0,6.0,cloudy,dry,,morning,,river trail,,Unknown,solo,42195 race@2:33:23 [Time trial],race,,,,,1,2018,Running_Log_2019.xlsx
2019-12-27,2019,12,361,5,5.3,36.0,407.54716981132077,4.0,6.0,cloudy,wet,,morning,,nike>powerline,,Unknown,solo,rec@6:47,recovery,407.0,,,,0,2018,Running_Log_2019.xlsx
2019-12-28,2019,12,362,6,12.6,81.0,385.7142857142857,6.0,5.0,cloudy,dry,,morning,,green lake,,Unknown,andrey,rec@6:25,recovery,385.0,,,,0,2018,Running_Log_2019.xlsx
2019-12-29,2019,12,363,7,5.7,36.0,378.9473684210526,6.0,4.0,clear,wet,,morning,,suburbia,,Unknown,solo,rec@6:18,recovery,378.0,,,,0,2018,Running_Log_2019.xlsx
2019-12-30,2019,12,364,1,10.0,64.0,384.0,7.0,6.0,overcast,wet,,late,,pipeline,,Unknown,solo,rec@6:24,recovery,384.0,,,,0,2018,Running_Log_2019.xlsx
2019-12-31,2019,12,365,2,5.7,37.0,389.4736842105263,8.0,5.0,light rain,wet,,morning,,suburbia,,Unknown,solo,rec@6:29,recovery,389.0,,,,0,2018,Running_Log_2019.xlsx
2020-01-01,2020,1,1,3,9.6,58.0,362.5,9.0,6.0,cloudy,wet,,morning,Brooks Ghost 11,english hill,,Unknown,solo,rec@6:02,recovery,362.0,,,,0,2020,Running_Log_2020.xlsx
2020-01-02,2020,1,2,4,9.4,58.0,370.2127659574468,4.0,5.0,light rain,wet,,morning,Brooks Ghost 11,english hill,,Unknown,solo,rec@6:10,recovery,370.0,,,,0,2020,Running_Log_2020.xlsx
2020-01-03,2020,1,3,5,5.1,34.0,400.0,11.0,5.0,cloudy,wet,,morning,Brooks Ghost 11,nike>nature,,Unknown,solo,rec@6:40,recovery,400.0,,,,0,2020,Running_Log_2020.xlsx
2020-01-04,2020,1,4,6,8.2,50.0,365.8536585365854,6.0,5.0,clear,wet,,morning,Nike Vaporfly Next%,magnuson,,Unknown,solo,"15j, 5rec/t, 3218 race@10:12, 20j [New Balance Winter Grand Prix]",race,,,,,1,2020,Running_Log_2020.xlsx
2020-01-05,2020,1,5,7,5.7,37.0,389.4736842105263,6.0,4.0,overcast,wet,,early,Brooks Ghost 11,suburbia,,Unknown,solo,rec@6:29,recovery,389.0,,,,0,2020,Running_Log_2020.xlsx
2020-01-06,2020,1,6,1,10.2,55.0,323.5294117647059,12.0,4.0,clear,dry,,afternoon,Brooks Ghost 11,outdoor rec,,Track,solo,"14j, 8000f@5:27 (0:00 rest/mi), 14j",fartlek,,8000.0,327.0,fartlek,0,2020,Running_Log_2020.xlsx
2020-01-07,2020,1,7,2,7.2,42.0,350.0,4.0,5.0,clear,wet,,morning,Brooks Ghost 11,mccabe,,Unknown,solo,rec@5:50,recovery,350.0,,,,0,2020,Running_Log_2020.xlsx
2020-01-08,2020,1,8,3,8.4,46.0,328.57142857142856,13.0,4.0,clear,dry,,afternoon,Brooks Ghost 11,love circle,,Unknown,solo,"12j, 22hc-5x lc, 12j",hill_cont,,,,,0,2020,Running_Log_2020.xlsx
2020-01-09,2020,1,9,4,7.2,42.0,350.0,5.0,5.0,cloudy,dry,,morning,Brooks Ghost 11,mccabe,,Unknown,solo,rec@5:50,recovery,350.0,,,,0,2020,Running_Log_2020.xlsx
2020-01-10,2020,1,10,5,20.0,118.0,354.0,17.0,4.0,overcast,dry,,morning,Brooks Ghost 11,greenway,,Unknown,solo,long@5:54,long,354.0,,,,0,2020,Running_Log_2020.xlsx
2020-01-11,2020,1,11,6,7.2,40.0,333.3333333333333,19.0,5.0,heavy rain,wet,,morning,Brooks Ghost 11,mccabe,,Unknown,solo,rec@5:33,recovery,333.0,,,,0,2020,Running_Log_2020.xlsx
2020-01-12,2020,1,12,7,5.2,31.0,357.6923076923077,6.0,2.0,overcast,wet,,morning,Brooks Ghost 11,centennial,,Unknown,solo,rec@5:57,recovery,357.0,,,,0,2020,Running_Log_2020.xlsx
2020-01-13,2020,1,13,1,10.2,55.0,323.5294117647059,13.0,5.0,cloudy,dry,,afternoon,Brooks Ghost 11,outdoor rec,,Track,solo,"14j, 8000f@5:28 (0:00 rest/mi), 14j",fartlek,,8000.0,328.0,fartlek,0,2020,Running_Log_2020.xlsx
2020-01-14,2020,1,14,2,7.2,41.0,341.6666666666667,14.0,4.0,cloudy,wet,,morning,Brooks Ghost 11,mccabe,,Unknown,solo,rec@5:41,recovery,341.0,,,,0,2020,Running_Log_2020.xlsx
2020-01-15,2020,1,15,3,8.4,48.0,342.85714285714283,21.0,5.0,light rain,wet,,afternoon,Brooks Ghost 11,love circle,,Unknown,solo,"13j, 23hc-5x lc, 12j",hill_cont,,,,,0,2020,Running_Log_2020.xlsx
2020-01-16,2020,1,16,4,7.2,40.0,333.3333333333333,8.0,5.0,cloudy,dry,,morning,Brooks Ghost 11,mccabe,,Unknown,solo,rec@5:33,recovery,333.0,,,,0,2020,Running_Log_2020.xlsx
2020-01-17,2020,1,17,5,15.2,86.0,339.47368421052636,2.0,5.0,cloudy,dry,,morning,Brooks Ghost 11,belle meade,,Unknown,solo,long@5:39,long,339.0,,,,0,2020,Running_Log_2020.xlsx
2020-01-18,2020,1,18,6,7.2,39.0,325.0,9.0,5.0,heavy rain,wet,,morning,Brooks Ghost 11,mccabe,,Unknown,solo,rec@5:25,recovery,325.0,,,,0,2020,Running_Log_2020.xlsx
2020-01-19,2020,1,19,7,5.2,30.0,346.15384615384613,-1.0,4.0,clear,dry,,morning,Brooks Ghost 11,centennial,,Unknown,solo,rec@5:46,recovery,346.0,,,,0,2020,Running_Log_2020.xlsx
2020-01-20,2020,1,20,1,10.2,56.0,329.4117647058824,-4.0,4.0,overcast,dry,,afternoon,Brooks Ghost 11,outdoor rec,,Track,solo,"14j, 8000f@5:36 (0:00 rest/mi), 14j",fartlek,,8000.0,336.0,fartlek,0,2020,Running_Log_2020.xlsx
2020-01-21,2020,1,21,2,7.2,41.0,341.6666666666667,-3.0,5.0,overcast,dry,,morning,Brooks Ghost 11,mccabe,,Unknown,solo,rec@5:41,recovery,341.0,,,,0,2020,Running_Log_2020.xlsx
2020-01-22,2020,1,22,3,8.4,45.0,321.4285714285714,7.0,5.0,cloudy,dry,,afternoon,Brooks Ghost 11,love circle,,Unknown,solo,"12j, 21hc-5x lc, 12j",hill_cont,,,,,0,2020,Running_Log_2020.xlsx
2020-01-23,2020,1,23,4,7.2,40.0,333.3333333333333,5.0,5.0,overcast,dry,,morning,Brooks Ghost 11,mccabe,,Unknown,solo,rec@5:33,recovery,333.0,,,,0,2020,Running_Log_2020.xlsx
2020-01-24,2020,1,24,5,19.9,117.0,352.7638190954774,9.0,5.0,cloudy,wet,,morning,Brooks Ghost 11,greenway,,Unknown,solo,long@5:52,long,352.0,,,,0,2020,Running_Log_2020.xlsx
2020-01-25,2020,1,25,6,7.2,41.0,341.6666666666667,4.0,5.0,overcast,dry,,morning,Brooks Ghost 11,mccabe,,Unknown,solo,rec@5:41,recovery,341.0,,,,0,2020,Running_Log_2020.xlsx
2020-01-26,2020,1,26,7,5.2,30.0,346.15384615384613,3.0,4.0,overcast,dry,,morning,Brooks Ghost 11,centennial,,Unknown,solo,rec@5:46,recovery,346.0,,,,0,2020,Running_Log_2020.xlsx
2020-01-27,2020,1,27,1,10.2,56.0,329.4117647058824,14.0,5.0,cloudy,dry,,afternoon,Brooks Ghost 11,outdoor rec,,Track,solo,"14j, 8000f@5:33 (0:00 rest/mi), 14j",fartlek,,8000.0,333.0,fartlek,0,2020,Running_Log_2020.xlsx
2020-01-28,2020,1,28,2,7.2,42.0,350.0,1.0,5.0,overcast,dry,,morning,Brooks Ghost 11,mccabe,,Unknown,solo,rec@5:50,recovery,350.0,,,,0,2020,Running_Log_2020.xlsx
2020-01-29,2020,1,29,3,8.4,46.0,328.57142857142856,7.0,5.0,overcast,dry,,afternoon,Brooks Ghost 11,love circle,,Unknown,solo,"12j, 22hc-5x lc, 12j",hill_cont,,,,,0,2020,Running_Log_2020.xlsx
2020-01-30,2020,1,30,4,7.2,42.0,350.0,4.0,5.0,overcast,dry,,morning,Brooks Ghost 11,mccabe,,Unknown,solo,rec@5:50,recovery,350.0,,,,0,2020,Running_Log_2020.xlsx
2020-01-31,2020,1,31,5,14.6,87.0,357.5342465753425,7.0,5.0,light rain,wet,,morning,Brooks Ghost 11,belle meade,,Unknown,solo,long@5:57,long,357.0,,,,0,2020,Running_Log_2020.xlsx
2020-02-01,2020,2,32,6,7.2,40.0,333.3333333333333,7.0,5.0,overcast,wet,,morning,Brooks Ghost 11,mccabe,,Unknown,solo,rec@5:33,recovery,333.0,,,,0,2020,Running_Log_2020.xlsx
2020-02-02,2020,2,33,7,5.2,29.0,334.6153846153846,6.0,4.0,clear,dry,,morning,Brooks Ghost 11,centennial,,Unknown,solo,rec@5:34,recovery,334.0,,,,0,2020,Running_Log_2020.xlsx
2020-02-03,2020,2,34,1,10.3,55.0,320.38834951456306,21.0,4.0,cloudy,dry,,afternoon,Nike Vaporfly Next%,outdoor rec,,Track,solo,"14j, 5000 race@15:44, 3200f, 14j [Time trial]",race,,,,,1,2020,Running_Log_2020.xlsx
2020-02-04,2020,2,35,2,7.2,42.0,350.0,15.0,5.0,heavy rain,wet,,morning,Brooks Ghost 11,mccabe,,Unknown,solo,rec@5:50,recovery,350.0,,,,0,2020,Running_Log_2020.xlsx
2020-02-05,2020,2,36,3,8.4,48.0,342.85714285714283,10.0,5.0,overcast,wet,,afternoon,Brooks Ghost 11,love circle,,Unknown,solo,"13j, 23hc-5x lc, 12j",hill_cont,,,,,0,2020,Running_Log_2020.xlsx
2020-02-06,2020,2,37,4,7.2,41.0,341.6666666666667,5.0,5.0,light rain,wet,,morning,Brooks Ghost 11,mccabe,,Unknown,solo,rec@5:41,recovery,341.0,,,,0,2020,Running_Log_2020.xlsx
2020-02-07,2020,2,38,5,20.6,117.0,340.7766990291262,0.0,5.0,snow,wet,,morning,Brooks Ghost 11,greenway,,Unknown,solo,long@5:40,long,340.0,,,,0,2020,Running_Log_2020.xlsx
2020-02-08,2020,2,39,6,7.2,40.0,333.3333333333333,2.0,5.0,clear,dry,,morning,Brooks Ghost 11,mccabe,,Unknown,solo,rec@5:33,recovery,333.0,,,,0,2020,Running_Log_2020.xlsx
2020-02-09,2020,2,40,7,5.2,29.0,334.6153846153846,1.0,4.0,cloudy,dry,,morning,Brooks Ghost 11,centennial,,Unknown,solo,rec@5:34,recovery,334.0,,,,0,2020,Running_Log_2020.xlsx
2020-02-10,2020,2,41,1,10.2,56.0,329.4117647058824,14.0,5.0,light rain,wet,,afternoon,Brooks Ghost 11,outdoor rec,,Track,solo,"14j, 8000f@5:34 (0:00 rest/mi), 14j",fartlek,,8000.0,334.0,fartlek,0,2020,Running_Log_2020.xlsx
2020-02-11,2020,2,42,2,7.2,41.0,341.6666666666667,6.0,5.0,overcast,wet,,morning,Brooks Ghost 11,mccabe,,Unknown,solo,rec@5:41,recovery,341.0,,,,0,2020,Running_Log_2020.xlsx
2020-02-12,2020,2,43,3,8.4,48.0,342.85714285714283,8.0,5.0,light rain,wet,,afternoon,Brooks Ghost 11,love circle,,Unknown,solo,"13j, 23hc-5x lc, 12j",hill_cont,,,,,0,2020,Running_Log_2020.xlsx
2020-02-13,2020,2,44,4,7.2,41.0,341.6666666666667,6.0,5.0,overcast,wet,,morning,Brooks Ghost 11,mccabe,,Unknown,solo,rec@5:41,recovery,341.0,,,,0,2020,Running_Log_2020.xlsx
2020-02-14,2020,2,45,5,15.6,86.0,330.7692307692308,-6.0,5.0,cloudy,dry,,morning,Brooks Ghost 11,belle meade,,Unknown,solo,long@5:30,long,330.0,,,,0,2020,Running_Log_2020.xlsx
2020-02-15,2020,2,46,6,7.2,40.0,333.3333333333333,-2.0,4.0,clear,dry,,morning,Brooks Ghost 11,mccabe,,Unknown,solo,rec@5:33,recovery,333.0,,,,0,2020,Running_Log_2020.xlsx
2020-02-16,2020,2,47,7,5.2,30.0,346.15384615384613,9.0,4.0,cloudy,dry,,morning,Brooks Ghost 11,centennial,,Unknown,solo,rec@5:46,recovery,346.0,,,,0,2020,Running_Log_2020.xlsx
2020-02-17,2020,2,48,1,10.2,55.0,323.5294117647059,19.0,5.0,clear,dry,,afternoon,Brooks Ghost 11,outdoor rec,,Track,solo,"14j, 8000f@5:29 (0:00 rest/mi), 14j",fartlek,,8000.0,329.0,fartlek,0,2020,Running_Log_2020.xlsx
2020-02-18,2020,2,49,2,7.2,42.0,350.0,14.0,5.0,overcast,wet,,morning,Brooks Ghost 11,love circle,,Unknown,solo,rec@5:50,recovery,350.0,,,,0,2020,Running_Log_2020.xlsx
2020-02-19,2020,2,50,3,8.4,47.0,335.7142857142857,7.0,5.0,clear,dry,,afternoon,Brooks Ghost 11,love circle,,Unknown,solo,"13j, 22hc-5x lc, 12j",hill_cont,,,,,0,2020,Running_Log_2020.xlsx
2020-02-20,2020,2,51,4,7.2,41.0,341.6666666666667,4.0,5.0,light rain,wet,,morning,Brooks Ghost 11,mccabe,,Unknown,solo,rec@5:41,recovery,341.0,,,,0,2020,Running_Log_2020.xlsx
2020-02-21,2020,2,52,5,20.0,116.0,348.0,-2.0,5.0,clear,dry,,morning,Brooks Ghost 11,greenway,,Unknown,solo,long@5:48,long,348.0,,,,0,2020,Running_Log_2020.xlsx
2020-02-22,2020,2,53,6,7.2,42.0,350.0,4.0,5.0,clear,dry,,morning,Brooks Ghost 11,mccabe,,Unknown,solo,rec@5:50,recovery,350.0,,,,0,2020,Running_Log_2020.xlsx
2020-02-23,2020,2,54,7,5.2,29.0,334.6153846153846,10.0,3.0,clear,dry,,morning,Brooks Ghost 11,centennial,,Unknown,solo,rec@5:34,recovery,334.0,,,,0,2020,Running_Log_2020.xlsx
2020-02-24,2020,2,55,1,10.2,55.0,323.5294117647059,11.0,5.0,light rain,wet,,afternoon,Brooks Ghost 11,outdoor rec,,Track,solo,"14j, 8000f@5:30 (0:00 rest/mi), 14j",fartlek,,8000.0,330.0,fartlek,0,2020,Running_Log_2020.xlsx
2020-02-25,2020,2,56,2,7.2,42.0,350.0,10.0,5.0,overcast,wet,,morning,Brooks Ghost 11,mccabe,,Unknown,solo,rec@5:50,recovery,350.0,,,,0,2020,Running_Log_2020.xlsx
2020-02-26,2020,2,57,3,8.4,45.0,321.4285714285714,4.0,5.0,overcast,dry,,afternoon,Brooks Ghost 11,love circle,,Unknown,solo,"12j, 22hc-5x lc, 11j",hill_cont,,,,,0,2020,Running_Log_2020.xlsx
2020-02-27,2020,2,58,4,7.2,40.0,333.3333333333333,0.0,5.0,overcast,dry,,morning,Brooks Ghost 11,mccabe,,Unknown,solo,rec@5:33,recovery,333.0,,,,0,2020,Running_Log_2020.xlsx
2020-02-28,2020,2,59,5,15.1,86.0,341.72185430463577,3.0,5.0,overcast,wet,,morning,Brooks Ghost 11,belle meade,,Unknown,solo,long@5:41,long,341.0,,,,0,2020,Running_Log_2020.xlsx
2020-02-29,2020,2,60,6,6.8,40.0,352.94117647058823,20.0,4.0,inside,dry,,morning,Brooks Ghost 11,franklin,,Unknown,solo,rec@5:52,recovery,352.0,,,,0,2020,Running_Log_2020.xlsx
2020-03-01,2020,3,61,7,6.8,40.0,352.94117647058823,19.0,4.0,inside,dry,,morning,Brooks Ghost 11,chicago,,Unknown,solo,rec@5:52,recovery,352.0,,,,0,2020,Running_Log_2020.xlsx
2020-03-02,2020,3,62,1,5.1,30.0,352.94117647058823,19.0,4.0,inside,dry,,early,Brooks Ghost 11,chicago,,Unknown,solo,rec@5:52,recovery,352.0,,,,0,2020,Running_Log_2020.xlsx
2020-03-03,2020,3,63,2,5.1,30.0,352.94117647058823,19.0,4.0,inside,dry,,morning,Brooks Ghost 11,chicago,,Unknown,solo,rec@5:52,recovery,352.0,,,,0,2020,Running_Log_2020.xlsx
2020-03-04,2020,3,64,3,5.1,30.0,352.94117647058823,19.0,4.0,inside,dry,,morning,Brooks Ghost 11,chicago,,Unknown,solo,rec@5:52,recovery,352.0,,,,0,2020,Running_Log_2020.xlsx
2020-03-05,2020,3,65,4,3.4,20.0,352.94117647058823,19.0,3.0,inside,dry,,morning,Brooks Ghost 11,carmel,,Unknown,solo,rec@5:52,recovery,352.0,,,,0,2020,Running_Log_2020.xlsx
2020-03-06,2020,3,66,5,21.0,117.0,334.2857142857143,9.0,4.0,cloudy,dry,,afternoon,Brooks Ghost 11,greenway,,Unknown,solo,long@5:34,long,334.0,,,,0,2020,Running_Log_2020.xlsx
2020-03-07,2020,3,67,6,7.2,41.0,341.6666666666667,3.0,5.0,clear,dry,,morning,Brooks Ghost 11,mccabe,,Unknown,solo,rec@5:41,recovery,341.0,,,,0,2020,Running_Log_2020.xlsx
2020-03-08,2020,3,68,7,5.2,30.0,346.15384615384613,7.0,5.0,clear,dry,,morning,Brooks Ghost 11,centennial,,Unknown,solo,rec@5:46,recovery,346.0,,,,0,2020,Running_Log_2020.xlsx
2020-03-09,2020,3,69,1,10.2,56.0,329.4117647058824,17.0,5.0,cloudy,dry,,afternoon,Brooks Ghost 11,outdoor rec,,Track,solo,"14j, 8000f@5:33 (0:00 rest/mi), 14j",fartlek,,8000.0,333.0,fartlek,0,2020,Running_Log_2020.xlsx
2020-03-10,2020,3,70,2,7.2,42.0,350.0,16.0,5.0,overcast,wet,,morning,Brooks Ghost 11,mccabe,,Unknown,solo,rec@5:50,recovery,350.0,,,,0,2020,Running_Log_2020.xlsx
2020-03-11,2020,3,71,3,8.4,49.0,350.0,11.0,5.0,cloudy,dry,,morning,Brooks Ghost 11,love circle,,Unknown,solo,"13j, 24hc-5x lc, 12j",hill_cont,,,,,0,2020,Running_Log_2020.xlsx
2020-03-12,2020,3,72,4,7.2,41.0,341.6666666666667,14.0,4.0,overcast,dry,,morning,Brooks Ghost 11,mccabe,,Unknown,solo,rec@5:41,recovery,341.0,,,,0,2020,Running_Log_2020.xlsx
2020-03-13,2020,3,73,5,15.3,87.0,341.1764705882353,13.0,5.0,clear,dry,,morning,Brooks Ghost 11,belle meade,,Unknown,solo,long@5:41,long,341.0,,,,0,2020,Running_Log_2020.xlsx
2020-03-14,2020,3,74,6,7.2,41.0,341.6666666666667,11.0,6.0,light rain,wet,,morning,Brooks Ghost 11,mccabe,,Unknown,solo,rec@5:41,recovery,341.0,,,,0,2020,Running_Log_2020.xlsx
2020-03-15,2020,3,75,7,5.2,29.0,334.6153846153846,5.0,4.0,overcast,wet,,morning,Brooks Ghost 11,centennial,,Unknown,solo,rec@5:34,recovery,334.0,,,,0,2020,Running_Log_2020.xlsx
2020-03-16,2020,3,76,1,9.6,54.0,337.5,9.0,5.0,overcast,wet,,afternoon,Brooks Ghost 11,rose park,,Track,solo,"13j, 8000f@5:39 (0:00 rest/mi), 13j",fartlek,,8000.0,339.0,fartlek,0,2020,Running_Log_2020.xlsx
2020-03-17,2020,3,77,2,7.5,44.0,352.0,9.0,5.0,light rain,wet,,morning,Brooks Ghost 11,mccabe,,Unknown,solo,rec@5:52,recovery,352.0,,,,0,2020,Running_Log_2020.xlsx
2020-03-18,2020,3,78,3,8.6,50.0,348.8372093023256,18.0,5.0,light rain,wet,,afternoon,Brooks Ghost 11,love circle,,Unknown,solo,"14j, 23hc-5x lc, 13j",hill_cont,,,,,0,2020,Running_Log_2020.xlsx
2020-03-19,2020,3,79,4,7.5,44.0,352.0,21.0,5.0,overcast,wet,,morning,Brooks Ghost 11,mccabe,,Unknown,solo,rec@5:52,recovery,352.0,,,,0,2020,Running_Log_2020.xlsx
2020-03-20,2020,3,80,5,19.8,118.0,357.57575757575756,22.0,5.0,light rain,wet,,morning,Brooks Ghost 11,greenway,,Unknown,solo,long@5:57,long,357.0,,,,0,2020,Running_Log_2020.xlsx
2020-03-21,2020,3,81,6,7.5,43.0,344.0,7.0,4.0,overcast,wet,,morning,Brooks Ghost 11,mccabe,,Unknown,solo,rec@5:44,recovery,344.0,,,,0,2020,Running_Log_2020.xlsx
2020-03-22,2020,3,82,7,5.7,34.0,357.89473684210526,7.0,5.0,cloudy,dry,,morning,Brooks Ghost 11,centennial,,Unknown,solo,rec@5:57,recovery,357.0,,,,0,2020,Running_Log_2020.xlsx
2020-03-23,2020,3,83,1,9.6,52.0,325.0,13.0,5.0,cloudy,dry,,afternoon,Brooks Ghost 11,rose park,,Track,solo,"12j, 8000f@5:27 (0:00 rest/mi), 13j",fartlek,,8000.0,327.0,fartlek,0,2020,Running_Log_2020.xlsx
2020-03-24,2020,3,84,2,7.5,43.0,344.0,11.0,5.0,heavy rain,wet,,morning,Brooks Ghost 11,mccabe,,Unknown,solo,rec@5:44,recovery,344.0,,,,0,2020,Running_Log_2020.xlsx
2020-03-25,2020,3,85,3,8.6,48.0,334.8837209302326,12.0,5.0,cloudy,dry,,afternoon,Brooks Ghost 11,love circle,,Unknown,solo,"13j, 22hc-5x lc, 13j",hill_cont,,,,,0,2020,Running_Log_2020.xlsx
2020-03-26,2020,3,86,4,7.5,43.0,344.0,16.0,5.0,clear,dry,,morning,Brooks Ghost 11,mccabe,,Unknown,solo,rec@5:44,recovery,344.0,,,,0,2020,Running_Log_2020.xlsx
2020-03-27,2020,3,87,5,15.2,88.0,347.3684210526316,23.0,5.0,cloudy,dry,,morning,Brooks Ghost 11,belle meade,,Unknown,solo,long@5:47,long,347.0,,,,0,2020,Running_Log_2020.xlsx
2020-03-28,2020,3,88,6,7.5,43.0,344.0,23.0,5.0,cloudy,dry,,morning,Brooks Ghost 11,mccabe,,Unknown,solo,rec@5:44,recovery,344.0,,,,0,2020,Running_Log_2020.xlsx
2020-03-29,2020,3,89,7,5.7,33.0,347.36842105263156,19.0,5.0,clear,dry,,morning,Brooks Ghost 11,centennial,,Unknown,solo,rec@5:47,recovery,347.0,,,,0,2020,Running_Log_2020.xlsx
2020-03-30,2020,3,90,1,9.6,52.0,325.0,18.0,5.0,cloudy,dry,,afternoon,Brooks Ghost 11,rose park,,Track,solo,"12j, 8000f@5:37 (0:00 rest/mi), 12j",fartlek,,8000.0,337.0,fartlek,0,2020,Running_Log_2020.xlsx
2020-03-31,2020,3,91,2,7.5,43.0,344.0,8.0,5.0,overcast,wet,,morning,Brooks Ghost 11,mccabe,,Unknown,solo,rec@5:44,recovery,344.0,,,,0,2020,Running_Log_2020.xlsx
2020-04-01,2020,4,92,3,8.6,48.0,334.8837209302326,13.0,5.0,cloudy,dry,,afternoon,Brooks Ghost 11,love circle,,Unknown,solo,"13j, 22hc-5x lc, 13j",hill_cont,,,,,0,2020,Running_Log_2020.xlsx
2020-04-02,2020,4,93,4,7.5,43.0,344.0,10.0,5.0,clear,dry,,morning,Brooks Ghost 11,mccabe,,Unknown,solo,rec@5:44,recovery,344.0,,,,0,2020,Running_Log_2020.xlsx
2020-04-03,2020,4,94,5,20.4,119.0,350.0,15.0,5.0,clear,dry,,morning,Brooks Ghost 11,greenway,,Unknown,solo,long@5:50,long,350.0,,,,0,2020,Running_Log_2020.xlsx
2020-04-04,2020,4,95,6,7.5,43.0,344.0,19.0,5.0,clear,dry,,morning,Brooks Ghost 11,mccabe,,Unknown,solo,rec@5:44,recovery,344.0,,,,0,2020,Running_Log_2020.xlsx
2020-04-05,2020,4,96,7,5.7,34.0,357.89473684210526,14.0,5.0,clear,dry,,morning,Brooks Ghost 11,centennial,,Unknown,solo,rec@5:57,recovery,357.0,,,,0,2020,Running_Log_2020.xlsx
2020-04-06,2020,4,97,1,9.6,54.0,337.5,27.0,5.0,clear,dry,,afternoon,Brooks Ghost 11,rose park,,Track,solo,"13j, 8000f@5:39 (0:00 rest/mi), 13j",fartlek,,8000.0,339.0,fartlek,0,2020,Running_Log_2020.xlsx
2020-04-07,2020,4,98,2,7.5,43.0,344.0,24.0,5.0,cloudy,dry,,morning,Brooks Ghost 11,mccabe,,Unknown,solo,rec@5:44,recovery,344.0,,,,0,2020,Running_Log_2020.xlsx
2020-04-08,2020,4,99,3,8.6,49.0,341.8604651162791,27.0,5.0,clear,dry,,afternoon,Brooks Ghost 11,love circle,,Unknown,solo,"13j, 23hc-5x lc, 13j",hill_cont,,,,,0,2020,Running_Log_2020.xlsx
2020-04-09,2020,4,100,4,7.5,43.0,344.0,15.0,5.0,clear,dry,,morning,Brooks Ghost 11,mccabe,,Unknown,solo,rec@5:44,recovery,344.0,,,,0,2020,Running_Log_2020.xlsx
2020-04-10,2020,4,101,5,15.2,87.0,343.42105263157896,8.0,5.0,clear,dry,,morning,Brooks Ghost 11,belle meade,,Unknown,solo,long@5:43,long,343.0,,,,0,2020,Running_Log_2020.xlsx
2020-04-11,2020,4,102,6,7.5,43.0,344.0,11.0,5.0,clear,dry,,morning,Brooks Ghost 11,mccabe,,Unknown,solo,rec@5:44,recovery,344.0,,,,0,2020,Running_Log_2020.xlsx
2020-04-12,2020,4,103,7,5.7,33.0,347.36842105263156,14.0,6.0,light rain,wet,,morning,Brooks Ghost 11,centennial,,Unknown,solo,rec@5:47,recovery,347.0,,,,0,2020,Running_Log_2020.xlsx
2020-04-13,2020,4,104,1,9.6,51.0,318.75,8.0,5.0,overcast,dry,,afternoon,Nike Vaporfly Next%,rose park,,Track,solo,"12j, 8000f@5:25 (0:00 rest/mi), 12j",fartlek,,8000.0,325.0,fartlek,0,2020,Running_Log_2020.xlsx
2020-04-14,2020,4,105,2,7.5,44.0,352.0,8.0,5.0,cloudy,dry,,morning,Brooks Ghost 12,mccabe,,Unknown,solo,rec@5:52,recovery,352.0,,,,0,2020,Running_Log_2020.xlsx
2020-04-15,2020,4,106,3,8.6,50.0,348.8372093023256,14.0,5.0,clear,dry,,afternoon,Brooks Ghost 12,love circle,,Unknown,solo,"14j, 23hc-5x lc, 13j",hill_cont,,,,,0,2020,Running_Log_2020.xlsx
2020-04-16,2020,4,107,4,7.5,44.0,352.0,11.0,6.0,clear,dry,,morning,Brooks Ghost 12,mccabe,,Unknown,solo,rec@5:52,recovery,352.0,,,,0,2020,Running_Log_2020.xlsx
2020-04-17,2020,4,108,5,20.0,118.0,354.0,15.0,5.0,clear,dry,,morning,Brooks Ghost 12,greenway,,Unknown,solo,long@5:54,long,354.0,,,,0,2020,Running_Log_2020.xlsx
2020-04-18,2020,4,109,6,7.5,43.0,344.0,8.0,5.0,clear,dry,,morning,Brooks Ghost 12,mccabe,,Unknown,solo,rec@5:44,recovery,344.0,,,,0,2020,Running_Log_2020.xlsx
2020-04-19,2020,4,110,7,5.7,34.0,357.89473684210526,15.0,5.0,overcast,wet,,morning,Brooks Ghost 12,centennial,,Unknown,solo,rec@5:57,recovery,357.0,,,,0,2020,Running_Log_2020.xlsx
2020-04-20,2020,4,111,1,9.6,54.0,337.5,18.0,5.0,clear,dry,,afternoon,Brooks Ghost 12,rose park,,Track,solo,"13j, 8000f@5:37 (0:00 rest/mi), 13j",fartlek,,8000.0,337.0,fartlek,0,2020,Running_Log_2020.xlsx
2020-04-21,2020,4,112,2,7.5,43.0,344.0,19.0,5.0,clear,dry,,morning,Brooks Ghost 12,mccabe,,Unknown,solo,rec@5:44,recovery,344.0,,,,0,2020,Running_Log_2020.xlsx
2020-04-22,2020,4,113,3,8.6,50.0,348.8372093023256,21.0,5.0,cloudy,dry,,afternoon,Brooks Ghost 12,love circle,,Unknown,solo,"14j, 23hc-5x lc, 13j",hill_cont,,,,,0,2020,Running_Log_2020.xlsx
2020-04-23,2020,4,114,4,7.5,44.0,352.0,16.0,5.0,overcast,wet,,morning,Brooks Ghost 12,mccabe,,Unknown,solo,rec@5:52,recovery,352.0,,,,0,2020,Running_Log_2020.xlsx
2020-04-24,2020,4,115,5,15.4,88.0,342.85714285714283,15.0,5.0,cloudy,dry,,morning,Brooks Ghost 12,belle meade,,Unknown,solo,long@5:42,long,342.0,,,,0,2020,Running_Log_2020.xlsx
2020-04-25,2020,4,116,6,7.5,43.0,344.0,16.0,6.0,overcast,wet,,morning,Brooks Ghost 12,mccabe,,Unknown,solo,rec@5:44,recovery,344.0,,,,0,2020,Running_Log_2020.xlsx
2020-04-26,2020,4,117,7,5.7,34.0,357.89473684210526,15.0,5.0,clear,dry,,morning,Brooks Ghost 12,centennial,,Unknown,solo,rec@5:57,recovery,357.0,,,,0,2020,Running_Log_2020.xlsx
2020-04-27,2020,4,118,1,9.6,53.0,331.25,22.0,5.0,clear,dry,,afternoon,Brooks Ghost 12,rose park,,Track,solo,"12j, 8000f@5:38 (0:00 rest/mi), 13j",fartlek,,8000.0,338.0,fartlek,0,2020,Running_Log_2020.xlsx
2020-04-28,2020,4,119,2,7.5,44.0,352.0,14.0,5.0,cloudy,wet,,morning,Brooks Ghost 12,mccabe,,Unknown,solo,rec@5:52,recovery,352.0,,,,0,2020,Running_Log_2020.xlsx
2020-04-29,2020,4,120,3,8.6,50.0,348.8372093023256,18.0,5.0,cloudy,wet,,afternoon,Brooks Ghost 12,love circle,,Unknown,solo,"14j, 23hc-5x lc, 13j",hill_cont,,,,,0,2020,Running_Log_2020.xlsx
2020-04-30,2020,4,121,4,7.5,44.0,352.0,13.0,5.0,cloudy,dry,,morning,Brooks Ghost 12,mccabe,,Unknown,solo,rec@5:52,recovery,352.0,,,,0,2020,Running_Log_2020.xlsx
2020-05-01,2020,5,122,5,20.8,119.0,343.2692307692308,20.0,6.0,clear,dry,,morning,Brooks Ghost 12,greenway,,Unknown,solo,long@5:43,long,343.0,,,,0,2020,Running_Log_2020.xlsx
2020-05-02,2020,5,123,6,7.5,43.0,344.0,25.0,6.0,clear,dry,,morning,Brooks Ghost 12,mccabe,,Unknown,solo,rec@5:44,recovery,344.0,,,,0,2020,Running_Log_2020.xlsx
2020-05-03,2020,5,124,7,5.7,34.0,357.89473684210526,25.0,5.0,clear,dry,,morning,Brooks Ghost 12,centennial,,Unknown,solo,rec@5:57,recovery,357.0,,,,0,2020,Running_Log_2020.xlsx
2020-05-04,2020,5,125,1,9.6,52.0,325.0,26.0,5.0,cloudy,dry,,afternoon,Brooks Ghost 12,rose park,,Track,solo,"12j, 8000f@5:40 (0:00 rest/mi), 12j",fartlek,,8000.0,340.0,fartlek,0,2020,Running_Log_2020.xlsx
2020-05-05,2020,5,126,2,7.5,44.0,352.0,22.0,5.0,overcast,wet,,morning,Brooks Ghost 12,mccabe,,Unknown,solo,rec@5:52,recovery,352.0,,,,0,2020,Running_Log_2020.xlsx
2020-05-06,2020,5,127,3,8.6,49.0,341.8604651162791,15.0,5.0,clear,dry,,afternoon,Brooks Ghost 12,love circle,,Unknown,solo,"13j, 23hc-5x lc, 13j",hill_cont,,,,,0,2020,Running_Log_2020.xlsx
2020-05-07,2020,5,128,4,7.5,44.0,352.0,12.0,4.0,clear,dry,,morning,Brooks Ghost 12,mccabe,,Unknown,solo,rec@5:52,recovery,352.0,,,,0,2020,Running_Log_2020.xlsx
2020-05-08,2020,5,129,5,16.0,86.0,322.5,13.0,5.0,light rain,wet,,morning,Brooks Ghost 12,belle meade,,Unknown,solo,long@5:22,long,322.0,,,,0,2020,Running_Log_2020.xlsx
2020-05-09,2020,5,130,6,7.5,44.0,352.0,12.0,5.0,clear,dry,,morning,Brooks Ghost 12,mccabe,,Unknown,solo,rec@5:52,recovery,352.0,,,,0,2020,Running_Log_2020.xlsx
2020-05-10,2020,5,131,7,5.7,34.0,357.89473684210526,17.0,4.0,clear,dry,,morning,Brooks Ghost 12,centennial,,Unknown,solo,rec@5:57,recovery,357.0,,,,0,2020,Running_Log_2020.xlsx
2020-05-11,2020,5,132,1,10.9,57.0,313.76146788990826,17.0,4.0,clear,dry,,afternoon,Nike Vaporfly Next%,rose park,,Track,solo,"12j, 10000t@5:22 (0:00 rest/mi), 12j",tempo,,10000.0,322.0,tempo,0,2020,Running_Log_2020.xlsx
2020-05-12,2020,5,133,2,7.5,44.0,352.0,11.0,4.0,clear,dry,,morning,Brooks Ghost 12,mccabe,,Unknown,solo,rec@5:52,recovery,352.0,,,,0,2020,Running_Log_2020.xlsx
2020-05-13,2020,5,134,3,8.6,50.0,348.8372093023256,19.0,5.0,cloudy,wet,,afternoon,Brooks Ghost 12,love circle,,Unknown,solo,"13j, 24hc-5x lc, 13j",hill_cont,,,,,0,2020,Running_Log_2020.xlsx
2020-05-14,2020,5,135,4,7.5,44.0,352.0,21.0,4.0,clear,dry,,morning,Brooks Ghost 12,mccabe,,Unknown,solo,rec@5:52,recovery,352.0,,,,0,2020,Running_Log_2020.xlsx
2020-05-15,2020,5,136,5,15.4,89.0,346.75324675324674,23.0,5.0,clear,dry,,morning,Brooks Ghost 12,greenway,,Unknown,solo,long@5:46,long,346.0,,,,0,2020,Running_Log_2020.xlsx
2020-05-16,2020,5,137,6,10.0,58.0,348.0,14.0,5.0,light rain,wet,,morning,Brooks Ghost 12,english hill,,Unknown,solo,rec@5:48,recovery,348.0,,,,0,2020,Running_Log_2020.xlsx
2020-05-17,2020,5,138,7,5.7,35.0,368.42105263157896,14.0,5.0,cloudy,wet,,morning,Brooks Ghost 12,suburbia,,Unknown,solo,rec@6:08,recovery,368.0,,,,0,2020,Running_Log_2020.xlsx
2020-05-18,2020,5,139,1,9.4,53.0,338.2978723404255,19.0,5.0,clear,dry,,afternoon,Brooks Ghost 12,powerline 2,,Unknown,solo,"13j, 8000i@5:07 (3:02 rest/mi), 14j",interval,,8000.0,307.0,interval,0,2020,Running_Log_2020.xlsx
2020-05-19,2020,5,140,2,9.8,58.0,355.1020408163265,17.0,5.0,cloudy,dry,,afternoon,Brooks Ghost 12,english hill,,Unknown,solo,rec@5:55,recovery,355.0,,,,0,2020,Running_Log_2020.xlsx
2020-05-20,2020,5,141,3,9.0,57.0,380.0,13.0,5.0,cloudy,dry,,afternoon,Brooks Ghost 12,rollercoaster,,Unknown,solo,"14j, 27hc-8x rc/8sp, 15j",hill_cont,,,,,0,2020,Running_Log_2020.xlsx
2020-05-21,2020,5,142,4,6.4,39.0,365.625,13.0,5.0,heavy rain,wet,,afternoon,Brooks Ghost 12,suburbia,,Unknown,solo,rec@6:05,recovery,365.0,,,,0,2020,Running_Log_2020.xlsx
2020-05-22,2020,5,143,5,20.2,119.0,353.46534653465346,11.0,4.0,overcast,dry,,morning,Brooks Ghost 12,lake samm,,Unknown,solo,long@5:53,long,353.0,,,,0,2020,Running_Log_2020.xlsx
2020-05-23,2020,5,144,6,9.7,58.0,358.7628865979382,13.0,6.0,cloudy,dry,,morning,Brooks Ghost 12,english hill,,Unknown,solo,rec@5:58,recovery,358.0,,,,0,2020,Running_Log_2020.xlsx
2020-05-24,2020,5,145,7,6.4,41.0,384.375,13.0,5.0,cloudy,dry,,morning,Brooks Ghost 12,suburbia,,Unknown,solo,rec@6:24,recovery,384.0,,,,0,2020,Running_Log_2020.xlsx
2020-05-25,2020,5,146,1,9.4,51.0,325.531914893617,15.0,5.0,light rain,wet,,afternoon,Brooks Ghost 12,powerline 2,,Unknown,solo,"13j, 8000i@4:59 (3:02 rest/mi), 13j",interval,,8000.0,299.0,interval,0,2020,Running_Log_2020.xlsx
2020-05-26,2020,5,147,2,9.9,58.0,351.5151515151515,17.0,5.0,cloudy,dry,,afternoon,Brooks Ghost 12,english hill,,Unknown,solo,rec@5:51,recovery,351.0,,,,0,2020,Running_Log_2020.xlsx
2020-05-27,2020,5,148,3,9.4,57.0,363.82978723404256,25.0,5.0,clear,dry,,afternoon,Brooks Ghost 12,powerline 3,,Unknown,solo,"14j, 31hc-4x pw3/8sp, 11j",hill_cont,,,,,0,2020,Running_Log_2020.xlsx
2020-05-28,2020,5,149,4,6.4,40.0,375.0,27.0,4.0,clear,dry,,afternoon,Brooks Ghost 12,suburbia,,Unknown,solo,rec@6:15,recovery,375.0,,,,0,2020,Running_Log_2020.xlsx
2020-05-29,2020,5,150,5,14.4,88.0,366.6666666666667,23.0,6.0,clear,dry,,morning,Brooks Ghost 12,watershed,,Unknown,solo,long@6:06,long,366.0,,,,0,2020,Running_Log_2020.xlsx
2020-05-30,2020,5,151,6,9.7,58.0,358.7628865979382,11.0,5.0,light rain,wet,,morning,Brooks Ghost 12,english hill,,Unknown,solo,rec@5:58,recovery,358.0,,,,0,2020,Running_Log_2020.xlsx
2020-05-31,2020,5,152,7,6.4,40.0,375.0,10.0,5.0,light rain,wet,,morning,Brooks Ghost 12,suburbia,,Unknown,solo,rec@6:15,recovery,375.0,,,,0,2020,Running_Log_2020.xlsx
2020-06-01,2020,6,153,1,9.3,54.0,348.38709677419354,18.0,5.0,cloudy,dry,,afternoon,Nike Vaporfly Next%,hartman,,Unknown,solo,"16j, 6600f@5:19 (1:57 rest/mi), 16j",fartlek,,6600.0,319.0,fartlek,0,2020,Running_Log_2020.xlsx
2020-06-02,2020,6,154,2,9.8,58.0,355.1020408163265,17.0,5.0,light rain,wet,,afternoon,Brooks Ghost 12,english hill,,Unknown,solo,rec@5:55,recovery,355.0,,,,0,2020,Running_Log_2020.xlsx
2020-06-03,2020,6,155,3,9.0,57.0,380.0,18.0,5.0,cloudy,dry,,afternoon,Brooks Ghost 12,everest,,Unknown,solo,"16j, 2:00hr-8x ev/10sp, 14j",hill_rep,,,,,0,2020,Running_Log_2020.xlsx
2020-06-04,2020,6,156,4,6.4,40.0,375.0,18.0,5.0,clear,dry,,afternoon,Brooks Ghost 12,suburbia,,Unknown,solo,rec@6:15,recovery,375.0,,,,0,2020,Running_Log_2020.xlsx
2020-06-05,2020,6,157,5,19.5,119.0,366.15384615384613,13.0,4.0,cloudy,dry,,morning,Brooks Ghost 12,river trail,,Unknown,solo,long@6:06,long,366.0,,,,0,2020,Running_Log_2020.xlsx
2020-06-06,2020,6,158,6,8.5,51.0,360.0,12.0,5.0,cloudy,dry,,morning,Brooks Ghost 12,river trail,,Unknown,solo,rec@6:00,recovery,360.0,,,,0,2020,Running_Log_2020.xlsx
2020-06-07,2020,6,159,7,6.4,40.0,375.0,12.0,5.0,cloudy,wet,,morning,Brooks Ghost 12,suburbia,,Unknown,solo,rec@6:15,recovery,375.0,,,,0,2020,Running_Log_2020.xlsx
2020-06-08,2020,6,160,1,9.4,52.0,331.9148936170213,16.0,5.0,cloudy,dry,,afternoon,Brooks Ghost 12,powerline 2,,Unknown,solo,"13j, 8000i@4:55 (3:02 rest/mi), 14j",interval,,8000.0,295.0,interval,0,2020,Running_Log_2020.xlsx
2020-06-09,2020,6,161,2,9.9,58.0,351.5151515151515,16.0,5.0,overcast,wet,,afternoon,Brooks Ghost 12,english hill,,Unknown,solo,rec@5:51,recovery,351.0,,,,0,2020,Running_Log_2020.xlsx
2020-06-10,2020,6,162,3,9.0,55.0,366.6666666666667,22.0,5.0,clear,dry,,afternoon,Brooks Ghost 12,rollercoaster,,Unknown,solo,"13j, 26hc-8x rc/8sp, 15j",hill_cont,,,,,0,2020,Running_Log_2020.xlsx
2020-06-11,2020,6,163,4,6.4,39.0,365.625,19.0,5.0,clear,dry,,afternoon,Brooks Ghost 12,suburbia,,Unknown,solo,rec@6:05,recovery,365.0,,,,0,2020,Running_Log_2020.xlsx
2020-06-12,2020,6,164,5,15.2,90.0,355.2631578947369,14.0,5.0,overcast,dry,,morning,Brooks Ghost 12,river trail,,Unknown,solo,long@5:55,long,355.0,,,,0,2020,Running_Log_2020.xlsx
2020-06-13,2020,6,165,6,9.7,58.0,358.7628865979382,12.0,5.0,light rain,wet,,morning,Brooks Ghost 12,english hill,,Unknown,solo,rec@5:58,recovery,358.0,,,,0,2020,Running_Log_2020.xlsx
2020-06-14,2020,6,166,7,6.4,40.0,375.0,12.0,5.0,cloudy,wet,,morning,Brooks Ghost 12,suburbia,,Unknown,solo,rec@6:15,recovery,375.0,,,,0,2020,Running_Log_2020.xlsx
2020-06-15,2020,6,167,1,9.4,51.0,325.531914893617,14.0,5.0,cloudy,wet,,afternoon,Brooks Ghost 12,powerline 2,,Unknown,solo,"13j, 8000i@5:04 (3:02 rest/mi), 13j",interval,,8000.0,304.0,interval,0,2020,Running_Log_2020.xlsx
2020-06-16,2020,6,168,2,9.9,59.0,357.57575757575756,17.0,5.0,cloudy,dry,,afternoon,Brooks Ghost 12,english hill,,Unknown,solo,rec@5:57,recovery,357.0,,,,0,2020,Running_Log_2020.xlsx
2020-06-17,2020,6,169,3,9.4,56.0,357.4468085106383,22.0,5.0,cloudy,dry,,afternoon,Brooks Ghost 12,powerline 3,,Unknown,solo,"14j, 30hc-4x pw3/8sp, 11j",hill_cont,,,,,0,2020,Running_Log_2020.xlsx
2020-06-18,2020,6,170,4,6.4,40.0,375.0,25.0,4.0,clear,dry,,afternoon,Brooks Ghost 12,suburbia,,Unknown,solo,rec@6:15,recovery,375.0,,,,0,2020,Running_Log_2020.xlsx
2020-06-19,2020,6,171,5,19.9,121.0,364.8241206030151,26.0,5.0,cloudy,dry,,afternoon,Brooks Ghost 12,lake samm,,Unknown,solo,long@6:04,long,364.0,,,,0,2020,Running_Log_2020.xlsx
2020-06-20,2020,6,172,6,9.6,58.0,362.5,19.0,5.0,cloudy,dry,,afternoon,Brooks Ghost 12,english hill,,Unknown,solo,rec@6:02,recovery,362.0,,,,0,2020,Running_Log_2020.xlsx
2020-06-21,2020,6,173,7,6.4,40.0,375.0,18.0,4.0,cloudy,dry,,afternoon,Brooks Ghost 12,suburbia,,Unknown,solo,rec@6:15,recovery,375.0,,,,0,2020,Running_Log_2020.xlsx
2020-06-22,2020,6,174,1,9.4,52.0,331.9148936170213,27.0,5.0,clear,dry,,afternoon,Brooks Ghost 12,powerline 2,,Unknown,solo,"13j, 8000i@5:07 (3:02 rest/mi), 13j",interval,,8000.0,307.0,interval,0,2020,Running_Log_2020.xlsx
2020-06-23,2020,6,175,2,9.8,58.0,355.1020408163265,30.0,5.0,clear,dry,,afternoon,Brooks Ghost 12,english hill,,Unknown,solo,rec@5:55,recovery,355.0,,,,0,2020,Running_Log_2020.xlsx
2020-06-24,2020,6,176,3,9.0,57.0,380.0,23.0,5.0,clear,dry,,afternoon,Brooks Ghost 12,everest,,Unknown,solo,"16j, 2:00hr-8x ev/10sp, 14j",hill_rep,,,,,0,2020,Running_Log_2020.xlsx
2020-06-25,2020,6,177,4,6.4,41.0,384.375,25.0,5.0,clear,dry,,afternoon,Brooks Ghost 12,suburbia,,Unknown,solo,rec@6:24,recovery,384.0,,,,0,2020,Running_Log_2020.xlsx
2020-06-26,2020,6,178,5,14.3,89.0,373.4265734265734,23.0,4.0,clear,dry,,morning,Brooks Ghost 12,watershed,,Unknown,solo,long@6:13,long,373.0,,,,0,2020,Running_Log_2020.xlsx
2020-06-27,2020,6,179,6,6.4,41.0,384.375,13.0,4.0,clear,dry,,morning,Brooks Ghost 12,suburbia,,Unknown,solo,rec@6:24,recovery,384.0,,,,0,2020,Running_Log_2020.xlsx
2020-06-28,2020,6,180,7,9.6,58.0,362.5,19.0,4.0,cloudy,dry,,afternoon,Brooks Ghost 12,english hill,,Unknown,solo,rec@6:02,recovery,362.0,,,,0,2020,Running_Log_2020.xlsx
2020-06-29,2020,6,181,1,6.4,41.0,384.375,15.0,5.0,cloudy,dry,,morning,Brooks Ghost 12,suburbia,,Unknown,solo,rec@6:24,recovery,384.0,,,,0,2020,Running_Log_2020.xlsx
2020-06-30,2020,6,182,2,9.6,58.0,362.5,13.0,5.0,light rain,wet,,morning,Brooks Ghost 12,english hill,,Unknown,solo,rec@6:02,recovery,362.0,,,,0,2020,Running_Log_2020.xlsx
2020-07-01,2020,7,183,3,6.4,41.0,384.375,13.0,5.0,overcast,wet,,morning,Brooks Ghost 12,suburbia,,Unknown,solo,rec@6:24,recovery,384.0,,,,0,2020,Running_Log_2020.xlsx
2020-07-02,2020,7,184,4,5.1,31.0,364.7058823529412,13.0,5.0,overcast,dry,,morning,Brooks Ghost 12,english hill,,Unknown,solo,rec@6:04/2st,recovery,364.0,,,,0,2020,Running_Log_2020.xlsx
2020-07-03,2020,7,185,5,8.5,48.0,338.8235294117647,15.0,4.0,overcast,dry,,morning,Nike Vaporfly Next%,river trail,,Unknown,solo,"13j, 5000 race@15:26, 20j [Time trial]",race,,,,,1,2020,Running_Log_2020.xlsx
2020-07-04,2020,7,186,6,9.6,59.0,368.75,22.0,5.0,clear,dry,,afternoon,Brooks Ghost 12,english hill,,Unknown,solo,rec@6:08,recovery,368.0,,,,0,2020,Running_Log_2020.xlsx
2020-07-05,2020,7,187,7,6.4,42.0,393.75,16.0,5.0,clear,dry,,morning,Brooks Ghost 12,suburbia,,Unknown,solo,rec@6:33,recovery,393.0,,,,0,2020,Running_Log_2020.xlsx
2020-07-06,2020,7,188,1,9.4,52.0,331.9148936170213,22.0,4.0,cloudy,dry,,afternoon,Brooks Ghost 12,powerline 2,,Unknown,solo,"13j, 8000i@5:02 (3:02 rest/mi), 14j",interval,,8000.0,302.0,interval,0,2020,Running_Log_2020.xlsx
2020-07-07,2020,7,189,2,9.6,58.0,362.5,16.0,5.0,cloudy,wet,,afternoon,Brooks Ghost 12,english hill,,Unknown,solo,rec@6:02,recovery,362.0,,,,0,2020,Running_Log_2020.xlsx
2020-07-08,2020,7,190,3,9.0,57.0,380.0,23.0,5.0,clear,dry,,afternoon,Brooks Ghost 12,rollercoaster,,Unknown,solo,"13j, 28hc-8x rc/8sp, 15j",hill_cont,,,,,0,2020,Running_Log_2020.xlsx
2020-07-09,2020,7,191,4,6.4,41.0,384.375,21.0,5.0,clear,dry,,afternoon,Brooks Ghost 12,suburbia,,Unknown,solo,rec@6:24,recovery,384.0,,,,0,2020,Running_Log_2020.xlsx
2020-07-10,2020,7,192,5,19.4,119.0,368.0412371134021,23.0,5.0,clear,dry,,afternoon,Brooks Ghost 12,river trail,,Unknown,solo,long@6:08,long,368.0,,,,0,2020,Running_Log_2020.xlsx
2020-07-11,2020,7,193,6,9.5,58.0,366.3157894736842,19.0,5.0,cloudy,dry,,afternoon,Brooks Ghost 12,english hill,,Unknown,solo,rec@6:06,recovery,366.0,,,,0,2020,Running_Log_2020.xlsx
2020-07-12,2020,7,194,7,6.4,40.0,375.0,20.0,5.0,clear,dry,,afternoon,Brooks Ghost 12,suburbia,,Unknown,solo,rec@6:15,recovery,375.0,,,,0,2020,Running_Log_2020.xlsx
2020-07-13,2020,7,195,1,9.4,53.0,338.2978723404255,23.0,5.0,clear,dry,,afternoon,Brooks Ghost 12,powerline 2,,Unknown,solo,"14j, 8000i@5:03 (3:02 rest/mi), 14j",interval,,8000.0,303.0,interval,0,2020,Running_Log_2020.xlsx
2020-07-14,2020,7,196,2,9.5,58.0,366.3157894736842,27.0,5.0,clear,dry,,afternoon,Brooks Ghost 12,english hill,,Unknown,solo,rec@6:06,recovery,366.0,,,,0,2020,Running_Log_2020.xlsx
2020-07-15,2020,7,197,3,5.8,37.0,382.7586206896552,28.0,5.0,clear,dry,,afternoon,Brooks Ghost 12,nike>powerline,,Unknown,solo,rec@6:22,recovery,382.0,,,,0,2020,Running_Log_2020.xlsx
2020-07-16,2020,7,198,4,9.6,58.0,362.5,26.0,5.0,cloudy,dry,,afternoon,Brooks Ghost 12,english hill,,Unknown,solo,rec@6:02,recovery,362.0,,,,0,2020,Running_Log_2020.xlsx
2020-07-17,2020,7,199,5,13.5,88.0,391.1111111111111,15.0,5.0,overcast,dry,,morning,Brooks Ghost 12,watershed,,Unknown,solo,long@6:31,long,391.0,,,,0,2020,Running_Log_2020.xlsx
2020-07-18,2020,7,200,6,9.1,58.0,382.4175824175824,11.0,4.0,clear,dry,,morning,Brooks Ghost 12,english hill,,Unknown,solo,rec@6:22,recovery,382.0,,,,0,2020,Running_Log_2020.xlsx
2020-07-19,2020,7,201,7,6.4,42.0,393.75,19.0,5.0,clear,dry,,morning,Brooks Ghost 12,suburbia,,Unknown,solo,rec@6:33,recovery,393.0,,,,0,2020,Running_Log_2020.xlsx
2020-07-20,2020,7,202,1,9.7,58.0,358.7628865979382,29.0,5.0,clear,dry,,afternoon,Brooks Ghost 12,english hill,,Unknown,solo,rec@5:58,recovery,358.0,,,,0,2020,Running_Log_2020.xlsx
2020-07-21,2020,7,203,2,6.4,40.0,375.0,27.0,5.0,clear,dry,,afternoon,Brooks Ghost 12,suburbia,,Unknown,solo,rec@6:15,recovery,375.0,,,,0,2020,Running_Log_2020.xlsx
2020-07-22,2020,7,204,3,9.6,59.0,368.75,20.0,5.0,cloudy,dry,,afternoon,Brooks Ghost 12,english hill,,Unknown,solo,rec@6:08,recovery,368.0,,,,0,2020,Running_Log_2020.xlsx
2020-07-23,2020,7,205,4,5.8,37.0,382.7586206896552,19.0,5.0,clear,dry,,afternoon,Brooks Ghost 12,nike>powerline,,Unknown,solo,rec@6:22,recovery,382.0,,,,0,2020,Running_Log_2020.xlsx
2020-07-24,2020,7,206,5,19.6,120.0,367.3469387755102,17.0,5.0,cloudy,dry,,afternoon,Brooks Ghost 12,lake samm,,Unknown,solo,long@6:07,long,367.0,,,,0,2020,Running_Log_2020.xlsx
2020-07-25,2020,7,207,6,9.1,58.0,382.4175824175824,25.0,4.0,clear,dry,,afternoon,Brooks Ghost 12,english hill,,Unknown,solo,rec@6:22,recovery,382.0,,,,0,2020,Running_Log_2020.xlsx
2020-07-26,2020,7,208,7,6.4,42.0,393.75,20.0,5.0,clear,dry,,morning,Brooks Ghost 12,suburbia,,Unknown,solo,rec@6:33,recovery,393.0,,,,0,2020,Running_Log_2020.xlsx
2020-07-27,2020,7,209,1,8.2,47.0,343.9024390243903,35.0,4.0,clear,dry,,afternoon,Brooks Ghost 12,powerline 2,,Unknown,solo,"14j, 6000i@5:07 (3:02 rest/mi), 14j",interval,,6000.0,307.0,interval,0,2020,Running_Log_2020.xlsx
2020-07-28,2020,7,210,2,9.8,58.0,355.1020408163265,27.0,5.0,clear,dry,,afternoon,Hoka Clifton 6,english hill,,Unknown,solo,rec@5:55,recovery,355.0,,,,0,2020,Running_Log_2020.xlsx
2020-07-29,2020,7,211,3,9.0,58.0,386.6666666666667,31.0,5.0,clear,dry,,afternoon,Hoka Clifton 6,rollercoaster,,Unknown,solo,"14j, 28hc-8x rc/8sp, 15j",hill_cont,,,,,0,2020,Running_Log_2020.xlsx
2020-07-30,2020,7,212,4,6.4,40.0,375.0,32.0,5.0,clear,dry,,afternoon,Hoka Clifton 6,suburbia,,Unknown,solo,rec@6:15,recovery,375.0,,,,0,2020,Running_Log_2020.xlsx
2020-07-31,2020,7,213,5,13.7,89.0,389.78102189781026,22.0,4.0,clear,dry,,morning,Hoka Clifton 6,watershed,,Unknown,solo,long@6:29,long,389.0,,,,0,2020,Running_Log_2020.xlsx
2020-08-01,2020,8,214,6,10.1,57.0,338.61386138613864,22.0,5.0,cloudy,dry,,afternoon,Hoka Clifton 6,english hill,,Unknown,solo,rec@5:38,recovery,338.0,,,,0,2020,Running_Log_2020.xlsx
2020-08-02,2020,8,215,7,5.8,37.0,382.7586206896552,18.0,4.0,clear,dry,,morning,Hoka Clifton 6,nike>powerline,,Unknown,solo,rec@6:22,recovery,382.0,,,,0,2020,Running_Log_2020.xlsx
2020-08-03,2020,8,216,1,10.1,58.0,344.5544554455446,28.0,4.0,clear,dry,,afternoon,Hoka Clifton 6,english hill,,Unknown,solo,rec@5:44,recovery,344.0,,,,0,2020,Running_Log_2020.xlsx
2020-08-04,2020,8,217,2,6.4,41.0,384.375,29.0,5.0,clear,dry,,afternoon,Hoka Clifton 6,suburbia,,Unknown,solo,rec@6:24,recovery,384.0,,,,0,2020,Running_Log_2020.xlsx
2020-08-05,2020,8,218,3,9.3,53.0,341.93548387096774,28.0,5.0,clear,dry,,afternoon,Nike Vaporfly Next%,hartman,,Unknown,solo,"16j, 6600f@5:13 (1:57 rest/mi), 16j",fartlek,,6600.0,313.0,fartlek,0,2020,Running_Log_2020.xlsx
2020-08-06,2020,8,219,4,10.1,58.0,344.5544554455446,15.0,5.0,light rain,wet,,afternoon,Hoka Clifton 6,english hill,,Unknown,solo,rec@5:44,recovery,344.0,,,,0,2020,Running_Log_2020.xlsx
2020-08-07,2020,8,220,5,4.6,29.0,378.26086956521743,12.0,4.0,clear,dry,,early,Hoka Clifton 6,english hill,,Unknown,solo,rec@6:18,recovery,378.0,,,,0,2020,Running_Log_2020.xlsx
2020-08-08,2020,8,221,6,5.8,37.0,382.7586206896552,18.0,1.0,cloudy,dry,,afternoon,Hoka Clifton 6,nike>powerline,,Unknown,solo,rec@6:22,recovery,382.0,,,,0,2020,Running_Log_2020.xlsx
2020-08-09,2020,8,222,7,6.4,39.0,365.625,23.0,9.0,clear,dry,,afternoon,Hoka Clifton 6,suburbia,,Unknown,solo,rec@6:05,recovery,365.0,,,,0,2020,Running_Log_2020.xlsx
2020-08-10,2020,8,223,1,9.5,58.0,366.3157894736842,27.0,5.0,clear,dry,,afternoon,Hoka Clifton 6,english hill,,Unknown,solo,rec@6:06,recovery,366.0,,,,0,2020,Running_Log_2020.xlsx
2020-08-11,2020,8,224,2,5.8,38.0,393.1034482758621,19.0,5.0,clear,dry,,morning,Hoka Clifton 6,nike>powerline,,Unknown,solo,rec@6:33/2st,recovery,393.0,,,,0,2020,Running_Log_2020.xlsx
2020-08-12,2020,8,225,3,7.9,46.0,349.3670886075949,21.0,5.0,clear,dry,,afternoon,Nike Vaporfly Next%,english hill,,Unknown,solo,"19j, 1609 race@4:19.89, 23j [Downhill time trial]",race,,,,,1,2020,Running_Log_2020.xlsx
2020-08-13,2020,8,226,4,6.4,40.0,375.0,24.0,5.0,clear,dry,,afternoon,Hoka Clifton 6,suburbia,,Unknown,solo,rec@6:15,recovery,375.0,,,,0,2020,Running_Log_2020.xlsx
2020-08-14,2020,8,227,5,20.0,120.0,360.0,25.0,5.0,clear,dry,,afternoon,Hoka Clifton 6,river trail,,Unknown,solo,long@6:00,long,360.0,,,,0,2020,Running_Log_2020.xlsx
2020-08-15,2020,8,228,6,8.9,57.0,384.2696629213483,16.0,4.0,clear,dry,,morning,Hoka Clifton 6,english hill,,Unknown,solo,rec@6:24,recovery,384.0,,,,0,2020,Running_Log_2020.xlsx
2020-08-16,2020,8,229,7,5.8,37.0,382.7586206896552,19.0,4.0,clear,dry,,morning,Hoka Clifton 6,nike>powerline,,Unknown,solo,rec@6:22,recovery,382.0,,,,0,2020,Running_Log_2020.xlsx
2020-08-17,2020,8,230,1,9.4,51.0,325.531914893617,23.0,4.0,clear,dry,,morning,Hoka Clifton 6,powerline 2,,Unknown,solo,"13j, 8000i@4:50 (3:02 rest/mi), 14j",interval,,8000.0,290.0,interval,0,2020,Running_Log_2020.xlsx
2020-08-18,2020,8,231,2,6.4,40.0,375.0,18.0,4.0,cloudy,dry,,morning,Hoka Clifton 6,suburbia,,Unknown,solo,rec@6:15,recovery,375.0,,,,0,2020,Running_Log_2020.xlsx
2020-08-19,2020,8,232,3,10.0,59.0,354.0,21.0,4.0,clear,dry,,morning,Hoka Clifton 6,pipeline,,Unknown,solo,rec@5:53,recovery,353.0,,,,0,2020,Running_Log_2020.xlsx
2020-08-20,2020,8,233,4,9.5,59.0,372.63157894736844,21.0,4.0,cloudy,dry,,morning,Hoka Clifton 6,english hill,,Unknown,solo,rec@6:12,recovery,372.0,,,,0,2020,Running_Log_2020.xlsx
2020-08-21,2020,8,234,5,9.0,76.0,506.6666666666667,17.0,4.0,overcast,dry,,morning,Hoka Clifton 6,granite lakes,,Unknown,solo,trail@8:26 [+2700ft],trail,506.0,,,,0,2020,Running_Log_2020.xlsx
2020-08-22,2020,8,235,6,9.7,59.0,364.94845360824746,20.0,6.0,clear,dry,,afternoon,Hoka Clifton 6,english hill,,Unknown,solo,rec@6:04,recovery,364.0,,,,0,2020,Running_Log_2020.xlsx
2020-08-23,2020,8,236,7,5.7,32.0,336.84210526315786,30.0,2.0,clear,dry,,afternoon,Hoka Clifton 6,centennial,,Unknown,solo,rec@5:36,recovery,336.0,,,,0,2020,Running_Log_2020.xlsx
2020-08-24,2020,8,237,1,9.4,52.0,331.9148936170213,30.0,4.0,cloudy,dry,,late,Hoka Clifton 6,rose park,,Track,solo,"13j, 5000r@4:57 (6:00 rest/mi), 13j",rep,,5000.0,297.0,rep,0,2020,Running_Log_2020.xlsx
2020-08-25,2020,8,238,2,7.1,44.0,371.830985915493,26.0,4.0,clear,dry,,morning,Hoka Clifton 6,mccabe,,Unknown,solo,rec@6:11,recovery,371.0,,,,0,2020,Running_Log_2020.xlsx
2020-08-26,2020,8,239,3,8.6,49.0,341.8604651162791,29.0,4.0,clear,dry,,late,Hoka Clifton 6,love circle,,Unknown,solo,"14j, 22hc-5x lc, 13j",hill_cont,,,,,0,2020,Running_Log_2020.xlsx
2020-08-27,2020,8,240,4,7.1,44.0,371.830985915493,27.0,5.0,cloudy,dry,,morning,Hoka Clifton 6,mccabe,,Unknown,solo,rec@6:11,recovery,371.0,,,,0,2020,Running_Log_2020.xlsx
2020-08-28,2020,8,241,5,7.1,43.0,363.38028169014086,27.0,5.0,cloudy,dry,,morning,Hoka Clifton 6,mccabe,,Unknown,solo,rec@6:03,recovery,363.0,,,,0,2020,Running_Log_2020.xlsx
2020-08-29,2020,8,242,6,7.1,44.0,371.830985915493,25.0,5.0,cloudy,dry,,morning,Hoka Clifton 6,mccabe,,Unknown,solo,rec@6:11,recovery,371.0,,,,0,2020,Running_Log_2020.xlsx
2020-08-30,2020,8,243,7,5.7,33.0,347.36842105263156,24.0,4.0,cloudy,wet,,morning,Hoka Clifton 6,centennial,,Unknown,solo,rec@5:47,recovery,347.0,,,,0,2020,Running_Log_2020.xlsx
2020-08-31,2020,8,244,1,12.4,68.0,329.0322580645161,24.0,5.0,heavy rain,wet,,late,Hoka Clifton 6,rose park,,Track,solo,"12j, 10000i@5:17 (3:00 rest/mi), 13j",interval,,10000.0,317.0,interval,0,2020,Running_Log_2020.xlsx
2020-09-01,2020,9,245,2,7.1,45.0,380.2816901408451,24.0,5.0,overcast,wet,,morning,Hoka Clifton 6,mccabe,,Unknown,solo,rec@6:20,recovery,380.0,,,,0,2020,Running_Log_2020.xlsx
2020-09-02,2020,9,246,3,8.6,51.0,355.81395348837214,30.0,5.0,cloudy,dry,,late,Hoka Clifton 6,love circle,,Unknown,solo,"14j, 24hc-5x lc, 13j",hill_cont,,,,,0,2020,Running_Log_2020.xlsx
2020-09-03,2020,9,247,4,7.1,45.0,380.2816901408451,25.0,5.0,cloudy,wet,,morning,Hoka Clifton 6,mccabe,,Unknown,solo,rec@6:20,recovery,380.0,,,,0,2020,Running_Log_2020.xlsx
2020-09-04,2020,9,248,5,14.9,87.0,350.33557046979865,26.0,5.0,cloudy,dry,,morning,Hoka Clifton 6,belle meade,,Unknown,solo,long@5:50,long,350.0,,,,0,2020,Running_Log_2020.xlsx
2020-09-05,2020,9,249,6,7.1,44.0,371.830985915493,22.0,4.0,clear,dry,,morning,Hoka Clifton 6,mccabe,,Unknown,solo,rec@6:11,recovery,371.0,,,,0,2020,Running_Log_2020.xlsx
2020-09-06,2020,9,250,7,5.7,35.0,368.42105263157896,25.0,4.0,clear,dry,,morning,Hoka Clifton 6,centennial,,Unknown,solo,rec@6:08,recovery,368.0,,,,0,2020,Running_Log_2020.xlsx
2020-09-07,2020,9,251,1,9.4,50.0,319.1489361702128,29.0,4.0,clear,dry,,late,Hoka Clifton 6,rose park,,Track,solo,"12j, 5000r@4:46 (6:00 rest/mi), 13j",rep,,5000.0,286.0,rep,0,2020,Running_Log_2020.xlsx
2020-09-08,2020,9,252,2,7.1,44.0,371.830985915493,30.0,4.0,clear,dry,,afternoon,Hoka Clifton 6,mccabe,,Unknown,solo,rec@6:11,recovery,371.0,,,,0,2020,Running_Log_2020.xlsx
2020-09-09,2020,9,253,3,8.6,51.0,355.81395348837214,28.0,3.0,cloudy,dry,,late,Hoka Clifton 6,love circle,,Unknown,solo,"14j, 24hc-5x lc, 13j",hill_cont,,,,,0,2020,Running_Log_2020.xlsx
2020-09-10,2020,9,254,4,7.1,45.0,380.2816901408451,24.0,4.0,clear,dry,,morning,Hoka Clifton 6,mccabe,,Unknown,solo,rec@6:20,recovery,380.0,,,,0,2020,Running_Log_2020.xlsx
2020-09-11,2020,9,255,5,10.1,59.0,350.4950495049505,28.0,4.0,clear,dry,,morning,Hoka Clifton 6,belle meade,,Unknown,solo,rec@5:50,recovery,350.0,,,,0,2020,Running_Log_2020.xlsx
2020-09-12,2020,9,256,6,7.1,42.0,354.92957746478874,30.0,5.0,cloudy,dry,,morning,Hoka Clifton 6,mccabe,,Unknown,solo,rec@5:54,recovery,354.0,,,,0,2020,Running_Log_2020.xlsx
2020-09-13,2020,9,257,7,5.7,34.0,357.89473684210526,24.0,5.0,heavy rain,wet,,morning,Hoka Clifton 6,centennial,,Unknown,solo,rec@5:57,recovery,357.0,,,,0,2020,Running_Log_2020.xlsx
2020-09-14,2020,9,258,1,12.6,68.0,323.8095238095238,26.0,4.0,cloudy,dry,,late,Hoka Clifton 6,rose park,,Track,solo,"12j, 10000i@5:08 (3:00 rest/mi), 13j",interval,,10000.0,308.0,interval,0,2020,Running_Log_2020.xlsx
2020-09-15,2020,9,259,2,7.1,45.0,380.2816901408451,25.0,5.0,cloudy,dry,,afternoon,Hoka Clifton 6,mccabe,,Unknown,solo,rec@6:20,recovery,380.0,,,,0,2020,Running_Log_2020.xlsx
2020-09-16,2020,9,260,3,8.6,50.0,348.8372093023256,27.0,4.0,cloudy,dry,,late,Hoka Clifton 6,love circle,,Unknown,solo,"14j, 23hc-5x lc, 13j",hill_cont,,,,,0,2020,Running_Log_2020.xlsx
2020-09-17,2020,9,261,4,7.1,45.0,380.2816901408451,24.0,4.0,clear,dry,,morning,Hoka Clifton 6,mccabe,,Unknown,solo,rec@6:20,recovery,380.0,,,,0,2020,Running_Log_2020.xlsx
2020-09-18,2020,9,262,5,21.2,115.0,325.47169811320754,20.0,4.0,cloudy,dry,,morning,Hoka Clifton 6,greenway,,Unknown,solo,long@5:25,long,325.0,,,,0,2020,Running_Log_2020.xlsx
2020-09-19,2020,9,263,6,7.1,44.0,371.830985915493,15.0,4.0,clear,dry,,morning,Hoka Clifton 6,mccabe,,Unknown,solo,rec@6:11,recovery,371.0,,,,0,2020,Running_Log_2020.xlsx
2020-09-20,2020,9,264,7,5.7,35.0,368.42105263157896,15.0,5.0,clear,dry,,morning,Hoka Clifton 6,centennial,,Unknown,solo,rec@6:08,recovery,368.0,,,,0,2020,Running_Log_2020.xlsx
2020-09-21,2020,9,265,1,9.4,50.0,319.1489361702128,22.0,4.0,clear,dry,,late,Hoka Clifton 6,rose park,,Track,solo,"12j, 5000r@4:35 (6:00 rest/mi), 13j",rep,,5000.0,275.0,rep,0,2020,Running_Log_2020.xlsx
2020-09-22,2020,9,266,2,7.1,45.0,380.2816901408451,21.0,4.0,clear,dry,,afternoon,Hoka Clifton 6,mccabe,,Unknown,solo,rec@6:20,recovery,380.0,,,,0,2020,Running_Log_2020.xlsx
2020-09-23,2020,9,267,3,5.7,34.0,357.89473684210526,18.0,4.0,overcast,dry,,late,Hoka Clifton 6,centennial,,Unknown,solo,rec@5:57,recovery,357.0,,,,0,2020,Running_Log_2020.xlsx
2020-09-24,2020,9,268,4,7.1,45.0,380.2816901408451,16.0,4.0,light rain,wet,,morning,Hoka Clifton 6,mccabe,,Unknown,solo,rec@6:20,recovery,380.0,,,,0,2020,Running_Log_2020.xlsx
2020-09-25,2020,9,269,5,15.9,84.0,316.9811320754717,20.0,4.0,cloudy,dry,,morning,Hoka Clifton 6,belle meade,,Unknown,solo,long@5:16,long,316.0,,,,0,2020,Running_Log_2020.xlsx
2020-09-26,2020,9,270,6,7.1,45.0,380.2816901408451,19.0,4.0,cloudy,dry,,morning,Hoka Clifton 6,mccabe,,Unknown,solo,rec@6:20,recovery,380.0,,,,0,2020,Running_Log_2020.xlsx
2020-09-27,2020,9,271,7,5.7,35.0,368.42105263157896,18.0,4.0,clear,dry,,morning,Hoka Clifton 6,centennial,,Unknown,solo,rec@6:08,recovery,368.0,,,,0,2020,Running_Log_2020.xlsx
2020-09-28,2020,9,272,1,12.6,67.0,319.04761904761904,16.0,4.0,cloudy,dry,,late,Saucony Endorphin 2,rose park,,Track,solo,"12j, 10000i@5:01 (3:00 rest/mi), 13j",interval,,10000.0,301.0,interval,0,2020,Running_Log_2020.xlsx
2020-09-29,2020,9,273,2,7.1,43.0,363.38028169014086,17.0,4.0,cloudy,dry,,morning,Hoka Clifton 6,mccabe,,Unknown,solo,rec@6:03,recovery,363.0,,,,0,2020,Running_Log_2020.xlsx
2020-09-30,2020,9,274,3,8.6,49.0,341.8604651162791,22.0,4.0,clear,dry,,late,Hoka Clifton 6,love circle,,Unknown,solo,"13j, 23hc-5x lc, 13j",hill_cont,,,,,0,2020,Running_Log_2020.xlsx
2020-10-01,2020,10,275,4,7.1,45.0,380.2816901408451,13.0,5.0,clear,dry,,morning,Hoka Clifton 6,mccabe,,Unknown,solo,rec@6:20,recovery,380.0,,,,0,2020,Running_Log_2020.xlsx
2020-10-02,2020,10,276,5,21.6,116.0,322.22222222222223,14.0,4.0,clear,dry,,morning,Hoka Clifton 6,greenway,,Unknown,solo,long@5:22,long,322.0,,,,0,2020,Running_Log_2020.xlsx
2020-10-03,2020,10,277,6,7.1,47.0,397.1830985915493,10.0,4.0,clear,dry,,morning,Hoka Clifton 6,mccabe,,Unknown,solo,rec@6:37,recovery,397.0,,,,0,2020,Running_Log_2020.xlsx
2020-10-04,2020,10,278,7,5.7,36.0,378.9473684210526,13.0,4.0,overcast,dry,,morning,Hoka Clifton 6,centennial,,Unknown,solo,rec@6:18,recovery,378.0,,,,0,2020,Running_Log_2020.xlsx
2020-10-05,2020,10,279,1,7.1,45.0,380.2816901408451,15.0,5.0,cloudy,dry,,morning,Hoka Clifton 6,mccabe,,Unknown,solo,rec@6:20,recovery,380.0,,,,0,2020,Running_Log_2020.xlsx
2020-10-06,2020,10,280,2,8.6,47.0,327.90697674418607,21.0,5.0,clear,dry,,afternoon,Saucony Endorphin 2,rose park,,Track,solo,"13j, 5000f@4:59 (2:30 rest/mi), 13j",fartlek,,5000.0,299.0,fartlek,0,2020,Running_Log_2020.xlsx
2020-10-07,2020,10,281,3,5.7,35.0,368.42105263157896,24.0,5.0,clear,dry,,morning,Hoka Clifton 6,centennial,,Unknown,solo,rec@6:08,recovery,368.0,,,,0,2020,Running_Log_2020.xlsx
2020-10-08,2020,10,282,4,5.7,35.0,368.42105263157896,15.0,3.0,clear,dry,,morning,Hoka Clifton 6,centennial,,Unknown,solo,rec@6:08,recovery,368.0,,,,0,2020,Running_Log_2020.xlsx
2020-10-09,2020,10,283,5,15.8,85.0,322.7848101265823,21.0,4.0,cloudy,dry,,morning,Hoka Clifton 6,belle meade,,Unknown,solo,long@5:22,long,322.0,,,,0,2020,Running_Log_2020.xlsx
2020-10-10,2020,10,284,6,5.7,34.0,357.89473684210526,18.0,4.0,light rain,wet,,morning,Hoka Clifton 6,centennial,,Unknown,solo,rec@5:57,recovery,357.0,,,,0,2020,Running_Log_2020.xlsx
2020-10-11,2020,10,285,7,7.1,43.0,363.38028169014086,19.0,4.0,heavy rain,wet,,morning,Hoka Clifton 6,mccabe,,Unknown,solo,rec@6:03,recovery,363.0,,,,0,2020,Running_Log_2020.xlsx
2020-10-12,2020,10,286,1,7.1,44.0,371.830985915493,24.0,6.0,clear,dry,,morning,Hoka Clifton 6,mccabe,,Unknown,solo,rec@6:11,recovery,371.0,,,,0,2020,Running_Log_2020.xlsx
2020-10-13,2020,10,287,2,8.6,47.0,327.90697674418607,18.0,5.0,clear,dry,,afternoon,Hoka Clifton 6,love circle,,Unknown,solo,"13j, 22hc-5x lc, 12j",hill_cont,,,,,0,2020,Running_Log_2020.xlsx
2020-10-14,2020,10,288,3,7.1,44.0,371.830985915493,22.0,4.0,clear,dry,,morning,Hoka Clifton 6,mccabe,,Unknown,solo,rec@6:11,recovery,371.0,,,,0,2020,Running_Log_2020.xlsx
2020-10-15,2020,10,289,4,5.7,35.0,368.42105263157896,18.0,4.0,clear,dry,,morning,Hoka Clifton 6,centennial,,Unknown,solo,rec@6:08,recovery,368.0,,,,0,2020,Running_Log_2020.xlsx
2020-10-16,2020,10,290,5,22.3,116.0,312.10762331838566,12.0,5.0,clear,dry,,morning,Nike Vaporfly Next%,greenway,,Unknown,solo,long@5:12,long,312.0,,,,0,2020,Running_Log_2020.xlsx
2020-10-17,2020,10,291,6,7.1,47.0,397.1830985915493,8.0,4.0,clear,dry,,morning,Hoka Clifton 6,mccabe,,Unknown,solo,rec@6:37,recovery,397.0,,,,0,2020,Running_Log_2020.xlsx
2020-10-18,2020,10,292,7,5.7,36.0,378.9473684210526,14.0,4.0,overcast,dry,,morning,Hoka Clifton 6,centennial,,Unknown,solo,rec@6:18,recovery,378.0,,,,0,2020,Running_Log_2020.xlsx
2020-10-19,2020,10,293,1,7.1,43.0,363.38028169014086,21.0,4.0,cloudy,dry,,morning,Hoka Clifton 6,mccabe,,Unknown,solo,rec@6:03,recovery,363.0,,,,0,2020,Running_Log_2020.xlsx
2020-10-20,2020,10,294,2,8.6,50.0,348.8372093023256,25.0,5.0,clear,dry,,afternoon,Hoka Clifton 6,love circle,,Unknown,solo,"14j, 23hc-5x lc, 13j",hill_cont,,,,,0,2020,Running_Log_2020.xlsx
2020-10-21,2020,10,295,3,7.1,44.0,371.830985915493,27.0,4.0,cloudy,dry,,morning,Hoka Clifton 6,mccabe,,Unknown,solo,rec@6:11,recovery,371.0,,,,0,2020,Running_Log_2020.xlsx
2020-10-22,2020,10,296,4,5.7,35.0,368.42105263157896,18.0,5.0,clear,dry,,morning,Hoka Clifton 6,centennial,,Unknown,solo,rec@6:08,recovery,368.0,,,,0,2020,Running_Log_2020.xlsx
2020-10-23,2020,10,297,5,16.1,85.0,316.7701863354037,25.0,4.0,cloudy,dry,,morning,Hoka Clifton 6,belle meade,,Unknown,solo,long@5:16,long,316.0,,,,0,2020,Running_Log_2020.xlsx
2020-10-24,2020,10,298,6,8.0,53.0,397.5,10.0,5.0,overcast,dry,,morning,Hoka Clifton 6,mccabe,,Unknown,solo,rec@6:37,recovery,397.0,,,,0,2020,Running_Log_2020.xlsx
2020-10-25,2020,10,299,7,5.7,36.0,378.9473684210526,11.0,4.0,overcast,dry,,morning,Hoka Clifton 6,centennial,,Unknown,solo,rec@6:18,recovery,378.0,,,,0,2020,Running_Log_2020.xlsx
2020-10-26,2020,10,300,1,8.0,48.0,360.0,13.0,3.0,overcast,wet,,morning,Hoka Clifton 6,mccabe,,Unknown,solo,rec@6:00,recovery,360.0,,,,0,2020,Running_Log_2020.xlsx
2020-10-27,2020,10,301,2,9.4,50.0,319.1489361702128,16.0,4.0,overcast,dry,,afternoon,Saucony Endorphin 2,rose park,,Track,solo,"12j, 5000r@4:28 (8:00 rest/mi), 13j",rep,,5000.0,268.0,rep,0,2020,Running_Log_2020.xlsx
2020-10-28,2020,10,302,3,8.0,53.0,397.5,14.0,4.0,light rain,wet,,morning,Hoka Clifton 6,mccabe,,Unknown,solo,rec@6:37,recovery,397.0,,,,0,2020,Running_Log_2020.xlsx
2020-10-29,2020,10,303,4,4.4,28.0,381.8181818181818,21.0,4.0,light rain,wet,,morning,Hoka Clifton 6,centennial,,Unknown,solo,rec@6:21,recovery,381.0,,,,0,2020,Running_Log_2020.xlsx
2020-10-30,2020,10,304,5,11.7,69.0,353.84615384615387,9.0,4.0,cloudy,dry,,morning,Hoka Clifton 6,mccabe,,Unknown,solo,rec@5:53,recovery,353.0,,,,0,2020,Running_Log_2020.xlsx
2020-10-31,2020,10,305,6,8.0,51.0,382.5,7.0,5.0,clear,dry,,morning,Hoka Clifton 6,mccabe,,Unknown,solo,rec@6:22,recovery,382.0,,,,0,2020,Running_Log_2020.xlsx
2020-11-01,2020,11,306,7,5.7,37.0,389.4736842105263,13.0,4.0,clear,dry,,morning,Hoka Clifton 6,centennial,,Unknown,solo,rec@6:29,recovery,389.0,,,,0,2020,Running_Log_2020.xlsx
2020-11-02,2020,11,307,1,12.6,67.0,319.04761904761904,8.0,5.0,clear,dry,,morning,Saucony Endorphin 2,rose park,,Track,solo,"12j, 10000i@4:58 (3:00 rest/mi), 13j",interval,,10000.0,298.0,interval,0,2020,Running_Log_2020.xlsx
2020-11-03,2020,11,308,2,5.7,36.0,378.9473684210526,4.0,5.0,clear,dry,,morning,Hoka Clifton 6,centennial,,Unknown,solo,rec@6:18,recovery,378.0,,,,0,2020,Running_Log_2020.xlsx
2020-11-04,2020,11,309,3,8.0,52.0,390.0,14.0,4.0,clear,dry,,morning,Hoka Clifton 6,mccabe,,Unknown,solo,rec@6:30,recovery,390.0,,,,0,2020,Running_Log_2020.xlsx
2020-11-05,2020,11,310,4,4.4,28.0,381.8181818181818,11.0,5.0,cloudy,dry,,morning,Hoka Clifton 6,centennial,,Unknown,solo,rec@6:21,recovery,381.0,,,,0,2020,Running_Log_2020.xlsx
2020-11-06,2020,11,311,5,16.8,85.0,303.57142857142856,18.0,5.0,clear,dry,,morning,Nike Vaporfly Next%,belle meade,,Unknown,solo,long@5:03,long,303.0,,,,0,2020,Running_Log_2020.xlsx
2020-11-07,2020,11,312,6,7.1,44.0,371.830985915493,23.0,5.0,cloudy,dry,,afternoon,Hoka Clifton 6,mccabe,,Unknown,solo,rec@6:11,recovery,371.0,,,,0,2020,Running_Log_2020.xlsx
2020-11-08,2020,11,313,7,5.7,36.0,378.9473684210526,16.0,5.0,clear,dry,,morning,Hoka Clifton 6,centennial,,Unknown,solo,rec@6:18,recovery,378.0,,,,0,2020,Running_Log_2020.xlsx
2020-11-09,2020,11,314,1,7.1,44.0,371.830985915493,25.0,4.0,clear,dry,,morning,Hoka Clifton 6,mccabe,,Unknown,solo,rec@6:11,recovery,371.0,,,,0,2020,Running_Log_2020.xlsx
2020-11-10,2020,11,315,2,8.6,50.0,348.8372093023256,24.0,4.0,cloudy,dry,,afternoon,Hoka Clifton 6,love circle,,Unknown,solo,"14j, 23hc-5x lc, 13j",hill_cont,,,,,0,2020,Running_Log_2020.xlsx
2020-11-11,2020,11,316,3,7.1,43.0,363.38028169014086,14.0,4.0,overcast,wet,,morning,Hoka Clifton 6,mccabe,,Unknown,solo,rec@6:03,recovery,363.0,,,,0,2020,Running_Log_2020.xlsx
2020-11-12,2020,11,317,4,5.7,34.0,357.89473684210526,8.0,4.0,cloudy,dry,,morning,Hoka Clifton 6,centennial,,Unknown,solo,rec@5:57,recovery,357.0,,,,0,2020,Running_Log_2020.xlsx
2020-11-13,2020,11,318,5,9.9,58.0,351.5151515151515,16.0,5.0,cloudy,dry,,afternoon,Hoka Clifton 6,mccabe,,Unknown,solo,rec@5:51,recovery,351.0,,,,0,2020,Running_Log_2020.xlsx
2020-11-14,2020,11,319,6,7.1,45.0,380.2816901408451,10.0,4.0,cloudy,dry,,morning,Hoka Clifton 6,mccabe,,Unknown,solo,rec@6:20,recovery,380.0,,,,0,2020,Running_Log_2020.xlsx
2020-11-15,2020,11,320,7,4.4,25.0,340.9090909090909,15.0,4.0,cloudy,dry,,morning,Hoka Clifton 6,centennial,,Unknown,solo,rec@5:40,recovery,340.0,,,,0,2020,Running_Log_2020.xlsx
2020-11-16,2020,11,321,1,7.1,42.0,354.92957746478874,13.0,4.0,cloudy,dry,,morning,Hoka Clifton 6,mccabe,,Unknown,solo,rec@5:54,recovery,354.0,,,,0,2020,Running_Log_2020.xlsx
2020-11-17,2020,11,322,2,5.7,33.0,347.36842105263156,12.0,4.0,clear,dry,,morning,Hoka Clifton 6,centennial,,Unknown,solo,rec@5:47,recovery,347.0,,,,0,2020,Running_Log_2020.xlsx
2020-11-18,2020,11,323,3,7.1,44.0,371.830985915493,10.0,5.0,clear,dry,,morning,Hoka Clifton 6,mccabe,,Unknown,solo,rec@6:11,recovery,371.0,,,,0,2020,Running_Log_2020.xlsx
2020-11-19,2020,11,324,4,5.7,34.0,357.89473684210526,17.0,5.0,clear,dry,,morning,Hoka Clifton 6,centennial,,Unknown,solo,rec@5:57,recovery,357.0,,,,0,2020,Running_Log_2020.xlsx
2020-11-20,2020,11,325,5,4.4,27.0,368.18181818181813,15.0,5.0,clear,dry,,morning,Hoka Clifton 6,centennial,,Unknown,solo,rec@6:08,recovery,368.0,,,,0,2020,Running_Log_2020.xlsx
2020-11-21,2020,11,326,6,26.2,151.0,345.80152671755724,16.0,5.0,clear,dry,,morning,Nike Vaporfly Next%,greenway,,Unknown,solo,42195 race@2:30:57 [Time trial],race,,,,,1,2020,Running_Log_2020.xlsx
2020-11-22,2020,11,327,7,4.4,29.0,395.45454545454544,8.0,5.0,overcast,wet,,late,Hoka Clifton 6,centennial,,Unknown,solo,rec@6:35,recovery,395.0,,,,0,2020,Running_Log_2020.xlsx
2020-11-23,2020,11,328,1,7.1,47.0,397.1830985915493,11.0,5.0,cloudy,dry,,afternoon,Hoka Clifton 6,mccabe,,Unknown,solo,rec@6:37,recovery,397.0,,,,0,2020,Running_Log_2020.xlsx
2020-11-24,2020,11,329,2,5.7,34.0,357.89473684210526,17.0,5.0,cloudy,dry,,afternoon,Hoka Clifton 6,centennial,,Unknown,solo,rec@5:57,recovery,357.0,,,,0,2020,Running_Log_2020.xlsx
2020-11-25,2020,11,330,3,7.1,45.0,380.2816901408451,18.0,5.0,overcast,dry,,afternoon,Hoka Clifton 6,mccabe,,Unknown,solo,rec@6:20,recovery,380.0,,,,0,2020,Running_Log_2020.xlsx
2020-11-26,2020,11,331,4,5.7,36.0,378.9473684210526,10.0,4.0,overcast,dry,,morning,Hoka Clifton 6,centennial,,Unknown,solo,rec@6:18,recovery,378.0,,,,0,2020,Running_Log_2020.xlsx
2020-11-27,2020,11,332,5,7.1,47.0,397.1830985915493,13.0,6.0,cloudy,dry,,afternoon,Hoka Clifton 6,mccabe,,Unknown,solo,rec@6:37,recovery,397.0,,,,0,2020,Running_Log_2020.xlsx
2020-11-28,2020,11,333,6,9.9,64.0,387.8787878787879,9.0,4.0,clear,dry,,morning,Hoka Clifton 6,mccabe,,Unknown,solo,rec@6:27,recovery,387.0,,,,0,2020,Running_Log_2020.xlsx
2020-11-29,2020,11,334,7,5.7,36.0,378.9473684210526,5.0,5.0,cloudy,dry,,morning,Hoka Clifton 6,centennial,,Unknown,solo,rec@6:18,recovery,378.0,,,,0,2020,Running_Log_2020.xlsx
2020-11-30,2020,11,335,1,7.1,42.0,354.92957746478874,1.0,5.0,snow,wet,,morning,Hoka Clifton 6,mccabe,,Unknown,solo,rec@5:54,recovery,354.0,,,,0,2020,Running_Log_2020.xlsx
2020-12-01,2020,12,336,2,7.0,40.0,342.85714285714283,4.0,4.0,clear,dry,,afternoon,Hoka Clifton 6,centennial,,Unknown,solo,rec@5:42,recovery,342.0,,,,0,2020,Running_Log_2020.xlsx
2020-12-02,2020,12,337,3,7.1,43.0,363.38028169014086,7.0,4.0,clear,dry,,morning,Hoka Clifton 6,mccabe,,Unknown,solo,rec@6:03,recovery,363.0,,,,0,2020,Running_Log_2020.xlsx
2020-12-03,2020,12,338,4,5.7,32.0,336.84210526315786,13.0,4.0,cloudy,dry,,afternoon,Hoka Clifton 6,centennial,,Unknown,solo,rec@5:36,recovery,336.0,,,,0,2020,Running_Log_2020.xlsx
2020-12-04,2020,12,339,5,9.9,61.0,369.6969696969697,7.0,4.0,light rain,wet,,afternoon,Hoka Clifton 6,mccabe,,Unknown,solo,rec@6:09,recovery,369.0,,,,0,2020,Running_Log_2020.xlsx
2020-12-05,2020,12,340,6,7.1,43.0,363.38028169014086,11.0,4.0,clear,dry,,afternoon,Hoka Clifton 6,mccabe,,Unknown,solo,rec@6:03,recovery,363.0,,,,0,2020,Running_Log_2020.xlsx
2020-12-06,2020,12,341,7,5.7,34.0,357.89473684210526,1.0,3.0,clear,dry,,morning,Hoka Clifton 6,centennial,,Unknown,solo,rec@5:57,recovery,357.0,,,,0,2020,Running_Log_2020.xlsx
2020-12-07,2020,12,342,1,7.1,44.0,371.830985915493,1.0,3.0,cloudy,dry,,morning,Hoka Clifton 6,mccabe,,Unknown,solo,rec@6:11,recovery,371.0,,,,0,2020,Running_Log_2020.xlsx
2020-12-08,2020,12,343,2,5.7,33.0,347.36842105263156,7.0,5.0,cloudy,dry,,afternoon,Hoka Clifton 6,centennial,,Unknown,solo,rec@5:47,recovery,347.0,,,,0,2020,Running_Log_2020.xlsx
2020-12-09,2020,12,344,3,7.1,43.0,363.38028169014086,6.0,4.0,cloudy,dry,,morning,Hoka Clifton 6,mccabe,,Unknown,solo,rec@6:03,recovery,363.0,,,,0,2020,Running_Log_2020.xlsx
2020-12-10,2020,12,345,4,5.7,32.0,336.84210526315786,21.0,4.0,cloudy,dry,,afternoon,Hoka Clifton 6,centennial,,Unknown,solo,rec@5:36,recovery,336.0,,,,0,2020,Running_Log_2020.xlsx
2020-12-11,2020,12,346,5,7.1,43.0,363.38028169014086,16.0,4.0,cloudy,dry,,morning,Hoka Clifton 6,mccabe,,Unknown,solo,rec@6:03,recovery,363.0,,,,0,2020,Running_Log_2020.xlsx
2020-12-12,2020,12,347,6,15.9,88.0,332.0754716981132,17.0,4.0,cloudy,wet,,morning,Hoka Clifton 6,belle meade,,Unknown,solo,long@5:32,long,332.0,,,,0,2020,Running_Log_2020.xlsx
2020-12-13,2020,12,348,7,4.4,26.0,354.5454545454545,5.0,4.0,cloudy,dry,,morning,Hoka Clifton 6,centennial,,Unknown,solo,rec@5:54,recovery,354.0,,,,0,2020,Running_Log_2020.xlsx
2020-12-14,2020,12,349,1,7.1,44.0,371.830985915493,3.0,4.0,overcast,wet,,morning,Hoka Clifton 6,mccabe,,Unknown,solo,rec@6:11,recovery,371.0,,,,0,2020,Running_Log_2020.xlsx
2020-12-15,2020,12,350,2,7.1,40.0,338.02816901408454,6.0,5.0,overcast,dry,,afternoon,Hoka Clifton 6,mccabe,,Unknown,solo,rec@5:38,recovery,338.0,,,,0,2020,Running_Log_2020.xlsx
2020-12-16,2020,12,351,3,7.1,38.0,321.1267605633803,4.0,5.0,overcast,wet,,afternoon,Hoka Clifton 6,mccabe,,Unknown,solo,rec@5:21,recovery,321.0,,,,0,2020,Running_Log_2020.xlsx
2020-12-17,2020,12,352,4,5.7,33.0,347.36842105263156,3.0,4.0,overcast,dry,,afternoon,Hoka Clifton 6,centennial,,Unknown,solo,rec@5:47,recovery,347.0,,,,0,2020,Running_Log_2020.xlsx
2020-12-18,2020,12,353,5,16.1,88.0,327.9503105590062,7.0,5.0,cloudy,dry,,afternoon,Hoka Clifton 7,belle meade,,Unknown,solo,long@5:27,long,327.0,,,,0,2020,Running_Log_2020.xlsx
2020-12-19,2020,12,354,6,7.1,43.0,363.38028169014086,3.0,5.0,overcast,dry,,afternoon,Hoka Clifton 7,mccabe,,Unknown,solo,rec@6:03,recovery,363.0,,,,0,2020,Running_Log_2020.xlsx
2020-12-20,2020,12,355,7,4.4,26.0,354.5454545454545,7.0,5.0,overcast,wet,,morning,Hoka Clifton 7,centennial,,Unknown,solo,rec@5:54,recovery,354.0,,,,0,2020,Running_Log_2020.xlsx
2020-12-21,2020,12,356,1,7.1,42.0,354.92957746478874,11.0,5.0,clear,dry,,afternoon,Hoka Clifton 7,mccabe,,Unknown,solo,rec@5:54,recovery,354.0,,,,0,2020,Running_Log_2020.xlsx
2020-12-22,2020,12,357,2,7.1,43.0,363.38028169014086,9.0,5.0,clear,dry,,morning,Hoka Clifton 7,mccabe,,Unknown,solo,rec@6:03,recovery,363.0,,,,0,2020,Running_Log_2020.xlsx
2020-12-23,2020,12,358,3,8.6,48.0,334.8837209302326,16.0,5.0,overcast,dry,,afternoon,Hoka Clifton 7,love circle,,Unknown,solo,"13j, 22hc-5x lc, 13j",hill_cont,,,,,0,2020,Running_Log_2020.xlsx
2020-12-24,2020,12,359,4,7.1,45.0,380.2816901408451,0.0,5.0,overcast,dry,,morning,Hoka Clifton 7,mccabe,,Unknown,solo,rec@6:20,recovery,380.0,,,,0,2020,Running_Log_2020.xlsx
2020-12-25,2020,12,360,5,5.1,30.0,352.94117647058823,6.0,2.0,light rain,wet,,late,Hoka Clifton 7,nike>nature,,Unknown,solo,rec@5:52,recovery,352.0,,,,0,2020,Running_Log_2020.xlsx
2020-12-26,2020,12,361,6,16.0,100.0,375.0,7.0,6.0,overcast,wet,,afternoon,Hoka Clifton 7,river trail,,Unknown,solo,long@6:15,long,375.0,,,,0,2020,Running_Log_2020.xlsx
2020-12-27,2020,12,362,7,6.4,42.0,393.75,8.0,5.0,cloudy,wet,,afternoon,Hoka Clifton 7,suburbia,,Unknown,solo,rec@6:33,recovery,393.0,,,,0,2020,Running_Log_2020.xlsx
2020-12-28,2020,12,363,1,9.0,58.0,386.6666666666667,5.0,4.0,clear,wet,,afternoon,Hoka Clifton 7,english hill,,Unknown,solo,rec@6:26,recovery,386.0,,,,0,2020,Running_Log_2020.xlsx
2020-12-29,2020,12,364,2,6.4,40.0,375.0,4.0,4.0,cloudy,dry,,afternoon,Hoka Clifton 7,suburbia,,Unknown,solo,rec@6:15,recovery,375.0,,,,0,2020,Running_Log_2020.xlsx
2020-12-30,2020,12,365,3,9.9,62.0,375.75757575757575,5.0,5.0,overcast,wet,,morning,Hoka Clifton 7,english hill,,Unknown,solo,rec@6:15,recovery,375.0,,,,0,2020,Running_Log_2020.xlsx
2020-12-31,2020,12,366,4,6.4,41.0,384.375,9.0,5.0,overcast,wet,,afternoon,Hoka Clifton 7,suburbia,,Unknown,solo,rec@6:24,recovery,384.0,,,,0,2020,Running_Log_2020.xlsx
2021-01-01,2021,1,1,5,5.8,35.0,362.0689655172414,9.0,4.0,heavy rain,wet,,afternoon,Hoka Clifton 7,nike>powerline,,Unknown,solo,rec@6:02,recovery,362.0,,,,0,2020,Running_Log_2021.xlsx
2021-01-02,2021,1,2,6,16.0,95.0,356.25,8.0,4.0,light rain,wet,,afternoon,Hoka Clifton 7,lake samm,,Unknown,solo,long@5:56,long,356.0,,,,0,2020,Running_Log_2021.xlsx
2021-01-03,2021,1,3,7,5.7,34.0,357.89473684210526,7.0,4.0,clear,dry,,afternoon,Hoka Clifton 7,centennial,,Unknown,solo,rec@5:57,recovery,357.0,,,,0,2020,Running_Log_2021.xlsx
2021-01-04,2021,1,4,1,7.1,43.0,363.38028169014086,13.0,4.0,cloudy,dry,,afternoon,Hoka Clifton 7,mccabe,,Unknown,solo,rec@6:03,recovery,363.0,,,,0,2020,Running_Log_2021.xlsx
2021-01-05,2021,1,5,2,7.1,43.0,363.38028169014086,9.0,4.0,clear,dry,,afternoon,Hoka Clifton 7,mccabe,,Unknown,solo,rec@6:03,recovery,363.0,,,,0,2020,Running_Log_2021.xlsx
2021-01-06,2021,1,6,3,5.7,34.0,357.89473684210526,7.0,4.0,clear,dry,,afternoon,Hoka Clifton 7,centennial,,Unknown,solo,rec@5:57,recovery,357.0,,,,0,2020,Running_Log_2021.xlsx
2021-01-07,2021,1,7,4,7.1,43.0,363.38028169014086,4.0,5.0,overcast,dry,,afternoon,Hoka Clifton 7,mccabe,,Unknown,solo,rec@6:03,recovery,363.0,,,,0,2020,Running_Log_2021.xlsx
2021-01-08,2021,1,8,5,5.7,34.0,357.89473684210526,3.0,4.0,cloudy,dry,,morning,Hoka Clifton 7,centennial,,Unknown,solo,rec@5:57,recovery,357.0,,,,0,2020,Running_Log_2021.xlsx
2021-01-09,2021,1,9,6,7.1,42.0,354.92957746478874,1.0,4.0,cloudy,dry,,morning,Hoka Clifton 7,mccabe,,Unknown,solo,rec@5:54,recovery,354.0,,,,0,2020,Running_Log_2021.xlsx
2021-01-10,2021,1,10,7,7.0,40.0,342.85714285714283,1.0,5.0,clear,dry,,afternoon,Hoka Clifton 7,centennial,,Unknown,solo,rec@5:42,recovery,342.0,,,,0,2020,Running_Log_2021.xlsx
2021-01-11,2021,1,11,1,7.1,44.0,371.830985915493,-1.0,4.0,overcast,dry,,morning,Hoka Clifton 7,mccabe,,Unknown,solo,rec@6:11,recovery,371.0,,,,0,2020,Running_Log_2021.xlsx
2021-01-12,2021,1,12,2,7.0,40.0,342.85714285714283,6.0,5.0,clear,dry,,afternoon,Hoka Clifton 7,centennial,,Unknown,solo,rec@5:42,recovery,342.0,,,,0,2020,Running_Log_2021.xlsx
2021-01-13,2021,1,13,3,7.1,43.0,363.38028169014086,9.0,5.0,clear,dry,,afternoon,Hoka Clifton 7,mccabe,,Unknown,solo,rec@6:03,recovery,363.0,,,,0,2020,Running_Log_2021.xlsx
2021-01-14,2021,1,14,4,7.0,42.0,360.0,14.0,4.0,clear,dry,,afternoon,Hoka Clifton 7,centennial,,Unknown,solo,rec@6:00,recovery,360.0,,,,0,2020,Running_Log_2021.xlsx
2021-01-15,2021,1,15,5,7.1,43.0,363.38028169014086,8.0,5.0,cloudy,dry,,morning,Hoka Clifton 7,mccabe,,Unknown,solo,rec@6:03,recovery,363.0,,,,0,2020,Running_Log_2021.xlsx
2021-01-16,2021,1,16,6,7.1,44.0,371.830985915493,5.0,5.0,overcast,dry,,afternoon,Hoka Clifton 7,mccabe,,Unknown,solo,rec@6:11,recovery,371.0,,,,0,2020,Running_Log_2021.xlsx
2021-01-17,2021,1,17,7,5.7,35.0,368.42105263157896,4.0,4.0,cloudy,dry,,morning,Hoka Clifton 7,centennial,,Unknown,solo,rec@6:08,recovery,368.0,,,,0,2020,Running_Log_2021.xlsx
2021-01-18,2021,1,18,1,7.1,44.0,371.830985915493,11.0,4.0,cloudy,dry,,afternoon,Hoka Clifton 7,mccabe,,Unknown,solo,rec@6:11,recovery,371.0,,,,0,2020,Running_Log_2021.xlsx
2021-01-19,2021,1,19,2,7.0,42.0,360.0,15.0,4.0,clear,dry,,afternoon,Hoka Clifton 7,centennial,,Unknown,solo,rec@6:00,recovery,360.0,,,,0,2020,Running_Log_2021.xlsx
2021-01-20,2021,1,20,3,7.1,44.0,371.830985915493,9.0,4.0,cloudy,dry,,afternoon,Hoka Clifton 7,mccabe,,Unknown,solo,rec@6:11,recovery,371.0,,,,0,2020,Running_Log_2021.xlsx
2021-01-21,2021,1,21,4,7.0,42.0,360.0,7.0,5.0,overcast,dry,,afternoon,Hoka Clifton 7,centennial,,Unknown,solo,rec@6:00,recovery,360.0,,,,0,2020,Running_Log_2021.xlsx
2021-01-22,2021,1,22,5,7.1,43.0,363.38028169014086,8.0,5.0,clear,dry,,afternoon,Hoka Clifton 7,mccabe,,Unknown,solo,rec@6:03,recovery,363.0,,,,0,2020,Running_Log_2021.xlsx
2021-01-23,2021,1,23,6,7.0,41.0,351.42857142857144,5.0,4.0,clear,dry,,afternoon,Hoka Clifton 7,centennial,,Unknown,solo,rec@5:51,recovery,351.0,,,,0,2020,Running_Log_2021.xlsx
2021-01-24,2021,1,24,7,7.1,44.0,371.830985915493,7.0,5.0,overcast,dry,,morning,Hoka Clifton 7,mccabe,,Unknown,solo,rec@6:11,recovery,371.0,,,,0,2020,Running_Log_2021.xlsx
2021-01-25,2021,1,25,1,7.1,42.0,354.92957746478874,13.0,4.0,heavy rain,wet,,late,Hoka Clifton 7,mccabe,,Unknown,solo,rec@5:54,recovery,354.0,,,,0,2020,Running_Log_2021.xlsx
2021-01-26,2021,1,26,2,5.7,34.0,357.89473684210526,10.0,5.0,clear,dry,,morning,Hoka Clifton 7,centennial,,Unknown,solo,rec@5:57,recovery,357.0,,,,0,2020,Running_Log_2021.xlsx
2021-03-05,2021,3,64,5,3.1,18.0,348.38709677419354,4.0,5.0,clear,dry,,morning,Hoka Clifton 7,centennial,,Unknown,solo,rec@5:48,recovery,348.0,,,,0,2020,Running_Log_2021.xlsx
2021-04-05,2021,4,95,1,3.1,17.0,329.0322580645161,25.0,1.0,clear,dry,,afternoon,Hoka Clifton 7,centennial,,Unknown,solo,rec@5:29,recovery,329.0,,,,0,2020,Running_Log_2021.xlsx
2021-04-08,2021,4,98,4,7.1,46.0,388.7323943661972,23.0,5.0,clear,dry,,afternoon,Hoka Clifton 7,mccabe,,Unknown,solo,rec@6:28,recovery,388.0,,,,0,2020,Running_Log_2021.xlsx
2021-04-10,2021,4,100,6,5.7,36.0,378.9473684210526,17.0,4.0,cloudy,wet,,afternoon,Hoka Clifton 7,centennial,,Unknown,solo,rec@6:18,recovery,378.0,,,,0,2020,Running_Log_2021.xlsx
2021-04-12,2021,4,102,1,7.1,48.0,405.63380281690144,16.0,5.0,clear,dry,,morning,Hoka Clifton 7,mccabe,,Unknown,solo,rec@6:45,recovery,405.0,,,,0,2020,Running_Log_2021.xlsx
2021-04-14,2021,4,104,3,7.1,44.0,371.830985915493,15.0,4.0,cloudy,dry,,morning,Hoka Clifton 7,mccabe,,Unknown,solo,rec@6:11,recovery,371.0,,,,0,2020,Running_Log_2021.xlsx
2021-04-16,2021,4,106,5,7.1,45.0,380.2816901408451,14.0,4.0,clear,dry,,morning,Hoka Clifton 7,mccabe,,Unknown,solo,rec@6:20,recovery,380.0,,,,0,2020,Running_Log_2021.xlsx
2021-04-17,2021,4,107,6,5.7,35.0,368.42105263157896,16.0,4.0,clear,dry,,afternoon,Hoka Clifton 7,centennial,,Unknown,solo,rec@6:08,recovery,368.0,,,,0,2020,Running_Log_2021.xlsx
2021-04-19,2021,4,109,1,9.4,57.0,363.82978723404256,16.0,4.0,clear,dry,,morning,Saucony Endorphin 2,rose park,,Track,solo,"13j, 4600f@5:04 (5:00 rest/mi), 15j",fartlek,,4600.0,304.0,fartlek,0,2020,Running_Log_2021.xlsx
2021-04-21,2021,4,111,3,7.1,45.0,380.2816901408451,8.0,3.0,cloudy,dry,,afternoon,Hoka Clifton 7,mccabe,,Unknown,solo,rec@6:20,recovery,380.0,,,,0,2020,Running_Log_2021.xlsx
2021-04-23,2021,4,113,5,14.5,88.0,364.13793103448273,9.0,4.0,light rain,wet,,morning,Hoka Clifton 7,belle meade,,Unknown,solo,long@6:04,long,364.0,,,,0,2020,Running_Log_2021.xlsx
2021-04-25,2021,4,115,7,5.7,34.0,357.89473684210526,20.0,3.0,clear,dry,,afternoon,Hoka Clifton 7,centennial,,Unknown,solo,rec@5:57,recovery,357.0,,,,0,2020,Running_Log_2021.xlsx
2021-04-26,2021,4,116,1,7.7,45.0,350.64935064935065,22.0,4.0,clear,dry,,morning,Saucony Endorphin 2,rose park,,Track,solo,"13j, 5000t@5:35 (0:00 rest/mi), 14j",tempo,,5000.0,335.0,tempo,0,2020,Running_Log_2021.xlsx
2021-04-28,2021,4,118,3,7.1,45.0,380.2816901408451,20.0,4.0,overcast,wet,,morning,Hoka Clifton 7,mccabe,,Unknown,solo,rec@6:20,recovery,380.0,,,,0,2020,Running_Log_2021.xlsx
2021-04-30,2021,4,120,5,15.0,88.0,352.0,21.0,3.0,clear,dry,,morning,Hoka Clifton 7,belle meade,,Unknown,solo,long@5:52,long,352.0,,,,0,2020,Running_Log_2021.xlsx
2021-05-01,2021,5,121,6,7.1,44.0,371.830985915493,21.0,4.0,clear,dry,,morning,Hoka Clifton 7,mccabe,,Unknown,solo,rec@6:11,recovery,371.0,,,,0,2020,Running_Log_2021.xlsx
2021-05-03,2021,5,123,1,8.6,51.0,355.81395348837214,22.0,4.0,cloudy,wet,,afternoon,Hoka Clifton 7,love circle,,Unknown,solo,"13j, 24hc-5x lc, 14j",hill_cont,,,,,0,2020,Running_Log_2021.xlsx
2021-05-04,2021,5,124,2,5.7,34.0,357.89473684210526,22.0,4.0,clear,dry,,afternoon,Hoka Clifton 7,centennial,,Unknown,solo,rec@5:57,recovery,357.0,,,,0,2020,Running_Log_2021.xlsx
2021-05-05,2021,5,125,3,7.1,43.0,363.38028169014086,17.0,4.0,cloudy,dry,,afternoon,Hoka Clifton 7,mccabe,,Unknown,solo,rec@6:03,recovery,363.0,,,,0,2020,Running_Log_2021.xlsx
2021-05-07,2021,5,127,5,15.2,86.0,339.47368421052636,16.0,4.0,clear,dry,,morning,Hoka Clifton 7,belle meade,,Unknown,solo,long@5:39,long,339.0,,,,0,2020,Running_Log_2021.xlsx
2021-05-08,2021,5,128,6,7.1,44.0,371.830985915493,17.0,4.0,cloudy,dry,,afternoon,Hoka Clifton 7,mccabe,,Unknown,solo,rec@6:11,recovery,371.0,,,,0,2020,Running_Log_2021.xlsx
2021-05-10,2021,5,130,1,7.7,42.0,327.27272727272725,12.0,5.0,cloudy,dry,,afternoon,Saucony Endorphin 2,rose park,,Track,solo,"13j, 5000 race@16:41, 13j [Time trial]",race,,,,,1,2020,Running_Log_2021.xlsx
2021-05-11,2021,5,131,2,5.7,34.0,357.89473684210526,17.0,3.0,clear,dry,,morning,Hoka Clifton 7,centennial,,Unknown,solo,rec@5:57,recovery,357.0,,,,0,2020,Running_Log_2021.xlsx
2021-05-12,2021,5,132,3,7.1,42.0,354.92957746478874,17.0,5.0,clear,dry,,afternoon,Hoka Clifton 7,mccabe,,Unknown,solo,rec@5:54,recovery,354.0,,,,0,2020,Running_Log_2021.xlsx
2021-05-14,2021,5,134,5,15.8,86.0,326.5822784810126,21.0,4.0,clear,dry,,morning,Hoka Clifton 7,belle meade,,Unknown,solo,long@5:26,long,326.0,,,,0,2020,Running_Log_2021.xlsx
2021-05-15,2021,5,135,6,7.1,44.0,371.830985915493,24.0,5.0,clear,dry,,afternoon,Hoka Clifton 7,mccabe,,Unknown,solo,rec@6:11,recovery,371.0,,,,0,2020,Running_Log_2021.xlsx
2021-05-17,2021,5,137,1,8.6,51.0,355.81395348837214,25.0,6.0,cloudy,dry,,afternoon,Hoka Clifton 7,love circle,,Unknown,solo,"14j, 23hc-5x lc, 14j",hill_cont,,,,,0,2020,Running_Log_2021.xlsx
2021-05-18,2021,5,138,2,5.7,33.0,347.36842105263156,23.0,4.0,cloudy,dry,,morning,Hoka Clifton 7,centennial,,Unknown,solo,rec@5:47,recovery,347.0,,,,0,2020,Running_Log_2021.xlsx
2021-05-22,2021,5,142,6,7.1,44.0,371.830985915493,29.0,4.0,cloudy,dry,,afternoon,Hoka Clifton 7,mccabe,,Unknown,solo,rec@6:11,recovery,371.0,,,,0,2020,Running_Log_2021.xlsx
2021-05-24,2021,5,144,1,7.1,43.0,363.38028169014086,30.0,4.0,clear,dry,,morning,Hoka Clifton 7,mccabe,,Unknown,solo,rec@6:03,recovery,363.0,,,,0,2020,Running_Log_2021.xlsx
2021-05-25,2021,5,145,2,8.6,51.0,355.81395348837214,28.0,5.0,clear,dry,,late,Hoka Clifton 7,love circle,,Unknown,solo,"13j, 24hc-5x lc, 14j",hill_cont,,,,,0,2020,Running_Log_2021.xlsx
2021-05-26,2021,5,146,3,7.1,44.0,371.830985915493,27.0,4.0,cloudy,dry,,morning,Hoka Clifton 7,mccabe,,Unknown,solo,rec@6:11,recovery,371.0,,,,0,2020,Running_Log_2021.xlsx
2021-05-27,2021,5,147,4,5.7,34.0,357.89473684210526,26.0,4.0,clear,dry,,morning,Hoka Clifton 7,centennial,,Unknown,solo,rec@5:57,recovery,357.0,,,,0,2020,Running_Log_2021.xlsx
2021-05-28,2021,5,148,5,15.7,88.0,336.30573248407643,21.0,5.0,light rain,wet,,morning,Hoka Clifton 7,belle meade,,Unknown,solo,long@5:36,long,336.0,,,,0,2020,Running_Log_2021.xlsx
2021-05-29,2021,5,149,6,7.1,39.0,329.5774647887324,14.0,4.0,cloudy,dry,,afternoon,Nike Vaporfly Next%,mccabe,,Unknown,solo,rec@5:29,recovery,329.0,,,,0,2020,Running_Log_2021.xlsx
2021-05-31,2021,5,151,1,7.1,44.0,371.830985915493,23.0,4.0,clear,dry,,afternoon,Hoka Clifton 7,mccabe,,Unknown,solo,rec@6:11,recovery,371.0,,,,0,2020,Running_Log_2021.xlsx
2021-06-01,2021,6,152,2,12.6,75.0,357.14285714285717,25.0,4.0,cloudy,dry,,afternoon,Saucony Endorphin 2,rose park,,Track,solo,"13j, 10000i@5:25 (3:00 rest/mi), 14j",interval,,10000.0,325.0,interval,0,2020,Running_Log_2021.xlsx
2021-06-03,2021,6,154,4,5.7,34.0,357.89473684210526,25.0,4.0,cloudy,dry,,afternoon,Hoka Clifton 7,centennial,,Unknown,solo,rec@5:57,recovery,357.0,,,,0,2020,Running_Log_2021.xlsx
2021-06-05,2021,6,156,6,7.1,44.0,371.830985915493,30.0,4.0,clear,dry,,morning,Hoka Clifton 7,mccabe,,Unknown,solo,rec@6:11,recovery,371.0,,,,0,2020,Running_Log_2021.xlsx
2021-06-07,2021,6,158,1,10.9,64.0,352.29357798165137,25.0,4.0,cloudy,dry,,late,Saucony Endorphin 2,rose park,,Track,solo,"13j, 5000r@4:41 (6:00 rest/mi), 13j",rep,,5000.0,281.0,rep,0,2020,Running_Log_2021.xlsx
2021-06-08,2021,6,159,2,5.7,38.0,400.0,24.0,4.0,cloudy,dry,,morning,Hoka Clifton 7,centennial,,Unknown,solo,rec@6:40,recovery,400.0,,,,0,2020,Running_Log_2021.xlsx
2021-06-09,2021,6,160,3,8.6,52.0,362.7906976744186,24.0,4.0,light rain,wet,,afternoon,Hoka Clifton 7,love circle,,Unknown,solo,"13j, 25hc-5x lc, 14j",hill_cont,,,,,0,2020,Running_Log_2021.xlsx
2021-06-10,2021,6,161,4,5.7,36.0,378.9473684210526,23.0,5.0,cloudy,dry,,morning,Hoka Clifton 7,centennial,,Unknown,solo,rec@6:18,recovery,378.0,,,,0,2020,Running_Log_2021.xlsx
2021-06-11,2021,6,162,5,14.1,87.0,370.21276595744683,23.0,4.0,overcast,wet,,morning,Hoka Clifton 7,belle meade,,Unknown,solo,long@6:10,long,370.0,,,,0,2020,Running_Log_2021.xlsx
2021-06-12,2021,6,163,6,7.1,47.0,397.1830985915493,29.0,4.0,clear,dry,,morning,Hoka Clifton 7,mccabe,,Unknown,solo,rec@6:37,recovery,397.0,,,,0,2020,Running_Log_2021.xlsx
2021-06-14,2021,6,165,1,10.1,58.0,344.5544554455446,29.0,4.0,clear,dry,,late,Saucony Endorphin 2,rose park,,Track,solo,"13j, 6800i@5:19 (3:00 rest/mi), 14j",interval,,6800.0,319.0,interval,0,2020,Running_Log_2021.xlsx
2021-06-15,2021,6,166,2,5.7,35.0,368.42105263157896,25.0,4.0,clear,dry,,morning,Hoka Clifton 7,centennial,,Unknown,solo,rec@6:08,recovery,368.0,,,,0,2020,Running_Log_2021.xlsx
2021-06-16,2021,6,167,3,8.6,52.0,362.7906976744186,25.0,4.0,clear,dry,,late,Hoka Clifton 7,love circle,,Unknown,solo,"14j, 24hc-5x lc, 14j",hill_cont,,,,,0,2020,Running_Log_2021.xlsx
2021-06-17,2021,6,168,4,7.1,46.0,388.7323943661972,28.0,4.0,clear,dry,,morning,Hoka Clifton 7,mccabe,,Unknown,solo,rec@6:28,recovery,388.0,,,,0,2020,Running_Log_2021.xlsx
2021-06-18,2021,6,169,5,15.1,87.0,345.6953642384106,26.0,4.0,clear,dry,,morning,Hoka Clifton 7,belle meade,,Unknown,solo,long@5:45,long,345.0,,,,0,2020,Running_Log_2021.xlsx
2021-06-19,2021,6,170,6,5.7,36.0,378.9473684210526,29.0,4.0,cloudy,dry,,afternoon,Hoka Clifton 7,centennial,,Unknown,solo,rec@6:18,recovery,378.0,,,,0,2020,Running_Log_2021.xlsx
2021-06-21,2021,6,172,1,7.1,43.0,363.38028169014086,25.0,4.0,cloudy,dry,,afternoon,Hoka Clifton 7,mccabe,,Unknown,solo,rec@6:03,recovery,363.0,,,,0,2020,Running_Log_2021.xlsx
2021-06-22,2021,6,173,2,7.7,44.0,342.85714285714283,22.0,4.0,clear,dry,,late,Saucony Endorphin 2,rose park,,Track,solo,"13j, 5000 race@16:45, 14j [Time trial]",race,,,,,1,2020,Running_Log_2021.xlsx
2021-06-23,2021,6,174,3,5.7,35.0,368.42105263157896,23.0,4.0,clear,dry,,morning,Hoka Clifton 7,centennial,,Unknown,solo,rec@6:08,recovery,368.0,,,,0,2020,Running_Log_2021.xlsx
2021-06-24,2021,6,175,4,7.1,44.0,371.830985915493,27.0,3.0,clear,dry,,morning,Hoka Clifton 7,mccabe,,Unknown,solo,rec@6:11,recovery,371.0,,,,0,2020,Running_Log_2021.xlsx
2021-06-25,2021,6,176,5,5.2,30.0,346.15384615384613,27.0,4.0,clear,dry,,morning,Hoka Clifton 7,centennial,,Unknown,solo,rec@5:46,recovery,346.0,,,,0,2020,Running_Log_2021.xlsx
2021-06-26,2021,6,177,6,15.2,87.0,343.42105263157896,27.0,4.0,clear,dry,,morning,Hoka Clifton 7,belle meade,,Unknown,solo,long@5:43,long,343.0,,,,0,2020,Running_Log_2021.xlsx
2021-06-28,2021,6,179,1,9.5,59.0,372.63157894736844,22.0,3.0,clear,dry,,morning,Hoka Clifton 7,english hill,,Unknown,solo,rec@6:12,recovery,372.0,,,,0,2020,Running_Log_2021.xlsx
2021-06-29,2021,6,180,2,5.1,31.0,364.7058823529412,24.0,3.0,clear,dry,,morning,Hoka Clifton 7,nike>nature,,Unknown,solo,rec@6:04,recovery,364.0,,,,0,2020,Running_Log_2021.xlsx
2021-06-30,2021,6,181,3,8.6,48.0,334.8837209302326,21.0,4.0,cloudy,dry,,late,New Balance spikes,shoreline,,Track,solo,"12j, 5rec/t, 5000 race@16:39, 14j",race,,,,,1,2020,Running_Log_2021.xlsx
2021-07-01,2021,7,182,4,6.4,39.0,365.625,23.0,6.0,cloudy,dry,,afternoon,Hoka Clifton 7,suburbia,,Unknown,solo,rec@6:05,recovery,365.0,,,,0,2020,Running_Log_2021.xlsx
2021-07-02,2021,7,183,5,5.8,36.0,372.4137931034483,19.0,5.0,cloudy,dry,,morning,Hoka Clifton 7,nike>powerline,,Unknown,solo,rec@6:12,recovery,372.0,,,,0,2020,Running_Log_2021.xlsx
2021-07-04,2021,7,185,7,8.4,50.0,357.1428571428571,19.0,4.0,clear,dry,,morning,Nike Vaporfly Next%,carnation,,Unknown,solo,"14j, 5rec/t, 5000 race@16:57, 14j",race,,,,,1,2020,Running_Log_2021.xlsx
2021-07-05,2021,7,186,1,10.0,59.0,354.0,20.0,5.0,cloudy,dry,,afternoon,Hoka Clifton 7,english hill,,Unknown,solo,rec@5:54,recovery,354.0,,,,0,2020,Running_Log_2021.xlsx
2021-07-06,2021,7,187,2,5.1,33.0,388.2352941176471,17.0,4.0,cloudy,dry,,morning,Hoka Clifton 7,nike>nature,,Unknown,solo,rec@6:28,recovery,388.0,,,,0,2020,Running_Log_2021.xlsx
2021-07-07,2021,7,188,3,7.4,41.0,332.4324324324324,18.0,4.0,cloudy,dry,,late,Nike Vaporfly Next%,shoreline,,Track,solo,"12j, 5rec/t, 3000 race@9:21.94, 15j",race,,,,,1,2020,Running_Log_2021.xlsx
2021-07-08,2021,7,189,4,5.8,38.0,393.1034482758621,16.0,4.0,cloudy,dry,,morning,Hoka Clifton 7,nike>powerline,,Unknown,solo,rec@6:33,recovery,393.0,,,,0,2020,Running_Log_2021.xlsx
2021-07-09,2021,7,190,5,15.3,90.0,352.94117647058823,19.0,5.0,clear,dry,,morning,Hoka Clifton 7,river trail,,Unknown,solo,long@5:52,long,352.0,,,,0,2020,Running_Log_2021.xlsx
2021-07-10,2021,7,191,6,6.4,42.0,393.75,22.0,4.0,clear,dry,,morning,Hoka Clifton 7,suburbia,,Unknown,solo,rec@6:33,recovery,393.0,,,,0,2020,Running_Log_2021.xlsx
2021-07-11,2021,7,192,7,12.6,74.0,352.3809523809524,17.0,4.0,clear,dry,,morning,Nike Vaporfly Next%,rhs track,,Track,solo,"15j, 10000i@5:14 (3:00 rest/mi), 15j",interval,,10000.0,314.0,interval,0,2020,Running_Log_2021.xlsx
2021-07-13,2021,7,194,2,5.1,34.0,400.0,18.0,4.0,clear,dry,,morning,Hoka Clifton 7,nike>nature,,Unknown,solo,rec@6:40,recovery,400.0,,,,0,2020,Running_Log_2021.xlsx
2021-07-14,2021,7,195,3,11.7,65.0,333.33333333333337,19.0,5.0,clear,dry,,late,Nike Vaporfly Next%,shoreline,,Track,solo,"12j, 5rec/t, 10000 race@33:10, 15j",race,,,,,1,2020,Running_Log_2021.xlsx
2021-07-15,2021,7,196,4,5.8,39.0,403.44827586206895,15.0,5.0,clear,dry,,morning,Hoka Clifton 7,nike>powerline,,Unknown,solo,rec@6:43,recovery,403.0,,,,0,2020,Running_Log_2021.xlsx
2021-07-16,2021,7,197,5,13.8,89.0,386.95652173913044,16.0,4.0,cloudy,dry,,morning,Hoka Clifton 7,watershed,,Unknown,solo,long@6:26,long,386.0,,,,0,2020,Running_Log_2021.xlsx
2021-07-17,2021,7,198,6,6.4,40.0,375.0,23.0,5.0,clear,dry,,afternoon,Hoka Clifton 7,suburbia,,Unknown,solo,rec@6:15,recovery,375.0,,,,0,2020,Running_Log_2021.xlsx
2021-07-18,2021,7,199,7,7.9,48.0,364.55696202531647,17.0,4.0,clear,dry,,morning,Hoka Clifton 7,rhs track,,Track,solo,"14j, 3100f@5:05 (0:00 rest/mi), 15j",fartlek,,3100.0,305.0,fartlek,0,2020,Running_Log_2021.xlsx
2021-07-20,2021,7,201,2,5.8,34.0,351.7241379310345,16.0,4.0,light rain,wet,,morning,Hoka Clifton 7,nike>powerline,,Unknown,solo,rec@5:51,recovery,351.0,,,,0,2020,Running_Log_2021.xlsx
2021-07-21,2021,7,202,3,9.3,51.0,329.0322580645161,16.0,5.0,cloudy,dry,,late,New Balance spikes,shoreline,,Track,solo,"12j, 5rec/t, 1500 race@4:20, 3j, 2x400@60/66, 3000 race@9:48, 15j",race,,,,,4,2020,Running_Log_2021.xlsx
2021-07-22,2021,7,203,4,6.4,43.0,403.125,18.0,4.0,clear,dry,,morning,Hoka Clifton 7,suburbia,,Unknown,solo,rec@6:43,recovery,403.0,,,,0,2020,Running_Log_2021.xlsx
2021-07-23,2021,7,204,5,5.1,32.0,376.47058823529414,12.0,3.0,clear,dry,,morning,Hoka Clifton 7,nike>nature,,Unknown,solo,rec@6:16,recovery,376.0,,,,0,2020,Running_Log_2021.xlsx
2021-07-24,2021,7,205,6,5.3,34.0,384.9056603773585,28.0,5.0,clear,dry,,afternoon,Hoka Clifton 7,nike>powerline,,Unknown,solo,rec@6:24,recovery,384.0,,,,0,2020,Running_Log_2021.xlsx
2021-07-26,2021,7,207,1,7.1,44.0,371.830985915493,28.0,4.0,clear,dry,,morning,Hoka Clifton 7,mccabe,,Unknown,solo,rec@6:11,recovery,371.0,,,,0,2020,Running_Log_2021.xlsx
2021-07-27,2021,7,208,2,6.2,38.0,367.741935483871,28.0,4.0,clear,dry,,morning,Hoka Clifton 7,centennial,,Unknown,solo,rec@6:07,recovery,367.0,,,,0,2020,Running_Log_2021.xlsx
2021-07-28,2021,7,209,3,5.2,32.0,369.2307692307692,29.0,4.0,clear,dry,,morning,Hoka Clifton 7,centennial,,Unknown,solo,rec@6:09,recovery,369.0,,,,0,2020,Running_Log_2021.xlsx
2021-07-29,2021,7,210,4,7.1,44.0,371.830985915493,30.0,4.0,clear,dry,,morning,Hoka Clifton 7,mccabe,,Unknown,solo,rec@6:11,recovery,371.0,,,,0,2020,Running_Log_2021.xlsx
2021-07-30,2021,7,211,5,5.2,31.0,357.6923076923077,28.0,5.0,clear,dry,,morning,Hoka Clifton 7,centennial,,Unknown,solo,rec@5:57,recovery,357.0,,,,0,2020,Running_Log_2021.xlsx
2021-07-31,2021,7,212,6,7.1,44.0,371.830985915493,30.0,4.0,clear,dry,,morning,Hoka Clifton 7,mccabe,,Unknown,solo,rec@6:11,recovery,371.0,,,,0,2020,Running_Log_2021.xlsx
2021-08-01,2021,8,213,7,5.2,31.0,357.6923076923077,23.0,4.0,cloudy,wet,,morning,Hoka Clifton 7,centennial,,Unknown,solo,rec@5:57,recovery,357.0,,,,0,2020,Running_Log_2021.xlsx
2021-08-02,2021,8,214,1,5.2,31.0,357.6923076923077,23.0,4.0,clear,dry,,morning,Hoka Clifton 7,centennial,,Unknown,solo,rec@5:57,recovery,357.0,,,,0,2020,Running_Log_2021.xlsx
2021-08-03,2021,8,215,2,8.6,49.0,341.8604651162791,24.0,5.0,clear,dry,,morning,Hoka Clifton 7,love circle,,Unknown,solo,"13j, 23hc-5x lc, 13j",hill_cont,,,,,0,2020,Running_Log_2021.xlsx
2021-08-04,2021,8,216,3,7.1,42.0,354.92957746478874,27.0,5.0,cloudy,dry,,morning,Hoka Clifton 7,mccabe,,Unknown,solo,rec@5:54,recovery,354.0,,,,0,2020,Running_Log_2021.xlsx
2021-08-05,2021,8,217,4,6.2,36.0,348.38709677419354,27.0,4.0,clear,dry,,morning,Hoka Clifton 7,centennial,,Unknown,solo,rec@5:48,recovery,348.0,,,,0,2020,Running_Log_2021.xlsx
2021-08-06,2021,8,218,5,14.9,87.0,350.33557046979865,25.0,4.0,cloudy,dry,,morning,Hoka Clifton 7,belle meade,,Unknown,solo,long@5:50,long,350.0,,,,0,2020,Running_Log_2021.xlsx
2021-08-07,2021,8,219,6,7.1,44.0,371.830985915493,26.0,4.0,clear,dry,,morning,Hoka Clifton 7,mccabe,,Unknown,solo,rec@6:11,recovery,371.0,,,,0,2020,Running_Log_2021.xlsx
2021-08-08,2021,8,220,7,6.2,38.0,367.741935483871,25.0,5.0,clear,dry,,morning,Hoka Clifton 7,centennial,,Unknown,solo,rec@6:07,recovery,367.0,,,,0,2020,Running_Log_2021.xlsx
2021-08-09,2021,8,221,1,5.2,30.0,346.15384615384613,32.0,4.0,clear,dry,,afternoon,Hoka Clifton 7,centennial,,Unknown,solo,rec@5:46,recovery,346.0,,,,0,2020,Running_Log_2021.xlsx
2021-08-10,2021,8,222,2,8.6,51.0,355.81395348837214,29.0,4.0,clear,dry,,morning,Hoka Clifton 7,love circle,,Unknown,solo,"14j, 23hc-5x lc, 14j",hill_cont,,,,,0,2020,Running_Log_2021.xlsx
2021-08-11,2021,8,223,3,5.2,31.0,357.6923076923077,30.0,4.0,clear,dry,,morning,Hoka Clifton 7,centennial,,Unknown,solo,rec@5:57,recovery,357.0,,,,0,2020,Running_Log_2021.xlsx
2021-08-12,2021,8,224,4,5.2,30.0,346.15384615384613,28.0,4.0,clear,dry,,morning,Hoka Clifton 7,centennial,,Unknown,solo,rec@5:46,recovery,346.0,,,,0,2020,Running_Log_2021.xlsx
2021-08-13,2021,8,225,5,15.6,86.0,330.7692307692308,25.0,3.0,cloudy,dry,,morning,Hoka Clifton 7,belle meade,,Unknown,solo,long@5:30,long,330.0,,,,0,2020,Running_Log_2021.xlsx
2021-08-14,2021,8,226,6,7.1,45.0,380.2816901408451,26.0,5.0,cloudy,dry,,morning,Hoka Clifton 7,mccabe,,Unknown,solo,rec@6:20,recovery,380.0,,,,0,2020,Running_Log_2021.xlsx
2021-08-15,2021,8,227,7,5.2,32.0,369.2307692307692,23.0,4.0,cloudy,dry,,morning,Hoka Clifton 7,centennial,,Unknown,solo,rec@6:09,recovery,369.0,,,,0,2020,Running_Log_2021.xlsx
2021-08-16,2021,8,228,1,7.1,44.0,371.830985915493,23.0,4.0,cloudy,dry,,morning,Hoka Clifton 7,mccabe,,Unknown,solo,rec@6:11,recovery,371.0,,,,0,2020,Running_Log_2021.xlsx
2021-08-17,2021,8,229,2,8.6,46.0,320.93023255813955,25.0,4.0,cloudy,dry,,morning,Nike Vaporfly Next%,rose park,,Track,solo,"12j, 5000i@4:55 (3:00 rest/mi), 13j",interval,,5000.0,295.0,interval,0,2020,Running_Log_2021.xlsx
2021-08-18,2021,8,230,3,6.2,37.0,358.06451612903226,28.0,3.0,cloudy,dry,,morning,Hoka Clifton 7,centennial,,Unknown,solo,rec@5:58,recovery,358.0,,,,0,2020,Running_Log_2021.xlsx
2021-08-19,2021,8,231,4,5.2,29.0,334.6153846153846,24.0,4.0,cloudy,dry,,morning,Hoka Clifton 8,centennial,,Unknown,solo,rec@5:34,recovery,334.0,,,,0,2020,Running_Log_2021.xlsx
2021-08-20,2021,8,232,5,16.3,87.0,320.2453987730061,25.0,4.0,cloudy,dry,,morning,Nike Alphafly Next%,belle meade,,Unknown,solo,long@5:20,long,320.0,,,,0,2020,Running_Log_2021.xlsx
2021-08-21,2021,8,233,6,7.1,45.0,380.2816901408451,24.0,4.0,overcast,wet,,morning,Hoka Clifton 8,mccabe,,Unknown,solo,rec@6:20,recovery,380.0,,,,0,2020,Running_Log_2021.xlsx
2021-08-22,2021,8,234,7,5.2,31.0,357.6923076923077,24.0,4.0,cloudy,dry,,morning,Hoka Clifton 8,centennial,,Unknown,solo,rec@5:57,recovery,357.0,,,,0,2020,Running_Log_2021.xlsx
2021-08-23,2021,8,235,1,7.1,44.0,371.830985915493,28.0,4.0,clear,dry,,morning,Hoka Clifton 8,mccabe,,Unknown,solo,rec@6:11,recovery,371.0,,,,0,2020,Running_Log_2021.xlsx
2021-08-24,2021,8,236,2,5.2,31.0,357.6923076923077,30.0,3.0,clear,dry,,morning,Hoka Clifton 8,centennial,,Unknown,solo,rec@5:57,recovery,357.0,,,,0,2020,Running_Log_2021.xlsx
2021-08-25,2021,8,237,3,8.6,52.0,362.7906976744186,29.0,5.0,clear,dry,,morning,Hoka Clifton 8,love circle,,Unknown,solo,"14j, 24hc-5x lc, 14j",hill_cont,,,,,0,2020,Running_Log_2021.xlsx
2021-08-26,2021,8,238,4,5.2,31.0,357.6923076923077,30.0,4.0,clear,dry,,morning,Hoka Clifton 8,centennial,,Unknown,solo,rec@5:57,recovery,357.0,,,,0,2020,Running_Log_2021.xlsx
2021-08-27,2021,8,239,5,15.2,86.0,339.47368421052636,26.0,4.0,clear,dry,,morning,Hoka Clifton 8,belle meade,,Unknown,solo,long@5:39,long,339.0,,,,0,2020,Running_Log_2021.xlsx
2021-08-28,2021,8,240,6,5.2,31.0,357.6923076923077,29.0,4.0,cloudy,dry,,morning,Hoka Clifton 8,centennial,,Unknown,solo,rec@5:57,recovery,357.0,,,,0,2020,Running_Log_2021.xlsx
2021-08-29,2021,8,241,7,7.1,45.0,380.2816901408451,25.0,4.0,clear,dry,,morning,Hoka Clifton 8,mccabe,,Unknown,solo,rec@6:20,recovery,380.0,,,,0,2020,Running_Log_2021.xlsx
2021-08-30,2021,8,242,1,7.1,43.0,363.38028169014086,25.0,4.0,cloudy,dry,,morning,Hoka Clifton 8,mccabe,,Unknown,solo,rec@6:03,recovery,363.0,,,,0,2020,Running_Log_2021.xlsx
2021-08-31,2021,8,243,2,8.6,49.0,341.8604651162791,22.0,3.0,light rain,wet,,morning,Hoka Clifton 8,love circle,,Unknown,solo,"13j, 23hc-5x lc, 13j",hill_cont,,,,,0,2020,Running_Log_2021.xlsx
2021-09-01,2021,9,244,3,7.1,44.0,371.830985915493,23.0,4.0,overcast,dry,,morning,Hoka Clifton 8,mccabe,,Unknown,solo,rec@6:11,recovery,371.0,,,,0,2020,Running_Log_2021.xlsx
2021-09-02,2021,9,245,4,6.1,37.0,363.93442622950823,24.0,5.0,clear,dry,,morning,Hoka Clifton 8,centennial,,Unknown,solo,rec@6:03,recovery,363.0,,,,0,2020,Running_Log_2021.xlsx
2021-09-03,2021,9,246,5,20.5,116.0,339.5121951219512,20.0,4.0,cloudy,dry,,morning,Hoka Clifton 8,greenway,,Unknown,solo,long@5:39,long,339.0,,,,0,2020,Running_Log_2021.xlsx
2021-09-04,2021,9,247,6,7.1,45.0,380.2816901408451,26.0,4.0,clear,dry,,morning,Hoka Clifton 8,mccabe,,Unknown,solo,rec@6:20,recovery,380.0,,,,0,2020,Running_Log_2021.xlsx
2021-09-05,2021,9,248,7,6.1,38.0,373.77049180327873,22.0,5.0,light rain,wet,,morning,Hoka Clifton 8,centennial,,Unknown,solo,rec@6:13,recovery,373.0,,,,0,2020,Running_Log_2021.xlsx
2021-09-06,2021,9,249,1,7.1,41.0,346.4788732394366,27.0,5.0,clear,dry,,afternoon,Hoka Clifton 8,mccabe,,Unknown,solo,rec@5:46,recovery,346.0,,,,0,2020,Running_Log_2021.xlsx
2021-09-07,2021,9,250,2,12.6,67.0,319.04761904761904,21.0,4.0,clear,dry,,morning,Nike Vaporfly Next%,rose park,,Track,solo,"12j, 10000i@5:01 (3:00 rest/mi), 12j",interval,,10000.0,301.0,interval,0,2020,Running_Log_2021.xlsx
2021-09-08,2021,9,251,3,4.0,26.0,390.0,21.0,0.0,clear,dry,,early,Hoka Clifton 8,centennial,,Unknown,solo,rec@6:30,recovery,390.0,,,,0,2020,Running_Log_2021.xlsx
2021-09-09,2021,9,252,4,5.0,31.0,372.0,14.0,5.0,clear,dry,,morning,Hoka Clifton 7,ann arbor,,Unknown,solo,rec@6:12,recovery,372.0,,,,0,2020,Running_Log_2021.xlsx
2021-09-10,2021,9,253,5,13.6,78.0,344.11764705882354,21.0,5.0,clear,dry,,afternoon,Hoka Clifton 7,ann arbor,,Unknown,solo,long@5:44,long,344.0,,,,0,2020,Running_Log_2021.xlsx
2021-09-11,2021,9,254,6,4.9,31.0,379.59183673469386,27.0,5.0,clear,dry,,afternoon,Hoka Clifton 7,ann arbor,,Unknown,solo,rec@6:19,recovery,379.0,,,,0,2020,Running_Log_2021.xlsx
2021-09-12,2021,9,255,7,6.7,39.0,349.25373134328356,27.0,6.0,cloudy,dry,,afternoon,Hoka Clifton 7,ann arbor,,Unknown,solo,rec@5:49,recovery,349.0,,,,0,2020,Running_Log_2021.xlsx
2021-09-13,2021,9,256,1,4.1,27.0,395.12195121951225,18.0,4.0,overcast,dry,,morning,Hoka Clifton 7,ann arbor,,Unknown,solo,rec@6:35,recovery,395.0,,,,0,2020,Running_Log_2021.xlsx
2021-09-14,2021,9,257,2,6.5,39.0,360.0,24.0,6.0,cloudy,dry,,afternoon,Hoka Clifton 7,hopewell junction,,Unknown,solo,rec@6:00,recovery,360.0,,,,0,2020,Running_Log_2021.xlsx
2021-09-15,2021,9,258,3,7.1,44.0,371.830985915493,23.0,4.0,overcast,wet,,morning,Hoka Clifton 8,mccabe,,Unknown,solo,rec@6:11,recovery,371.0,,,,0,2020,Running_Log_2021.xlsx
2021-09-16,2021,9,259,4,6.1,37.0,363.93442622950823,24.0,4.0,overcast,dry,,morning,Hoka Clifton 8,centennial,,Unknown,solo,rec@6:03,recovery,363.0,,,,0,2020,Running_Log_2021.xlsx
2021-09-17,2021,9,260,5,15.6,86.0,330.7692307692308,23.0,4.0,overcast,wet,,morning,Hoka Clifton 8,belle meade,,Unknown,solo,long@5:30,long,330.0,,,,0,2020,Running_Log_2021.xlsx
2021-09-18,2021,9,261,6,7.1,42.0,354.92957746478874,23.0,5.0,overcast,wet,,afternoon,Hoka Clifton 8,mccabe,,Unknown,solo,rec@5:54,recovery,354.0,,,,0,2020,Running_Log_2021.xlsx
2021-09-19,2021,9,262,7,5.1,32.0,376.47058823529414,21.0,5.0,light rain,wet,,morning,Hoka Clifton 8,centennial,,Unknown,solo,rec@6:16,recovery,376.0,,,,0,2020,Running_Log_2021.xlsx
2021-09-20,2021,9,263,1,7.1,44.0,371.830985915493,22.0,5.0,light rain,wet,,morning,Hoka Clifton 8,mccabe,,Unknown,solo,rec@6:11,recovery,371.0,,,,0,2020,Running_Log_2021.xlsx
2021-09-21,2021,9,264,2,12.6,66.0,314.2857142857143,23.0,4.0,overcast,wet,,morning,Nike Vaporfly Next%,rose park,,Track,solo,"12j, 10000i@4:55 (3:00 rest/mi), 12j",interval,,10000.0,295.0,interval,0,2020,Running_Log_2021.xlsx
2021-09-22,2021,9,265,3,7.1,44.0,371.830985915493,18.0,4.0,cloudy,wet,,afternoon,Hoka Clifton 8,mccabe,,Unknown,solo,rec@6:11,recovery,371.0,,,,0,2020,Running_Log_2021.xlsx
2021-09-23,2021,9,266,4,5.1,32.0,376.47058823529414,13.0,4.0,clear,dry,,morning,Hoka Clifton 8,centennial,,Unknown,solo,rec@6:16,recovery,376.0,,,,0,2020,Running_Log_2021.xlsx
2021-09-24,2021,9,267,5,16.0,86.0,322.5,14.0,4.0,clear,dry,,morning,Nike Alphafly Next%,belle meade,,Unknown,solo,long@5:22,long,322.0,,,,0,2020,Running_Log_2021.xlsx
2021-09-25,2021,9,268,6,7.1,45.0,380.2816901408451,18.0,4.0,clear,dry,,morning,Hoka Clifton 8,mccabe,,Unknown,solo,rec@6:20,recovery,380.0,,,,0,2020,Running_Log_2021.xlsx
2021-09-26,2021,9,269,7,5.1,33.0,388.2352941176471,15.0,4.0,foggy,dry,,morning,Hoka Clifton 8,centennial,,Unknown,solo,rec@6:28,recovery,388.0,,,,0,2020,Running_Log_2021.xlsx
2021-09-27,2021,9,270,1,5.1,32.0,376.47058823529414,19.0,4.0,clear,dry,,morning,Hoka Clifton 8,centennial,,Unknown,solo,rec@6:16,recovery,376.0,,,,0,2020,Running_Log_2021.xlsx
2021-09-28,2021,9,271,2,12.6,67.0,319.04761904761904,20.0,4.0,clear,dry,,morning,Nike Vaporfly Next%,rose park,,Track,solo,"12j, 10000i@5:01 (3:00 rest/mi), 12j",interval,,10000.0,301.0,interval,0,2020,Running_Log_2021.xlsx
2021-09-29,2021,9,272,3,5.1,32.0,376.47058823529414,23.0,4.0,clear,dry,,morning,Hoka Clifton 8,centennial,,Unknown,solo,rec@6:16,recovery,376.0,,,,0,2020,Running_Log_2021.xlsx
2021-09-30,2021,9,273,4,7.1,45.0,380.2816901408451,23.0,4.0,cloudy,dry,,morning,Hoka Clifton 8,mccabe,,Unknown,solo,rec@6:20,recovery,380.0,,,,0,2020,Running_Log_2021.xlsx
2021-10-01,2021,10,274,5,21.5,117.0,326.51162790697674,23.0,4.0,cloudy,dry,,morning,Nike Alphafly Next%,greenway,,Unknown,solo,long@5:26,long,326.0,,,,0,2020,Running_Log_2021.xlsx
2021-10-02,2021,10,275,6,7.1,46.0,388.7323943661972,22.0,5.0,clear,dry,,morning,Hoka Clifton 8,mccabe,,Unknown,solo,rec@6:28,recovery,388.0,,,,0,2020,Running_Log_2021.xlsx
2021-10-03,2021,10,276,7,5.1,32.0,376.47058823529414,21.0,4.0,overcast,dry,,morning,Hoka Clifton 8,centennial,,Unknown,solo,rec@6:16,recovery,376.0,,,,0,2020,Running_Log_2021.xlsx
2021-10-04,2021,10,277,1,7.1,46.0,388.7323943661972,19.0,4.0,overcast,dry,,morning,Hoka Clifton 8,mccabe,,Unknown,solo,rec@6:28,recovery,388.0,,,,0,2020,Running_Log_2021.xlsx
2021-10-05,2021,10,278,2,6.1,37.0,363.93442622950823,20.0,5.0,cloudy,dry,,morning,Hoka Clifton 8,centennial,,Unknown,solo,rec@6:03,recovery,363.0,,,,0,2020,Running_Log_2021.xlsx
2021-10-06,2021,10,279,3,7.1,46.0,388.7323943661972,19.0,4.0,overcast,wet,,morning,Hoka Clifton 8,mccabe,,Unknown,solo,rec@6:28,recovery,388.0,,,,0,2020,Running_Log_2021.xlsx
2021-10-07,2021,10,280,4,6.1,37.0,363.93442622950823,20.0,5.0,cloudy,dry,,morning,Hoka Clifton 8,centennial,,Unknown,solo,rec@6:03,recovery,363.0,,,,0,2020,Running_Log_2021.xlsx
2021-10-08,2021,10,281,5,7.1,46.0,388.7323943661972,20.0,4.0,clear,dry,,morning,Hoka Clifton 8,mccabe,,Unknown,solo,rec@6:28,recovery,388.0,,,,0,2020,Running_Log_2021.xlsx
2021-10-09,2021,10,282,6,5.1,32.0,376.47058823529414,25.0,4.0,clear,dry,,morning,Hoka Clifton 8,centennial,,Unknown,solo,rec@6:16,recovery,376.0,,,,0,2020,Running_Log_2021.xlsx
2021-10-10,2021,10,283,7,4.0,26.0,390.0,20.0,4.0,clear,dry,,morning,Hoka Clifton 8,centennial,,Unknown,solo,rec@6:30,recovery,390.0,,,,0,2020,Running_Log_2021.xlsx
2021-10-11,2021,10,284,1,26.2,190.0,435.1145038167939,19.0,4.0,overcast,dry,,morning,Nike Alphafly Next%,boston,,Unknown,solo,42195 race@3:09:47,race,,,,,1,2020,Running_Log_2021.xlsx
2021-10-12,2021,10,285,2,3.0,18.0,360.0,27.0,5.0,clear,dry,,afternoon,Hoka Clifton 8,centennial,,Unknown,solo,rec@6:00,recovery,360.0,,,,0,2020,Running_Log_2021.xlsx
2021-10-13,2021,10,286,3,4.0,25.0,375.0,28.0,5.0,cloudy,dry,,afternoon,Hoka Clifton 8,centennial,,Unknown,solo,rec@6:15,recovery,375.0,,,,0,2020,Running_Log_2021.xlsx
2021-10-14,2021,10,287,4,6.1,36.0,354.09836065573774,28.0,5.0,cloudy,dry,,afternoon,Hoka Clifton 8,centennial,,Unknown,solo,rec@5:54,recovery,354.0,,,,0,2020,Running_Log_2021.xlsx
2021-10-15,2021,10,288,5,7.1,44.0,371.830985915493,26.0,5.0,cloudy,dry,,afternoon,Hoka Clifton 8,mccabe,,Unknown,solo,rec@6:11,recovery,371.0,,,,0,2020,Running_Log_2021.xlsx
2021-10-16,2021,10,289,6,7.1,42.0,354.92957746478874,17.0,4.0,clear,dry,,afternoon,Hoka Clifton 8,mccabe,,Unknown,solo,rec@5:54,recovery,354.0,,,,0,2020,Running_Log_2021.xlsx
2021-10-17,2021,10,290,7,5.1,31.0,364.7058823529412,11.0,0.0,clear,dry,,morning,Hoka Clifton 8,centennial,,Unknown,solo,rec@6:04,recovery,364.0,,,,0,2020,Running_Log_2021.xlsx
2021-10-18,2021,10,291,1,7.1,43.0,363.38028169014086,22.0,8.0,cloudy,dry,,afternoon,Hoka Clifton 8,mccabe,,Unknown,solo,rec@6:03,recovery,363.0,,,,0,2020,Running_Log_2021.xlsx
2021-10-19,2021,10,292,2,8.6,49.0,341.8604651162791,23.0,5.0,clear,dry,,afternoon,Hoka Clifton 8,love circle,,Unknown,solo,"13j, 23hc-5x lc, 13j",hill_cont,,,,,0,2020,Running_Log_2021.xlsx
2021-10-20,2021,10,293,3,5.1,31.0,364.7058823529412,13.0,4.0,clear,dry,,morning,Hoka Clifton 8,centennial,,Unknown,solo,rec@6:04,recovery,364.0,,,,0,2020,Running_Log_2021.xlsx
2021-10-21,2021,10,294,4,5.1,30.0,352.94117647058823,23.0,4.0,clear,dry,,afternoon,Hoka Clifton 8,centennial,,Unknown,solo,rec@5:52,recovery,352.0,,,,0,2020,Running_Log_2021.xlsx
2021-10-22,2021,10,295,5,16.2,85.0,314.81481481481484,11.0,4.0,overcast,dry,,morning,Hoka Clifton 8,belle meade,,Unknown,solo,long@5:14,long,314.0,,,,0,2020,Running_Log_2021.xlsx
2021-10-23,2021,10,296,6,7.1,44.0,371.830985915493,19.0,5.0,cloudy,dry,,afternoon,Hoka Clifton 8,mccabe,,Unknown,solo,rec@6:11,recovery,371.0,,,,0,2020,Running_Log_2021.xlsx
2021-10-24,2021,10,297,7,5.1,32.0,376.47058823529414,21.0,6.0,cloudy,dry,,morning,Hoka Clifton 8,centennial,,Unknown,solo,rec@6:16,recovery,376.0,,,,0,2020,Running_Log_2021.xlsx
2021-10-25,2021,10,298,1,7.1,44.0,371.830985915493,19.0,6.0,cloudy,dry,,afternoon,Hoka Clifton 8,mccabe,,Unknown,solo,rec@6:11,recovery,371.0,,,,0,2020,Running_Log_2021.xlsx
2021-10-26,2021,10,299,2,12.6,67.0,319.04761904761904,14.0,6.0,clear,dry,,afternoon,Nike Vaporfly Next%,rose park,,Track,solo,"12j, 10000i@5:01 (3:00 rest/mi), 12j",interval,,10000.0,301.0,interval,0,2020,Running_Log_2021.xlsx
2021-10-27,2021,10,300,3,5.1,33.0,388.2352941176471,10.0,4.0,clear,dry,,morning,Hoka Clifton 8,centennial,,Unknown,solo,rec@6:28,recovery,388.0,,,,0,2020,Running_Log_2021.xlsx
2021-10-28,2021,10,301,4,7.1,44.0,371.830985915493,14.0,5.0,overcast,wet,,morning,Hoka Clifton 8,mccabe,,Unknown,solo,rec@6:11,recovery,371.0,,,,0,2020,Running_Log_2021.xlsx
2021-10-29,2021,10,302,5,20.3,118.0,348.76847290640393,11.0,5.0,overcast,wet,,morning,Hoka Clifton 8,greenway,,Unknown,solo,long@5:48,long,348.0,,,,0,2020,Running_Log_2021.xlsx
2021-10-30,2021,10,303,6,7.1,43.0,363.38028169014086,11.0,4.0,light rain,wet,,morning,Hoka Clifton 8,mccabe,,Unknown,solo,rec@6:03,recovery,363.0,,,,0,2020,Running_Log_2021.xlsx
2021-10-31,2021,10,304,7,5.1,29.0,341.1764705882353,16.0,4.0,clear,dry,,afternoon,Hoka Clifton 8,centennial,,Unknown,solo,rec@5:41,recovery,341.0,,,,0,2020,Running_Log_2021.xlsx
2021-11-01,2021,11,305,1,7.1,45.0,380.2816901408451,9.0,4.0,clear,dry,,morning,Hoka Clifton 8,mccabe,,Unknown,solo,rec@6:20,recovery,380.0,,,,0,2020,Running_Log_2021.xlsx
2021-11-02,2021,11,306,2,8.6,48.0,334.8837209302326,7.0,4.0,cloudy,dry,,morning,Hoka Clifton 8,love circle,,Unknown,solo,"13j, 22hc-5x lc, 13j",hill_cont,,,,,0,2020,Running_Log_2021.xlsx
2021-11-03,2021,11,307,3,7.1,42.0,354.92957746478874,6.0,4.0,cloudy,dry,,morning,Hoka Clifton 8,mccabe,,Unknown,solo,rec@5:54,recovery,354.0,,,,0,2020,Running_Log_2021.xlsx
2021-11-04,2021,11,308,4,6.1,35.0,344.26229508196724,10.0,6.0,clear,dry,,afternoon,Hoka Clifton 8,centennial,,Unknown,solo,rec@5:44,recovery,344.0,,,,0,2020,Running_Log_2021.xlsx
2021-11-05,2021,11,309,5,17.0,85.0,300.0,2.0,4.0,clear,dry,,early,Nike Alphafly Next%,belle meade,,Unknown,solo,long@5:00,long,300.0,,,,0,2020,Running_Log_2021.xlsx
2021-11-06,2021,11,310,6,5.1,30.0,352.94117647058823,8.0,5.0,clear,dry,,morning,Hoka Clifton 8,centennial,,Unknown,solo,rec@5:52,recovery,352.0,,,,0,2020,Running_Log_2021.xlsx
2021-11-07,2021,11,311,7,4.0,25.0,375.0,6.0,5.0,clear,dry,,morning,Hoka Clifton 8,centennial,,Unknown,solo,rec@6:15,recovery,375.0,,,,0,2020,Running_Log_2021.xlsx
2021-11-08,2021,11,312,1,5.1,32.0,376.47058823529414,8.0,4.0,clear,dry,,morning,Hoka Clifton 8,centennial,,Unknown,solo,rec@6:16,recovery,376.0,,,,0,2020,Running_Log_2021.xlsx
2021-11-09,2021,11,313,2,7.1,43.0,363.38028169014086,16.0,5.0,cloudy,dry,,late,Hoka Clifton 8,mccabe,,Unknown,solo,rec@6:03,recovery,363.0,,,,0,2020,Running_Log_2021.xlsx
2021-11-10,2021,11,314,3,5.1,30.0,352.94117647058823,13.0,5.0,clear,dry,,morning,Hoka Clifton 8,centennial,,Unknown,solo,rec@5:52,recovery,352.0,,,,0,2020,Running_Log_2021.xlsx
2021-11-11,2021,11,315,4,8.6,50.0,348.8372093023256,17.0,4.0,cloudy,dry,,morning,Hoka Clifton 8,love circle,,Unknown,solo,"14j, 23hc-5x lc, 13j",hill_cont,,,,,0,2020,Running_Log_2021.xlsx
2021-11-12,2021,11,316,5,5.1,29.0,341.1764705882353,16.0,4.0,clear,dry,,afternoon,Hoka Clifton 8,centennial,,Unknown,solo,rec@5:41,recovery,341.0,,,,0,2020,Running_Log_2021.xlsx
2021-11-13,2021,11,317,6,7.1,41.0,346.4788732394366,8.0,5.0,clear,dry,,afternoon,Hoka Clifton 8,mccabe,,Unknown,solo,rec@5:46,recovery,346.0,,,,0,2020,Running_Log_2021.xlsx
2021-11-14,2021,11,318,7,5.1,30.0,352.94117647058823,7.0,4.0,clear,dry,,morning,Hoka Clifton 8,centennial,,Unknown,solo,rec@5:52,recovery,352.0,,,,0,2020,Running_Log_2021.xlsx
2021-11-15,2021,11,319,1,5.1,29.0,341.1764705882353,5.0,5.0,clear,dry,,morning,Hoka Clifton 8,centennial,,Unknown,solo,rec@5:41,recovery,341.0,,,,0,2020,Running_Log_2021.xlsx
2021-11-16,2021,11,320,2,7.1,41.0,346.4788732394366,13.0,4.0,cloudy,dry,,morning,Hoka Clifton 8,mccabe,,Unknown,solo,rec@5:46,recovery,346.0,,,,0,2020,Running_Log_2021.xlsx
2021-11-17,2021,11,321,3,5.1,31.0,364.7058823529412,17.0,5.0,cloudy,dry,,morning,Hoka Clifton 8,centennial,,Unknown,solo,rec@6:04,recovery,364.0,,,,0,2020,Running_Log_2021.xlsx
2021-11-18,2021,11,322,4,5.1,30.0,352.94117647058823,10.0,5.0,cloudy,dry,,afternoon,Hoka Clifton 8,centennial,,Unknown,solo,rec@5:52,recovery,352.0,,,,0,2020,Running_Log_2021.xlsx
2021-11-19,2021,11,323,5,4.0,24.0,360.0,3.0,5.0,clear,dry,,morning,Hoka Clifton 8,centennial,,Unknown,solo,rec@6:00,recovery,360.0,,,,0,2020,Running_Log_2021.xlsx
2021-11-20,2021,11,324,6,26.2,169.0,387.0229007633588,6.0,5.0,clear,dry,,morning,Nike Alphafly Next%,greenway,,Unknown,solo,42195 race@2:48:48 [Nashville Rock 'n' Roll Marathon],race,,,,,1,2020,Running_Log_2021.xlsx
2021-11-21,2021,11,325,7,4.0,24.0,360.0,15.0,5.0,heavy rain,wet,,afternoon,Hoka Clifton 8,centennial,,Unknown,solo,rec@6:00,recovery,360.0,,,,0,2020,Running_Log_2021.xlsx
2021-11-22,2021,11,326,1,5.1,29.0,341.1764705882353,6.0,5.0,cloudy,dry,,late,Hoka Clifton 8,centennial,,Unknown,solo,rec@5:41,recovery,341.0,,,,0,2020,Running_Log_2021.xlsx
2021-11-23,2021,11,327,2,6.1,34.0,334.42622950819674,8.0,5.0,cloudy,dry,,late,Hoka Clifton 8,centennial,,Unknown,solo,rec@5:34,recovery,334.0,,,,0,2020,Running_Log_2021.xlsx
2021-11-24,2021,11,328,3,7.1,42.0,354.92957746478874,15.0,5.0,cloudy,dry,,afternoon,Hoka Clifton 8,mccabe,,Unknown,solo,rec@5:54,recovery,354.0,,,,0,2020,Running_Log_2021.xlsx
2021-11-25,2021,11,329,4,5.1,29.0,341.1764705882353,9.0,6.0,light rain,wet,,afternoon,Hoka Clifton 8,centennial,,Unknown,solo,rec@5:41,recovery,341.0,,,,0,2020,Running_Log_2021.xlsx
2021-11-26,2021,11,330,5,7.1,42.0,354.92957746478874,5.0,4.0,clear,dry,,afternoon,Hoka Clifton 8,mccabe,,Unknown,solo,rec@5:54,recovery,354.0,,,,0,2020,Running_Log_2021.xlsx
2021-11-27,2021,11,331,6,5.1,28.0,329.4117647058824,14.0,5.0,clear,dry,,afternoon,Hoka Clifton 8,centennial,,Unknown,solo,rec@5:29,recovery,329.0,,,,0,2020,Running_Log_2021.xlsx
2021-11-28,2021,11,332,7,7.1,40.0,338.02816901408454,11.0,4.0,clear,dry,,afternoon,Hoka Clifton 8,mccabe,,Unknown,solo,rec@5:38,recovery,338.0,,,,0,2020,Running_Log_2021.xlsx
2021-11-29,2021,11,333,1,5.1,29.0,341.1764705882353,10.0,5.0,clear,dry,,late,Hoka Clifton 8,centennial,,Unknown,solo,rec@5:41,recovery,341.0,,,,0,2020,Running_Log_2021.xlsx
2021-11-30,2021,11,334,2,9.1,47.0,309.8901098901099,11.0,3.0,clear,dry,,morning,Nike Vaporfly Next%,rose park,,Track,solo,"11j, 5000f@4:37 (3:00 rest/mi), 13j",fartlek,,5000.0,277.0,fartlek,0,2020,Running_Log_2021.xlsx
2021-12-01,2021,12,335,3,4.0,23.0,345.0,18.0,5.0,cloudy,dry,,afternoon,Hoka Clifton 8,centennial,,Unknown,solo,rec@5:45,recovery,345.0,,,,0,2020,Running_Log_2021.xlsx
2021-12-02,2021,12,336,4,7.1,43.0,363.38028169014086,18.0,5.0,clear,dry,,late,Hoka Clifton 8,mccabe,,Unknown,solo,rec@6:03,recovery,363.0,,,,0,2020,Running_Log_2021.xlsx
2021-12-03,2021,12,337,5,5.1,30.0,352.94117647058823,23.0,5.0,clear,dry,,afternoon,Hoka Clifton 8,centennial,,Unknown,solo,rec@5:52,recovery,352.0,,,,0,2020,Running_Log_2021.xlsx
2021-12-04,2021,12,338,6,7.1,41.0,346.4788732394366,15.0,5.0,overcast,wet,,afternoon,Hoka Clifton 8,mccabe,,Unknown,solo,rec@5:46,recovery,346.0,,,,0,2020,Running_Log_2021.xlsx
2021-12-05,2021,12,339,7,5.1,31.0,364.7058823529412,12.0,4.0,cloudy,dry,,morning,Hoka Clifton 8,centennial,,Unknown,solo,rec@6:04,recovery,364.0,,,,0,2020,Running_Log_2021.xlsx
2021-12-06,2021,12,340,1,5.1,28.0,329.4117647058824,8.0,5.0,clear,dry,,afternoon,Hoka Clifton 8,centennial,,Unknown,solo,rec@5:29,recovery,329.0,,,,0,2020,Running_Log_2021.xlsx
2021-12-07,2021,12,341,2,8.6,47.0,327.90697674418607,5.0,4.0,cloudy,dry,,late,Hoka Clifton 8,love circle,,Unknown,solo,"13j, 22hc-5x lc, 12j",hill_cont,,,,,0,2020,Running_Log_2021.xlsx
2021-12-08,2021,12,342,3,5.1,30.0,352.94117647058823,6.0,5.0,clear,dry,,morning,Hoka Clifton 8,centennial,,Unknown,solo,rec@5:52,recovery,352.0,,,,0,2020,Running_Log_2021.xlsx
2021-12-09,2021,12,343,4,7.1,42.0,354.92957746478874,16.0,5.0,overcast,dry,,afternoon,Hoka Clifton 8,mccabe,,Unknown,solo,rec@5:54,recovery,354.0,,,,0,2020,Running_Log_2021.xlsx
2021-12-10,2021,12,344,5,16.2,87.0,322.22222222222223,17.0,5.0,cloudy,wet,,afternoon,Hoka Clifton 8,belle meade,,Unknown,solo,long@5:22,long,322.0,,,,0,2020,Running_Log_2021.xlsx
2021-12-11,2021,12,345,6,7.1,42.0,354.92957746478874,11.0,5.0,cloudy,dry,,afternoon,Hoka Clifton 8,mccabe,,Unknown,solo,rec@5:54,recovery,354.0,,,,0,2020,Running_Log_2021.xlsx
2021-12-12,2021,12,346,7,5.1,28.0,329.4117647058824,9.0,4.0,clear,dry,,afternoon,Hoka Clifton 8,centennial,,Unknown,solo,rec@5:29,recovery,329.0,,,,0,2020,Running_Log_2021.xlsx
2021-12-13,2021,12,347,1,7.1,41.0,346.4788732394366,15.0,5.0,clear,dry,,afternoon,Hoka Clifton 8,mccabe,,Unknown,solo,rec@5:46,recovery,346.0,,,,0,2020,Running_Log_2021.xlsx
2021-12-14,2021,12,348,2,9.4,48.0,306.3829787234042,17.0,5.0,clear,dry,,afternoon,Nike Vaporfly Next%,rose park,,Track,solo,"12j, 5000r@4:19 (8:00 rest/mi), 12j",rep,,5000.0,259.0,rep,0,2020,Running_Log_2021.xlsx
2021-12-15,2021,12,349,3,5.1,30.0,352.94117647058823,15.0,5.0,clear,dry,,morning,Hoka Clifton 8,centennial,,Unknown,solo,rec@5:52,recovery,352.0,,,,0,2020,Running_Log_2021.xlsx
2021-12-16,2021,12,350,4,7.1,42.0,354.92957746478874,19.0,4.0,heavy rain,wet,,morning,Hoka Clifton 8,mccabe,,Unknown,solo,rec@5:54,recovery,354.0,,,,0,2020,Running_Log_2021.xlsx
2021-12-17,2021,12,351,5,5.1,29.0,341.1764705882353,17.0,4.0,overcast,wet,,afternoon,Hoka Clifton 8,centennial,,Unknown,solo,rec@5:41,recovery,341.0,,,,0,2020,Running_Log_2021.xlsx
2021-12-18,2021,12,352,6,5.1,29.0,341.1764705882353,21.0,5.0,overcast,wet,,afternoon,Hoka Clifton 8,centennial,,Unknown,solo,rec@5:41,recovery,341.0,,,,0,2020,Running_Log_2021.xlsx
2021-12-19,2021,12,353,7,8.6,45.0,313.95348837209303,7.0,5.0,clear,dry,,afternoon,Nike Alphafly Next%,love circle,,Unknown,solo,"12j, 21hc-5x lc, 12j",hill_cont,,,,,0,2020,Running_Log_2021.xlsx
2021-12-20,2021,12,354,1,5.1,30.0,352.94117647058823,1.0,4.0,cloudy,dry,,morning,Hoka Clifton 8,centennial,,Unknown,solo,rec@5:52,recovery,352.0,,,,0,2020,Running_Log_2021.xlsx
2021-12-21,2021,12,355,2,6.7,40.0,358.2089552238806,10.0,4.0,clear,dry,,morning,Hoka Clifton 8,boulder,,Unknown,solo,rec@5:58,recovery,358.0,,,,0,2020,Running_Log_2021.xlsx
2021-12-22,2021,12,356,3,15.0,101.0,404.0,7.0,4.0,clear,dry,,morning,Hoka Clifton 8,magnolia,,Unknown,solo,long@6:44,long,404.0,,,,0,2020,Running_Log_2021.xlsx
2021-12-23,2021,12,357,4,6.1,38.0,373.77049180327873,13.0,5.0,clear,dry,,morning,Hoka Clifton 8,boulder,,Unknown,solo,rec@6:13,recovery,373.0,,,,0,2020,Running_Log_2021.xlsx
2021-12-24,2021,12,358,5,7.1,42.0,354.92957746478874,17.0,6.0,cloudy,dry,,afternoon,Hoka Clifton 8,mccabe,,Unknown,solo,rec@5:54,recovery,354.0,,,,0,2020,Running_Log_2021.xlsx
2021-12-25,2021,12,359,6,5.4,32.0,355.55555555555554,15.0,4.0,overcast,dry,,morning,Hoka Clifton 8,dalton,,Unknown,solo,rec@5:55,recovery,355.0,,,,0,2020,Running_Log_2021.xlsx
2021-12-26,2021,12,360,7,4.0,23.0,345.0,19.0,6.0,cloudy,dry,,afternoon,Hoka Clifton 8,centennial,,Unknown,solo,rec@5:45,recovery,345.0,,,,0,2020,Running_Log_2021.xlsx
2021-12-27,2021,12,361,1,7.1,43.0,363.38028169014086,20.0,6.0,overcast,dry,,afternoon,Hoka Clifton 8,mccabe,,Unknown,solo,rec@6:03,recovery,363.0,,,,0,2020,Running_Log_2021.xlsx
2021-12-28,2021,12,362,2,5.8,40.0,413.7931034482759,-4.0,5.0,cloudy,snow,,late,Hoka Clifton 8,nike>powerline,,Unknown,solo,rec@6:53,recovery,413.0,,,,0,2020,Running_Log_2021.xlsx
2021-12-29,2021,12,363,3,5.8,37.0,382.7586206896552,-2.0,5.0,cloudy,snow,,afternoon,Hoka Clifton 8,nike>powerline,,Unknown,solo,rec@6:22,recovery,382.0,,,,0,2020,Running_Log_2021.xlsx
2021-12-30,2021,12,364,4,5.1,35.0,411.764705882353,1.0,5.0,cloudy,dry,,afternoon,Hoka Clifton 8,nike>nature,,Unknown,solo,rec@6:51,recovery,411.0,,,,0,2020,Running_Log_2021.xlsx
2021-12-31,2021,12,365,5,5.8,39.0,403.44827586206895,-5.0,5.0,cloudy,dry,,late,Hoka Clifton 8,nike>powerline,,Unknown,solo,rec@6:43,recovery,403.0,,,,0,2020,Running_Log_2021.xlsx
2022-01-01,2022,1,1,6,5.1,33.0,388.2352941176471,0.0,6.0,cloudy,snow,,afternoon,Hoka Clifton 8,nike>nature,163.4,Unknown,solo,rec@6:28,recovery,388.0,,,,0,2022,Running_Log_2022.xlsx
2022-01-02,2022,1,2,7,5.8,38.0,393.1034482758621,2.0,6.0,overcast,snow,,afternoon,Hoka Clifton 8,nike>powerline,163.0,Unknown,solo,rec@6:33,recovery,393.0,,,,0,2022,Running_Log_2022.xlsx
2022-01-03,2022,1,3,1,2.5,17.0,408.0,1.0,4.0,overcast,icy,,late,Hoka Clifton 8,english hill,164.2,Unknown,solo,rec@6:48,recovery,408.0,,,,0,2022,Running_Log_2022.xlsx
2022-01-04,2022,1,4,2,6.5,39.0,360.0,2.0,5.0,light rain,snow,,late,Hoka Clifton 8,english hill,161.8,Unknown,solo,rec@6:00,recovery,360.0,,,,0,2022,Running_Log_2022.xlsx
2022-01-05,2022,1,5,3,6.4,40.0,375.0,2.0,5.0,snow,snow,,late,Hoka Clifton 8,suburbia,159.4,Unknown,solo,rec@6:15,recovery,375.0,,,,0,2022,Running_Log_2022.xlsx
2022-01-06,2022,1,6,4,5.0,30.0,360.0,10.0,5.0,heavy rain,wet,,late,Hoka Clifton 8,english hill,161.0,Unknown,solo,rec@6:00,recovery,360.0,,,,0,2022,Running_Log_2022.xlsx
2022-01-07,2022,1,7,5,10.0,60.0,360.0,3.0,5.0,overcast,wet,,late,Hoka Clifton 8,pipeline,159.6,Unknown,solo,long@5:59,long,359.0,,,,0,2022,Running_Log_2022.xlsx
2022-01-08,2022,1,8,6,6.4,36.0,337.5,6.0,6.0,cloudy,wet,,afternoon,Hoka Clifton 8,suburbia,159.4,Unknown,solo,rec@5:37,recovery,337.0,,,,0,2022,Running_Log_2022.xlsx
2022-01-09,2022,1,9,7,5.1,30.0,352.94117647058823,4.0,4.0,cloudy,wet,,late,Hoka Clifton 8,centennial,157.8,Unknown,solo,rec@5:52,recovery,352.0,,,,0,2022,Running_Log_2022.xlsx
2022-01-10,2022,1,10,1,5.1,28.0,329.4117647058824,3.0,5.0,clear,dry,,late,Hoka Clifton 8,centennial,157.7,Unknown,solo,rec@5:29,recovery,329.0,,,,0,2022,Running_Log_2022.xlsx
2022-01-11,2022,1,11,2,7.7,39.0,303.8961038961039,7.0,4.0,clear,dry,,afternoon,Nike Alphafly Next%,rose park,160.1,Track,solo,"11j, 5000 race@15:37.2, 12j [Time trial]",race,,,,,1,2022,Running_Log_2022.xlsx
2022-01-12,2022,1,12,3,7.1,40.0,338.02816901408454,14.0,4.0,clear,dry,,afternoon,Hoka Clifton 8,mccabe,158.0,Unknown,solo,rec@5:38,recovery,338.0,,,,0,2022,Running_Log_2022.xlsx
2022-01-13,2022,1,13,4,5.1,29.0,341.1764705882353,8.0,4.0,clear,dry,,late,Hoka Clifton 8,centennial,157.6,Unknown,solo,rec@5:41,recovery,341.0,,,,0,2022,Running_Log_2022.xlsx
2022-01-14,2022,1,14,5,21.7,118.0,326.2672811059908,10.0,4.0,clear,dry,,afternoon,Hoka Clifton 8,greenway,156.0,Unknown,solo,long@5:26,long,326.0,,,,0,2022,Running_Log_2022.xlsx
2022-01-15,2022,1,15,6,7.1,42.0,354.92957746478874,6.0,4.0,overcast,wet,,afternoon,Hoka Clifton 8,mccabe,158.2,Unknown,solo,rec@5:54,recovery,354.0,,,,0,2022,Running_Log_2022.xlsx
2022-01-16,2022,1,16,7,5.1,29.0,341.1764705882353,-1.0,3.0,overcast,icy,,afternoon,Hoka Clifton 8,centennial,160.1,Unknown,solo,rec@5:41,recovery,341.0,,,,0,2022,Running_Log_2022.xlsx
2022-01-17,2022,1,17,1,7.1,41.0,346.4788732394366,2.0,3.0,overcast,wet,,afternoon,Hoka Clifton 8,mccabe,160.1,Unknown,solo,rec@5:46,recovery,346.0,,,,0,2022,Running_Log_2022.xlsx
2022-01-18,2022,1,18,2,8.6,48.0,334.8837209302326,7.0,3.0,clear,dry,,afternoon,Hoka Clifton 8,love circle,163.4,Unknown,solo,"13j, 22hc-5x lc, 13j",hill_cont,,,,,0,2022,Running_Log_2022.xlsx
2022-01-19,2022,1,19,3,7.1,37.0,312.67605633802816,12.0,4.0,heavy rain,wet,,afternoon,Hoka Clifton 8,mccabe,158.6,Unknown,solo,rec@5:12,recovery,312.0,,,,0,2022,Running_Log_2022.xlsx
2022-01-20,2022,1,20,4,5.1,28.0,329.4117647058824,-4.0,4.0,overcast,icy,,morning,Hoka Clifton 8,centennial,160.4,Unknown,solo,rec@5:29,recovery,329.0,,,,0,2022,Running_Log_2022.xlsx
2022-01-21,2022,1,21,5,21.8,117.0,322.0183486238532,-2.0,4.0,cloudy,dry,,afternoon,Hoka Clifton 8,greenway,159.6,Unknown,solo,long@5:22,long,322.0,,,,0,2022,Running_Log_2022.xlsx
2022-01-22,2022,1,22,6,7.1,42.0,354.92957746478874,1.0,5.0,clear,dry,,afternoon,Hoka Clifton 8,mccabe,157.8,Unknown,solo,rec@5:54,recovery,354.0,,,,0,2022,Running_Log_2022.xlsx
2022-01-23,2022,1,23,7,5.1,29.0,341.1764705882353,0.0,4.0,clear,dry,,morning,Hoka Clifton 8,centennial,160.2,Unknown,solo,rec@5:41,recovery,341.0,,,,0,2022,Running_Log_2022.xlsx
2022-01-24,2022,1,24,1,7.1,41.0,346.4788732394366,15.0,4.0,clear,dry,,afternoon,Hoka Clifton 8,mccabe,159.0,Unknown,solo,rec@5:46,recovery,346.0,,,,0,2022,Running_Log_2022.xlsx
2022-01-25,2022,1,25,2,5.1,27.0,317.64705882352945,1.0,4.0,clear,dry,,late,Hoka Clifton 8,centennial,160.5,Unknown,solo,rec@5:17,recovery,317.0,,,,0,2022,Running_Log_2022.xlsx
2022-01-26,2022,1,26,3,7.1,42.0,354.92957746478874,0.0,4.0,clear,dry,,late,Hoka Clifton 8,mccabe,159.9,Unknown,solo,rec@5:54,recovery,354.0,,,,0,2022,Running_Log_2022.xlsx
2022-01-27,2022,1,27,4,5.1,29.0,341.1764705882353,9.0,5.0,cloudy,dry,,afternoon,Hoka Clifton 8,centennial,160.2,Unknown,solo,rec@5:41,recovery,341.0,,,,0,2022,Running_Log_2022.xlsx
2022-01-28,2022,1,28,5,22.2,118.0,318.9189189189189,2.0,4.0,snow,dry,,afternoon,Hoka Clifton 8,greenway,159.8,Unknown,solo,long@5:18,long,318.0,,,,0,2022,Running_Log_2022.xlsx
2022-01-29,2022,1,29,6,7.1,41.0,346.4788732394366,1.0,4.0,clear,dry,,afternoon,Hoka Clifton 8,mccabe,159.9,Unknown,solo,rec@5:46,recovery,346.0,,,,0,2022,Running_Log_2022.xlsx
2022-01-30,2022,1,30,7,6.1,31.0,304.91803278688525,12.0,4.0,clear,dry,,afternoon,Hoka Clifton 8,centennial,159.5,Unknown,solo,rec@5:04,recovery,304.0,,,,0,2022,Running_Log_2022.xlsx
2022-01-31,2022,1,31,1,7.1,43.0,363.38028169014086,11.0,5.0,clear,dry,,afternoon,Hoka Clifton 8,mccabe,160.4,Unknown,solo,rec@6:03,recovery,363.0,,,,0,2022,Running_Log_2022.xlsx
2022-02-01,2022,2,32,2,12.6,64.0,304.76190476190476,17.0,4.0,cloudy,dry,,afternoon,Nike Vaporfly Next%,rose park,158.4,Track,solo,"11j, 10000i@4:50 (3:00 rest/mi), 12j",interval,,10000.0,290.0,interval,0,2022,Running_Log_2022.xlsx
2022-02-02,2022,2,33,3,5.1,29.0,341.1764705882353,9.0,4.0,heavy rain,wet,,afternoon,Hoka Clifton 8,centennial,159.6,Unknown,solo,rec@5:41,recovery,341.0,,,,0,2022,Running_Log_2022.xlsx
2022-02-03,2022,2,34,4,4.0,22.0,330.0,2.0,4.0,heavy rain,wet,,early,Nike Alphafly Next%,centennial,160.1,Unknown,solo,rec@5:30,recovery,330.0,,,,0,2022,Running_Log_2022.xlsx
2022-02-04,2022,2,35,5,6.7,39.0,349.25373134328356,-13.0,4.0,cloudy,snow,,morning,Hoka Clifton 8,ann arbor,,Unknown,solo,rec@5:49,recovery,349.0,,,,0,2022,Running_Log_2022.xlsx
2022-02-05,2022,2,36,6,7.1,37.0,312.67605633802816,1.0,5.0,clear,dry,,late,Hoka Clifton 8,mccabe,,Unknown,solo,rec@5:12,recovery,312.0,,,,0,2022,Running_Log_2022.xlsx
2022-02-06,2022,2,37,7,5.1,29.0,341.1764705882353,-3.0,4.0,clear,dry,,morning,Hoka Clifton 8,centennial,,Unknown,solo,rec@5:41,recovery,341.0,,,,0,2022,Running_Log_2022.xlsx
2022-02-07,2022,2,38,1,7.1,41.0,346.4788732394366,8.0,4.0,clear,dry,,afternoon,Hoka Clifton 8,mccabe,,Unknown,solo,rec@5:46,recovery,346.0,,,,0,2022,Running_Log_2022.xlsx
2022-02-08,2022,2,39,2,5.1,29.0,341.1764705882353,6.0,4.0,clear,dry,,morning,Hoka Clifton 8,centennial,,Unknown,solo,rec@5:41,recovery,341.0,,,,0,2022,Running_Log_2022.xlsx
2022-02-09,2022,2,40,3,22.4,118.0,316.0714285714286,15.0,4.0,cloudy,dry,,late,Hoka Clifton 8,greenway,156.5,Unknown,solo,long@5:16,long,316.0,,,,0,2022,Running_Log_2022.xlsx
2022-02-10,2022,2,41,4,5.1,31.0,364.7058823529412,7.0,4.0,clear,dry,,morning,Hoka Clifton 8,centennial,158.8,Unknown,solo,rec@6:04,recovery,364.0,,,,0,2022,Running_Log_2022.xlsx
2022-02-11,2022,2,42,5,5.1,29.0,341.1764705882353,9.0,4.0,clear,dry,,morning,Hoka Clifton 8,centennial,161.0,Unknown,solo,rec@5:41,recovery,341.0,,,,0,2022,Running_Log_2022.xlsx
2022-02-12,2022,2,43,6,4.6,28.0,365.21739130434787,3.0,5.0,overcast,dry,,morning,Hoka Clifton 8,rochester,,Unknown,solo,rec@6:05,recovery,365.0,,,,0,2022,Running_Log_2022.xlsx
2022-02-13,2022,2,44,7,5.5,31.0,338.1818181818182,-3.0,5.0,snow,snow,,morning,Hoka Clifton 8,hopewell junction,,Unknown,solo,rec@5:38,recovery,338.0,,,,0,2022,Running_Log_2022.xlsx
2022-02-14,2022,2,45,1,12.6,64.0,304.76190476190476,9.0,4.0,clear,dry,,afternoon,Nike Vaporfly Next%,rose park,157.9,Track,solo,"11j, 10000i@4:47 (3:00 rest/mi), 12j",interval,,10000.0,287.0,interval,0,2022,Running_Log_2022.xlsx
2022-02-15,2022,2,46,2,7.1,42.0,354.92957746478874,19.0,5.0,clear,dry,,afternoon,Hoka Clifton 8,mccabe,157.9,Unknown,solo,rec@5:54,recovery,354.0,,,,0,2022,Running_Log_2022.xlsx
2022-02-16,2022,2,47,3,6.1,33.0,324.59016393442624,20.0,4.0,cloudy,dry,,afternoon,Hoka Clifton 8,centennial,158.5,Unknown,solo,rec@5:24,recovery,324.0,,,,0,2022,Running_Log_2022.xlsx
2022-02-17,2022,2,48,4,5.1,29.0,341.1764705882353,17.0,4.0,heavy rain,wet,,morning,Hoka Clifton 8,centennial,160.2,Unknown,solo,rec@5:41,recovery,341.0,,,,0,2022,Running_Log_2022.xlsx
2022-02-18,2022,2,49,5,21.8,116.0,319.26605504587155,3.0,4.0,clear,dry,,afternoon,Hoka Clifton 8,greenway,157.9,Unknown,solo,long@5:19,long,319.0,,,,0,2022,Running_Log_2022.xlsx
2022-02-19,2022,2,50,6,5.1,30.0,352.94117647058823,4.0,5.0,clear,dry,,morning,Hoka Clifton 8,centennial,158.9,Unknown,solo,rec@5:52,recovery,352.0,,,,0,2022,Running_Log_2022.xlsx
2022-02-20,2022,2,51,7,5.1,30.0,352.94117647058823,3.0,4.0,clear,dry,,morning,Hoka Clifton 8,centennial,160.2,Unknown,solo,rec@5:52,recovery,352.0,,,,0,2022,Running_Log_2022.xlsx
2022-02-21,2022,2,52,1,7.1,40.0,338.02816901408454,16.0,4.0,overcast,dry,,afternoon,Hoka Clifton 8,mccabe,161.2,Unknown,solo,rec@5:38,recovery,338.0,,,,0,2022,Running_Log_2022.xlsx
2022-02-22,2022,2,53,2,5.1,28.0,329.4117647058824,15.0,4.0,heavy rain,wet,,afternoon,Hoka Clifton 8,centennial,161.0,Unknown,solo,rec@5:29,recovery,329.0,,,,0,2022,Running_Log_2022.xlsx
2022-02-23,2022,2,54,3,12.6,64.0,304.76190476190476,1.0,4.0,overcast,dry,,afternoon,Nike Vaporfly Next%,rose park,158.9,Track,solo,"11j, 10000i@4:46 (3:00 rest/mi), 12j",interval,,10000.0,286.0,interval,0,2022,Running_Log_2022.xlsx
2022-02-24,2022,2,55,4,4.0,22.0,330.0,6.0,3.0,light rain,wet,,late,Hoka Clifton 8,centennial,159.2,Unknown,solo,rec@5:30,recovery,330.0,,,,0,2022,Running_Log_2022.xlsx
2022-02-25,2022,2,56,5,7.1,41.0,346.4788732394366,2.0,4.0,overcast,dry,,afternoon,Hoka Clifton 8,mccabe,158.9,Unknown,solo,rec@5:46,recovery,346.0,,,,0,2022,Running_Log_2022.xlsx
2022-02-26,2022,2,57,6,12.0,62.0,310.0,4.0,5.0,overcast,dry,,late,Hoka Clifton 8,belle meade,157.5,Unknown,solo,rec@5:10,recovery,310.0,,,,0,2022,Running_Log_2022.xlsx
2022-02-27,2022,2,58,7,5.1,28.0,329.4117647058824,10.0,5.0,clear,dry,,afternoon,Hoka Clifton 8,centennial,158.1,Unknown,solo,rec@5:29,recovery,329.0,,,,0,2022,Running_Log_2022.xlsx
2022-02-28,2022,2,59,1,7.1,41.0,346.4788732394366,14.0,4.0,clear,dry,,afternoon,Hoka Clifton 8,mccabe,158.8,Unknown,solo,rec@5:46,recovery,346.0,,,,0,2022,Running_Log_2022.xlsx
2022-03-01,2022,3,60,2,5.1,28.0,329.4117647058824,17.0,3.0,clear,dry,,morning,Hoka Clifton 8,centennial,161.5,Unknown,solo,rec@5:29,recovery,329.0,,,,0,2022,Running_Log_2022.xlsx
2022-03-02,2022,3,61,3,5.1,29.0,341.1764705882353,17.0,4.0,clear,dry,,morning,Hoka Clifton 8,centennial,160.1,Unknown,solo,rec@5:41,recovery,341.0,,,,0,2022,Running_Log_2022.xlsx
2022-03-03,2022,3,62,4,21.6,119.0,330.55555555555554,20.0,4.0,clear,dry,,late,Hoka Clifton 8,greenway,154.7,Unknown,solo,long@5:30,long,330.0,,,,0,2022,Running_Log_2022.xlsx
2022-03-04,2022,3,63,5,5.1,29.0,341.1764705882353,23.0,5.0,clear,dry,,afternoon,Hoka Clifton 8,centennial,154.7,Unknown,solo,rec@5:41,recovery,341.0,,,,0,2022,Running_Log_2022.xlsx
2022-03-05,2022,3,64,6,6.3,39.0,371.42857142857144,17.0,5.0,clear,dry,,morning,Hoka Clifton 8,bowling green,,Unknown,solo,rec@6:11,recovery,371.0,,,,0,2022,Running_Log_2022.xlsx
2022-03-06,2022,3,65,7,5.1,29.0,341.1764705882353,22.0,4.0,cloudy,dry,,late,Hoka Clifton 8,centennial,161.1,Unknown,solo,rec@5:41,recovery,341.0,,,,0,2022,Running_Log_2022.xlsx
2022-03-07,2022,3,66,1,12.6,64.0,304.76190476190476,8.0,5.0,overcast,dry,,late,Nike Vaporfly Next%,rose park,160.7,Track,solo,"11j, 10000i@4:51 (3:00 rest/mi), 12j",interval,,10000.0,291.0,interval,0,2022,Running_Log_2022.xlsx
2022-03-08,2022,3,67,2,5.1,26.0,305.88235294117646,7.0,5.0,light rain,wet,,late,Hoka Clifton Edge,centennial,158.5,Unknown,solo,rec@5:05,recovery,305.0,,,,0,2022,Running_Log_2022.xlsx
2022-03-09,2022,3,68,3,7.1,41.0,346.4788732394366,5.0,4.0,cloudy,wet,,morning,Hoka Clifton Edge,mccabe,158.7,Unknown,solo,rec@5:46,recovery,346.0,,,,0,2022,Running_Log_2022.xlsx
2022-03-10,2022,3,69,4,5.1,28.0,329.4117647058824,8.0,4.0,clear,dry,,morning,Hoka Clifton Edge,centennial,161.1,Unknown,solo,rec@5:29,recovery,329.0,,,,0,2022,Running_Log_2022.xlsx
2022-03-11,2022,3,70,5,22.5,116.0,309.3333333333333,8.0,4.0,cloudy,dry,,afternoon,Hoka Clifton Edge,greenway,158.7,Unknown,solo,long@5:09,long,309.0,,,,0,2022,Running_Log_2022.xlsx
2022-03-12,2022,3,71,6,7.1,42.0,354.92957746478874,-1.0,5.0,cloudy,dry,,afternoon,Hoka Clifton Edge,mccabe,160.4,Unknown,solo,rec@5:54,recovery,354.0,,,,0,2022,Running_Log_2022.xlsx
2022-03-13,2022,3,72,7,4.0,24.0,360.0,-1.0,4.0,clear,dry,,morning,Hoka Clifton Edge,centennial,161.1,Unknown,solo,rec@6:00,recovery,360.0,,,,0,2022,Running_Log_2022.xlsx
2022-03-14,2022,3,73,1,7.1,40.0,338.02816901408454,19.0,4.0,clear,dry,,afternoon,Hoka Clifton Edge,mccabe,160.7,Unknown,solo,rec@5:38,recovery,338.0,,,,0,2022,Running_Log_2022.xlsx
2022-03-15,2022,3,74,2,12.6,63.0,300.0,18.0,4.0,cloudy,dry,,late,Nike Vaporfly Next%,rose park,157.5,Track,solo,"11j, 10000i@4:42 (3:00 rest/mi), 12j",interval,,10000.0,282.0,interval,0,2022,Running_Log_2022.xlsx
2022-03-16,2022,3,75,3,5.1,30.0,352.94117647058823,12.0,5.0,overcast,wet,,morning,Hoka Clifton Edge,centennial,157.5,Unknown,solo,rec@5:52,recovery,352.0,,,,0,2022,Running_Log_2022.xlsx
2022-03-17,2022,3,76,4,7.1,42.0,354.92957746478874,21.0,4.0,cloudy,dry,,afternoon,Hoka Clifton Edge,mccabe,157.5,Unknown,solo,rec@5:54,recovery,354.0,,,,0,2022,Running_Log_2022.xlsx
2022-03-18,2022,3,77,5,22.1,120.0,325.7918552036199,18.0,4.0,cloudy,dry,,afternoon,Hoka Clifton Edge,greenway,153.1,Unknown,solo,long@5:25,long,325.0,,,,0,2022,Running_Log_2022.xlsx
2022-03-19,2022,3,78,6,5.1,30.0,352.94117647058823,13.0,4.0,overcast,dry,,morning,Hoka Clifton Edge,centennial,157.5,Unknown,solo,rec@5:52,recovery,352.0,,,,0,2022,Running_Log_2022.xlsx
2022-03-20,2022,3,79,7,5.1,29.0,341.1764705882353,6.0,5.0,clear,dry,,morning,Hoka Clifton Edge,centennial,161.1,Unknown,solo,rec@5:41,recovery,341.0,,,,0,2022,Running_Log_2022.xlsx
2022-03-21,2022,3,80,1,7.1,38.0,321.1267605633803,22.0,4.0,cloudy,dry,,late,Hoka Clifton Edge,mccabe,159.8,Unknown,solo,rec@5:21,recovery,321.0,,,,0,2022,Running_Log_2022.xlsx
2022-03-22,2022,3,81,2,5.1,28.0,329.4117647058824,18.0,4.0,overcast,dry,,morning,Hoka Clifton Edge,centennial,159.7,Unknown,solo,rec@5:29,recovery,329.0,,,,0,2022,Running_Log_2022.xlsx
2022-03-23,2022,3,82,3,7.1,41.0,346.4788732394366,12.0,4.0,overcast,dry,,afternoon,Hoka Clifton Edge,mccabe,158.5,Unknown,solo,rec@5:46,recovery,346.0,,,,0,2022,Running_Log_2022.xlsx
2022-03-24,2022,3,83,4,5.1,28.0,329.4117647058824,16.0,4.0,cloudy,dry,,afternoon,Hoka Clifton Edge,centennial,159.8,Unknown,solo,rec@5:29,recovery,329.0,,,,0,2022,Running_Log_2022.xlsx
2022-03-25,2022,3,84,5,22.9,118.0,309.1703056768559,11.0,4.0,overcast,dry,,afternoon,Nike Alphafly Next%,greenway,156.1,Unknown,solo,long@5:09,long,309.0,,,,0,2022,Running_Log_2022.xlsx
2022-03-26,2022,3,85,6,7.1,43.0,363.38028169014086,15.0,4.0,cloudy,dry,,afternoon,Hoka Clifton Edge,mccabe,157.7,Unknown,solo,rec@6:03,recovery,363.0,,,,0,2022,Running_Log_2022.xlsx
2022-03-27,2022,3,86,7,5.1,30.0,352.94117647058823,3.0,4.0,clear,dry,,morning,Hoka Clifton Edge,centennial,159.3,Unknown,solo,rec@5:52,recovery,352.0,,,,0,2022,Running_Log_2022.xlsx
2022-03-28,2022,3,87,1,7.1,41.0,346.4788732394366,14.0,4.0,cloudy,dry,,afternoon,Hoka Clifton Edge,mccabe,159.3,Unknown,solo,rec@5:46,recovery,346.0,,,,0,2022,Running_Log_2022.xlsx
2022-03-29,2022,3,88,2,4.0,23.0,345.0,8.0,4.0,cloudy,dry,,morning,Hoka Clifton Edge,centennial,159.3,Unknown,solo,rec@5:45,recovery,345.0,,,,0,2022,Running_Log_2022.xlsx
2022-03-30,2022,3,89,3,7.1,41.0,346.4788732394366,25.0,4.0,light rain,wet,,late,Hoka Clifton Edge,mccabe,158.6,Unknown,solo,rec@5:46,recovery,346.0,,,,0,2022,Running_Log_2022.xlsx
2022-03-31,2022,3,90,4,4.0,23.0,345.0,9.0,4.0,cloudy,dry,,morning,Hoka Clifton Edge,centennial,159.7,Unknown,solo,rec@5:45,recovery,345.0,,,,0,2022,Running_Log_2022.xlsx
2022-04-01,2022,4,91,5,17.3,85.0,294.79768786127164,12.0,5.0,clear,dry,,afternoon,Nike Alphafly Next%,belle meade,156.2,Unknown,solo,long@4:54,long,294.0,,,,0,2022,Running_Log_2022.xlsx
2022-04-02,2022,4,92,6,4.0,23.0,345.0,13.0,4.0,cloudy,dry,,morning,Hoka Clifton Edge,centennial,157.1,Unknown,solo,rec@5:45,recovery,345.0,,,,0,2022,Running_Log_2022.xlsx
2022-04-03,2022,4,93,7,7.1,41.0,346.4788732394366,18.0,4.0,clear,dry,,afternoon,Hoka Clifton Edge,mccabe,158.0,Unknown,solo,rec@5:46,recovery,346.0,,,,0,2022,Running_Log_2022.xlsx
2022-04-04,2022,4,94,1,5.1,28.0,329.4117647058824,22.0,4.0,clear,dry,,afternoon,Hoka Clifton Edge,centennial,161.1,Unknown,solo,rec@5:29,recovery,329.0,,,,0,2022,Running_Log_2022.xlsx
2022-04-05,2022,4,95,2,4.0,21.0,315.0,13.0,5.0,light rain,wet,,afternoon,Hoka Clifton Edge,centennial,161.2,Unknown,solo,rec@5:15,recovery,315.0,,,,0,2022,Running_Log_2022.xlsx
2022-04-06,2022,4,96,3,7.1,38.0,321.1267605633803,12.0,4.0,overcast,wet,,afternoon,Hoka Clifton Edge,mccabe,158.8,Unknown,solo,rec@5:21,recovery,321.0,,,,0,2022,Running_Log_2022.xlsx
2022-04-07,2022,4,97,4,6.1,32.0,314.75409836065575,14.0,5.0,cloudy,dry,,afternoon,Hoka Clifton Edge,centennial,159.5,Unknown,solo,rec@5:14,recovery,314.0,,,,0,2022,Running_Log_2022.xlsx
2022-04-08,2022,4,98,5,4.0,22.0,330.0,8.0,5.0,overcast,wet,,morning,Hoka Clifton Edge,centennial,159.5,Unknown,solo,rec@5:30,recovery,330.0,,,,0,2022,Running_Log_2022.xlsx
2022-04-09,2022,4,99,6,5.1,29.0,341.1764705882353,7.0,4.0,clear,dry,,morning,Hoka Clifton Edge,centennial,159.5,Unknown,solo,rec@5:41,recovery,341.0,,,,0,2022,Running_Log_2022.xlsx
2022-04-10,2022,4,100,7,5.1,28.0,329.4117647058824,14.0,5.0,clear,dry,,morning,Hoka Clifton Edge,centennial,159.5,Unknown,solo,rec@5:29,recovery,329.0,,,,0,2022,Running_Log_2022.xlsx
2022-04-11,2022,4,101,1,4.0,21.0,315.0,15.0,5.0,overcast,wet,,afternoon,Hoka Clifton Edge,centennial,154.7,Unknown,solo,rec@5:15,recovery,315.0,,,,0,2022,Running_Log_2022.xlsx
2022-04-12,2022,4,102,2,5.1,28.0,329.4117647058824,19.0,4.0,cloudy,wet,,afternoon,Hoka Clifton Edge,centennial,156.8,Unknown,solo,rec@5:29,recovery,329.0,,,,0,2022,Running_Log_2022.xlsx
2022-04-13,2022,4,103,3,7.1,40.0,338.02816901408454,21.0,4.0,overcast,wet,,morning,Hoka Clifton Edge,mccabe,157.5,Unknown,solo,rec@5:38,recovery,338.0,,,,0,2022,Running_Log_2022.xlsx
2022-04-14,2022,4,104,4,5.1,29.0,341.1764705882353,13.0,5.0,clear,dry,,morning,Hoka Clifton Edge,centennial,158.9,Unknown,solo,rec@5:41,recovery,341.0,,,,0,2022,Running_Log_2022.xlsx
2022-04-15,2022,4,105,5,5.1,28.0,329.4117647058824,22.0,4.0,cloudy,dry,,afternoon,Hoka Clifton Edge,centennial,157.4,Unknown,solo,rec@5:29,recovery,329.0,,,,0,2022,Running_Log_2022.xlsx
2022-04-16,2022,4,106,6,4.0,22.0,330.0,16.0,4.0,cloudy,dry,,morning,Hoka Clifton Edge,centennial,158.9,Unknown,solo,rec@5:30,recovery,330.0,,,,0,2022,Running_Log_2022.xlsx
2022-04-17,2022,4,107,7,3.0,16.0,320.0,10.0,4.0,cloudy,dry,,morning,Hoka Clifton Edge,centennial,159.5,Unknown,solo,rec@5:20,recovery,320.0,,,,0,2022,Running_Log_2022.xlsx
2022-04-18,2022,4,108,1,26.2,156.0,357.2519083969466,9.0,5.0,clear,dry,,morning,Nike Alphafly Next%,boston,,Unknown,solo,42195 race@2:36:23,race,,,,,1,2022,Running_Log_2022.xlsx
2022-04-19,2022,4,109,2,3.0,18.0,360.0,6.0,5.0,clear,dry,,morning,Hoka Clifton Edge,centennial,157.0,Unknown,solo,rec@6:00,recovery,360.0,,,,0,2022,Running_Log_2022.xlsx
2022-04-20,2022,4,110,3,3.0,18.0,360.0,12.0,5.0,cloudy,dry,,morning,Hoka Clifton Edge,centennial,160.7,Unknown,solo,rec@6:00,recovery,360.0,,,,0,2022,Running_Log_2022.xlsx
2022-04-21,2022,4,111,4,5.1,29.0,341.1764705882353,25.0,3.0,cloudy,dry,,afternoon,Hoka Clifton Edge,centennial,159.5,Unknown,solo,rec@5:41,recovery,341.0,,,,0,2022,Running_Log_2022.xlsx
2022-04-22,2022,4,112,5,7.1,42.0,354.92957746478874,29.0,4.0,clear,dry,,morning,Hoka Clifton Edge,mccabe,157.8,Unknown,solo,rec@5:54,recovery,354.0,,,,0,2022,Running_Log_2022.xlsx
2022-04-23,2022,4,113,6,5.1,28.0,329.4117647058824,26.0,4.0,clear,dry,,morning,Hoka Clifton Edge,centennial,158.3,Unknown,solo,rec@5:29,recovery,329.0,,,,0,2022,Running_Log_2022.xlsx
2022-04-24,2022,4,114,7,4.0,23.0,345.0,22.0,4.0,clear,dry,,morning,Hoka Clifton Edge,centennial,157.8,Unknown,solo,rec@5:45,recovery,345.0,,,,0,2022,Running_Log_2022.xlsx
2022-04-25,2022,4,115,1,5.1,28.0,329.4117647058824,22.0,5.0,clear,dry,,morning,Hoka Clifton Edge,centennial,157.8,Unknown,solo,rec@5:29,recovery,329.0,,,,0,2022,Running_Log_2022.xlsx
2022-04-26,2022,4,116,2,7.1,41.0,346.4788732394366,16.0,3.0,clear,dry,,late,Hoka Clifton Edge,mccabe,158.3,Unknown,solo,rec@5:46,recovery,346.0,,,,0,2022,Running_Log_2022.xlsx
2022-04-27,2022,4,117,3,4.0,23.0,345.0,14.0,4.0,clear,dry,,morning,Hoka Clifton Edge,centennial,159.2,Unknown,solo,rec@5:45,recovery,345.0,,,,0,2022,Running_Log_2022.xlsx
2022-04-28,2022,4,118,4,17.6,105.0,357.95454545454544,24.0,4.0,clear,dry,,afternoon,Hoka Clifton Edge,belle meade,151.9,Unknown,solo,long@5:57,long,357.0,,,,0,2022,Running_Log_2022.xlsx
2022-04-29,2022,4,119,5,7.1,42.0,354.92957746478874,28.0,5.0,clear,dry,,afternoon,Hoka Clifton Edge,mccabe,154.8,Unknown,solo,rec@5:54,recovery,354.0,,,,0,2022,Running_Log_2022.xlsx
2022-04-30,2022,4,120,6,5.1,29.0,341.1764705882353,23.0,4.0,clear,dry,,morning,Hoka Clifton Edge,centennial,158.0,Unknown,solo,rec@5:41,recovery,341.0,,,,0,2022,Running_Log_2022.xlsx
2022-05-01,2022,5,121,7,5.1,28.0,329.4117647058824,23.0,3.0,clear,dry,,late,Hoka Clifton Edge,centennial,159.7,Unknown,solo,rec@5:29,recovery,329.0,,,,0,2022,Running_Log_2022.xlsx
2022-05-02,2022,5,122,1,5.1,28.0,329.4117647058824,22.0,4.0,clear,dry,,morning,Hoka Clifton Edge,centennial,158.0,Unknown,solo,rec@5:29,recovery,329.0,,,,0,2022,Running_Log_2022.xlsx
2022-05-03,2022,5,123,2,7.1,40.0,338.02816901408454,26.0,5.0,cloudy,dry,,morning,Hoka Clifton Edge,mccabe,156.2,Unknown,solo,rec@5:38,recovery,338.0,,,,0,2022,Running_Log_2022.xlsx
2022-05-04,2022,5,124,3,4.0,23.0,345.0,18.0,4.0,clear,dry,,morning,Hoka Clifton Edge,centennial,158.0,Unknown,solo,rec@5:45,recovery,345.0,,,,0,2022,Running_Log_2022.xlsx
2022-05-05,2022,5,125,4,4.0,22.0,330.0,16.0,3.0,clear,dry,,morning,Hoka Clifton Edge,centennial,,Unknown,solo,rec@5:30,recovery,330.0,,,,0,2022,Running_Log_2022.xlsx
2022-05-06,2022,5,126,5,17.6,100.0,340.9090909090909,21.0,5.0,heavy rain,wet,,afternoon,Hoka Clifton Edge,belle meade,156.2,Unknown,solo,long@5:40,long,340.0,,,,0,2022,Running_Log_2022.xlsx
2022-05-07,2022,5,127,6,7.1,44.0,371.830985915493,15.0,4.0,overcast,dry,,morning,Hoka Clifton Edge,mccabe,160.1,Unknown,solo,rec@6:11,recovery,371.0,,,,0,2022,Running_Log_2022.xlsx
2022-05-08,2022,5,128,7,5.1,29.0,341.1764705882353,16.0,4.0,clear,dry,,morning,Hoka Clifton Edge,centennial,160.1,Unknown,solo,rec@5:41,recovery,341.0,,,,0,2022,Running_Log_2022.xlsx
2022-05-09,2022,5,129,1,5.1,28.0,329.4117647058824,17.0,4.0,clear,dry,,morning,Hoka Clifton Edge,centennial,158.0,Unknown,solo,rec@5:29,recovery,329.0,,,,0,2022,Running_Log_2022.xlsx
2022-05-10,2022,5,130,2,9.1,45.0,296.7032967032967,23.0,5.0,clear,dry,,morning,Nike Vaporfly Next%,rose park,155.7,Track,solo,"11j, 5000f@4:28 (6:00 rest/mi), 12j",fartlek,,5000.0,268.0,fartlek,0,2022,Running_Log_2022.xlsx
2022-05-11,2022,5,131,3,4.0,23.0,345.0,27.0,4.0,clear,dry,,morning,Hoka Clifton Edge,centennial,157.7,Unknown,solo,rec@5:45,recovery,345.0,,,,0,2022,Running_Log_2022.xlsx
2022-05-12,2022,5,132,4,7.1,42.0,354.92957746478874,30.0,4.0,cloudy,dry,,afternoon,Hoka Clifton Edge,mccabe,157.7,Unknown,solo,rec@5:54,recovery,354.0,,,,0,2022,Running_Log_2022.xlsx
2022-05-13,2022,5,133,5,20.7,126.0,365.2173913043478,30.0,4.0,clear,dry,,afternoon,Hoka Clifton Edge,greenway,150.6,Unknown,solo,long@6:05,long,365.0,,,,0,2022,Running_Log_2022.xlsx
2022-05-14,2022,5,134,6,5.1,31.0,364.7058823529412,23.0,4.0,clear,dry,,morning,Hoka Clifton Edge,centennial,155.6,Unknown,solo,rec@6:04,recovery,364.0,,,,0,2022,Running_Log_2022.xlsx
2022-05-15,2022,5,135,7,4.0,24.0,360.0,24.0,5.0,clear,dry,,morning,Hoka Clifton Edge,centennial,157.7,Unknown,solo,rec@6:00,recovery,360.0,,,,0,2022,Running_Log_2022.xlsx
2022-05-16,2022,5,136,1,7.1,42.0,354.92957746478874,22.0,5.0,clear,dry,,morning,Hoka Clifton Edge,mccabe,,Unknown,solo,rec@5:54,recovery,354.0,,,,0,2022,Running_Log_2022.xlsx
2022-05-17,2022,5,137,2,9.4,49.0,312.7659574468085,30.0,4.0,clear,dry,,afternoon,Nike Vaporfly Next%,rose park,156.6,Track,solo,"12j, 5000r@4:10 (6:00 rest/mi), 13j",rep,,5000.0,250.0,rep,0,2022,Running_Log_2022.xlsx
2022-05-18,2022,5,138,3,5.1,30.0,352.94117647058823,24.0,4.0,cloudy,dry,,morning,Hoka Clifton Edge,centennial,157.7,Unknown,solo,rec@5:52,recovery,352.0,,,,0,2022,Running_Log_2022.xlsx
2022-05-19,2022,5,139,4,5.1,28.0,329.4117647058824,32.0,4.0,clear,dry,,afternoon,Hoka Clifton Edge,centennial,158.3,Unknown,solo,rec@5:29,recovery,329.0,,,,0,2022,Running_Log_2022.xlsx
2022-05-20,2022,5,140,5,7.1,41.0,346.4788732394366,31.0,4.0,clear,dry,,afternoon,Hoka Clifton Edge,mccabe,155.6,Unknown,solo,rec@5:46,recovery,346.0,,,,0,2022,Running_Log_2022.xlsx
2022-05-21,2022,5,141,6,7.1,41.0,346.4788732394366,31.0,5.0,cloudy,dry,,afternoon,Hoka Clifton Edge,mccabe,155.6,Unknown,solo,rec@5:46,recovery,346.0,,,,0,2022,Running_Log_2022.xlsx
2022-05-22,2022,5,142,7,4.0,23.0,345.0,21.0,5.0,cloudy,wet,,morning,Hoka Clifton Edge,centennial,,Unknown,solo,rec@5:45,recovery,345.0,,,,0,2022,Running_Log_2022.xlsx
2022-05-23,2022,5,143,1,17.6,99.0,337.5,18.0,5.0,cloudy,dry,,afternoon,Hoka Clifton Edge,belle meade,155.6,Unknown,solo,long@5:37,long,337.0,,,,0,2022,Running_Log_2022.xlsx
2022-05-24,2022,5,144,2,4.0,22.0,330.0,24.0,5.0,clear,dry,,afternoon,Hoka Clifton Edge,centennial,158.9,Unknown,solo,rec@5:30,recovery,330.0,,,,0,2022,Running_Log_2022.xlsx
2022-05-25,2022,5,145,3,7.1,42.0,354.92957746478874,26.0,4.0,cloudy,dry,,morning,Hoka Clifton Edge,mccabe,157.7,Unknown,solo,rec@5:54,recovery,354.0,,,,0,2022,Running_Log_2022.xlsx
2022-05-26,2022,5,146,4,8.6,48.0,334.8837209302326,20.0,4.0,cloudy,wet,,morning,Hoka Clifton Edge,love circle,157.7,Unknown,solo,"13j, 22hc-5x lc, 13j",hill_cont,,,,,0,2022,Running_Log_2022.xlsx
2022-05-27,2022,5,147,5,5.1,29.0,341.1764705882353,18.0,4.0,overcast,dry,,morning,Hoka Clifton Edge,centennial,158.3,Unknown,solo,rec@5:41,recovery,341.0,,,,0,2022,Running_Log_2022.xlsx
2022-05-28,2022,5,148,6,5.2,30.0,346.15384615384613,22.0,4.0,clear,dry,,morning,Hoka Clifton Edge,unity village,,Unknown,solo,rec@5:46,recovery,346.0,,,,0,2022,Running_Log_2022.xlsx
2022-05-29,2022,5,149,7,5.2,29.0,334.6153846153846,25.0,4.0,cloudy,dry,,morning,Hoka Clifton Edge,unity village,,Unknown,solo,rec@5:34,recovery,334.0,,,,0,2022,Running_Log_2022.xlsx
2022-05-30,2022,5,150,1,5.1,28.0,329.4117647058824,27.0,4.0,clear,dry,,late,Hoka Clifton Edge,centennial,158.9,Unknown,solo,rec@5:29,recovery,329.0,,,,0,2022,Running_Log_2022.xlsx
2022-05-31,2022,5,151,2,7.1,43.0,363.38028169014086,27.0,3.0,clear,dry,,morning,Hoka Clifton Edge,mccabe,,Unknown,solo,rec@6:03,recovery,363.0,,,,0,2022,Running_Log_2022.xlsx
2022-06-01,2022,6,152,3,5.1,29.0,341.1764705882353,32.0,6.0,clear,dry,,afternoon,Hoka Clifton Edge,centennial,,Unknown,solo,rec@5:41,recovery,341.0,,,,0,2022,Running_Log_2022.xlsx
2022-06-02,2022,6,153,4,7.1,41.0,346.4788732394366,27.0,4.0,cloudy,dry,,afternoon,Hoka Clifton Edge,mccabe,156.7,Unknown,solo,rec@5:46,recovery,346.0,,,,0,2022,Running_Log_2022.xlsx
2022-06-03,2022,6,154,5,8.6,48.0,334.8837209302326,27.0,4.0,clear,dry,,afternoon,Hoka Clifton Edge,love circle,156.8,Unknown,solo,"13j, 22hc-5x lc, 13j",hill_cont,,,,,0,2022,Running_Log_2022.xlsx
2022-06-04,2022,6,155,6,5.1,29.0,341.1764705882353,25.0,4.0,clear,dry,,morning,Hoka Clifton Edge,centennial,,Unknown,solo,rec@5:41,recovery,341.0,,,,0,2022,Running_Log_2022.xlsx
2022-06-05,2022,6,156,7,4.0,22.0,330.0,28.0,3.0,clear,dry,,afternoon,Hoka Clifton Edge,centennial,161.2,Unknown,solo,rec@5:30,recovery,330.0,,,,0,2022,Running_Log_2022.xlsx
2022-06-06,2022,6,157,1,10.6,59.0,333.9622641509434,17.0,3.0,cloudy,dry,,afternoon,Hoka Clifton Edge,english hill,158.8,Unknown,solo,rec@5:33,recovery,333.0,,,,0,2022,Running_Log_2022.xlsx
2022-06-07,2022,6,158,2,5.1,29.0,341.1764705882353,23.0,5.0,cloudy,dry,,afternoon,Hoka Clifton Edge,nike>nature,,Unknown,solo,rec@5:41,recovery,341.0,,,,0,2022,Running_Log_2022.xlsx
2022-06-08,2022,6,159,3,9.0,47.0,313.3333333333333,15.0,5.0,cloudy,dry,,late,Nike Alphafly Next%,shoreline,159.2,Track,solo,"12j, 5rec/t, 5000 race@15:13.6, 15j",race,,,,,1,2022,Running_Log_2022.xlsx
2022-06-09,2022,6,160,4,5.8,34.0,351.7241379310345,13.0,5.0,light rain,wet,,afternoon,Hoka Clifton Edge,nike>powerline,158.8,Unknown,solo,rec@5:51,recovery,351.0,,,,0,2022,Running_Log_2022.xlsx
2022-06-10,2022,6,161,5,6.4,37.0,346.875,17.0,5.0,light rain,wet,,afternoon,Hoka Clifton Edge,suburbia,,Unknown,solo,rec@5:46,recovery,346.0,,,,0,2022,Running_Log_2022.xlsx
2022-06-11,2022,6,162,6,8.8,56.0,381.8181818181818,22.0,5.0,clear,dry,,afternoon,Hoka Clifton Edge,everest,156.0,Unknown,solo,"16j, 2:00hr-8x ev/9sp, 14j",hill_rep,,,,,0,2022,Running_Log_2022.xlsx
2022-06-12,2022,6,163,7,5.3,33.0,373.5849056603774,12.0,5.0,overcast,wet,,morning,Hoka Clifton Edge,nike>powerline,158.0,Unknown,solo,rec@6:13,recovery,373.0,,,,0,2022,Running_Log_2022.xlsx
2022-06-13,2022,6,164,1,10.0,59.0,354.0,12.0,5.0,overcast,wet,,afternoon,Hoka Clifton Edge,english hill,159.2,Unknown,solo,rec@5:54,recovery,354.0,,,,0,2022,Running_Log_2022.xlsx
2022-06-14,2022,6,165,2,5.4,32.0,355.55555555555554,15.0,5.0,cloudy,dry,,afternoon,Hoka Clifton Edge,nike>nature,160.0,Unknown,solo,rec@5:55/2st,recovery,355.0,,,,0,2022,Running_Log_2022.xlsx
2022-06-15,2022,6,166,3,9.3,51.0,329.0322580645161,14.0,5.0,overcast,dry,,late,Nike Vaporfly Next%,shoreline,160.2,Track,solo,"12j, 5rec/t, 1500 race@4:13.68, 5j, 3000 race@9:05.37, 15j",race,,,,,2,2022,Running_Log_2022.xlsx
2022-06-16,2022,6,167,4,9.7,58.0,358.7628865979382,20.0,5.0,clear,dry,,afternoon,Hoka Clifton Edge,english hill,158.2,Unknown,solo,rec@5:58,recovery,358.0,,,,0,2022,Running_Log_2022.xlsx
2022-06-17,2022,6,168,5,5.3,32.0,362.26415094339626,13.0,5.0,light rain,wet,,afternoon,Hoka Clifton Edge,nike>powerline,161.2,Unknown,solo,rec@6:02,recovery,362.0,,,,0,2022,Running_Log_2022.xlsx
2022-06-18,2022,6,169,6,6.4,36.0,337.5,16.0,6.0,overcast,dry,,afternoon,Hoka Clifton Edge,suburbia,159.2,Unknown,solo,rec@5:37,recovery,337.0,,,,0,2022,Running_Log_2022.xlsx
2022-06-19,2022,6,170,7,5.1,31.0,364.7058823529412,13.0,5.0,overcast,wet,,morning,Hoka Clifton Edge,nike>nature,160.2,Unknown,solo,rec@6:04,recovery,364.0,,,,0,2022,Running_Log_2022.xlsx
2022-06-20,2022,6,171,1,21.1,121.0,344.07582938388623,18.0,6.0,clear,dry,,afternoon,Hoka Clifton Edge,river trail,154.8,Unknown,solo,long@5:44,long,344.0,,,,0,2022,Running_Log_2022.xlsx
2022-06-21,2022,6,172,2,5.8,36.0,372.4137931034483,24.0,5.0,clear,dry,,afternoon,Hoka Clifton Edge,nike>powerline,158.2,Unknown,solo,rec@6:12,recovery,372.0,,,,0,2022,Running_Log_2022.xlsx
2022-06-22,2022,6,173,3,6.4,39.0,365.625,19.0,5.0,cloudy,dry,,afternoon,Hoka Clifton Edge,suburbia,160.8,Unknown,solo,rec@6:05,recovery,365.0,,,,0,2022,Running_Log_2022.xlsx
2022-06-23,2022,6,174,4,5.3,33.0,373.5849056603774,21.0,5.0,clear,dry,,afternoon,Hoka Clifton Edge,nike>powerline,162.0,Unknown,solo,rec@6:13,recovery,373.0,,,,0,2022,Running_Log_2022.xlsx
2022-06-24,2022,6,175,5,6.4,39.0,365.625,25.0,5.0,clear,dry,,afternoon,Hoka Clifton Edge,suburbia,161.0,Unknown,solo,rec@6:05,recovery,365.0,,,,0,2022,Running_Log_2022.xlsx
2022-06-25,2022,6,176,6,5.1,32.0,376.47058823529414,12.0,4.0,clear,dry,,morning,Hoka Clifton Edge,nike>nature,161.6,Unknown,solo,rec@6:16,recovery,376.0,,,,0,2022,Running_Log_2022.xlsx
2022-06-26,2022,6,177,7,13.1,71.0,325.1908396946565,18.0,4.0,clear,dry,,morning,Nike Alphafly Next%,river trail,,Unknown,solo,21098 race@1:10:47.67 [Craft Classic],race,,,,,1,2022,Running_Log_2022.xlsx
2022-06-27,2022,6,178,1,5.8,40.0,413.7931034482759,26.0,4.0,clear,dry,,morning,Hoka Clifton Edge,nike>powerline,161.6,Unknown,solo,rec@6:53,recovery,413.0,,,,0,2022,Running_Log_2022.xlsx
2022-06-28,2022,6,179,2,5.1,29.0,341.1764705882353,16.0,5.0,overcast,dry,,afternoon,Hoka Clifton Edge,nike>nature,162.2,Unknown,solo,rec@5:41,recovery,341.0,,,,0,2022,Running_Log_2022.xlsx
2022-06-29,2022,6,180,3,8.0,44.0,330.0,18.0,5.0,cloudy,dry,,late,New Balance spikes,shoreline,161.2,Track,solo,"12j, 5rec/t, 1609 race@4:39.26, 5j, 800 race@2:07.12, 15j",race,,,,,2,2022,Running_Log_2022.xlsx
2022-06-30,2022,6,181,4,6.4,39.0,365.625,24.0,5.0,clear,dry,,afternoon,Hoka Clifton Edge,suburbia,159.8,Unknown,solo,rec@6:05,recovery,365.0,,,,0,2022,Running_Log_2022.xlsx
2022-07-01,2022,7,182,5,10.1,59.0,350.4950495049505,25.0,4.0,clear,dry,,afternoon,Hoka Clifton Edge,english hill,158.6,Unknown,solo,rec@5:50,recovery,350.0,,,,0,2022,Running_Log_2022.xlsx
2022-07-02,2022,7,183,6,5.3,32.0,362.26415094339626,19.0,5.0,cloudy,dry,,afternoon,Hoka Clifton Edge,nike>powerline,157.4,Unknown,solo,rec@6:02,recovery,362.0,,,,0,2022,Running_Log_2022.xlsx
2022-07-03,2022,7,184,7,5.1,31.0,364.7058823529412,13.0,5.0,overcast,wet,,morning,Hoka Clifton Edge,nike>nature,161.2,Unknown,solo,rec@6:04,recovery,364.0,,,,0,2022,Running_Log_2022.xlsx
2022-07-04,2022,7,185,1,8.1,43.0,318.51851851851853,15.0,4.0,cloudy,dry,,morning,Nike Alphafly Next%,carnation,161.2,Unknown,solo,"14j, 5000 race@15:47, 13j",race,,,,,1,2022,Running_Log_2022.xlsx
2022-07-05,2022,7,186,2,5.3,32.0,362.26415094339626,22.0,5.0,clear,dry,,morning,Hoka Clifton Edge,nike>powerline,161.4,Unknown,solo,rec@6:02,recovery,362.0,,,,0,2022,Running_Log_2022.xlsx
2022-07-06,2022,7,187,3,3.2,20.0,375.0,25.0,4.0,clear,dry,,morning,Hoka Clifton Edge,kona,,Unknown,solo,rec@6:15,recovery,375.0,,,,0,2022,Running_Log_2022.xlsx
2022-07-07,2022,7,188,4,4.6,27.0,352.1739130434783,29.0,5.0,clear,dry,,morning,Hoka Clifton Edge,kona,,Unknown,solo,rec@5:52,recovery,352.0,,,,0,2022,Running_Log_2022.xlsx
2022-07-08,2022,7,189,5,6.6,36.0,327.2727272727273,27.0,5.0,clear,dry,,morning,Hoka Clifton Edge,kona,,Unknown,solo,rec@5:27,recovery,327.0,,,,0,2022,Running_Log_2022.xlsx
2022-07-09,2022,7,190,6,4.0,28.0,420.0,26.0,5.0,clear,dry,,afternoon,Hoka Clifton Edge,kilauea,,Unknown,solo,trail@7:00,trail,420.0,,,,0,2022,Running_Log_2022.xlsx
2022-07-10,2022,7,191,7,7.2,37.0,308.3333333333333,27.0,6.0,light rain,dry,,afternoon,Hoka Clifton Edge,kona,,Unknown,solo,rec@5:08,recovery,308.0,,,,0,2022,Running_Log_2022.xlsx
2022-07-11,2022,7,192,1,5.2,30.0,346.15384615384613,26.0,5.0,clear,dry,,morning,Hoka Clifton Edge,kona,,Unknown,solo,rec@5:46,recovery,346.0,,,,0,2022,Running_Log_2022.xlsx
2022-07-12,2022,7,193,2,4.4,26.0,354.5454545454545,27.0,5.0,clear,dry,,morning,Hoka Clifton Edge,kona,,Unknown,solo,rec@5:54,recovery,354.0,,,,0,2022,Running_Log_2022.xlsx
2022-07-13,2022,7,194,3,9.0,47.0,313.3333333333333,17.0,4.0,clear,dry,,late,Nike Vaporfly Next%,shoreline,163.4,Track,solo,"12j, 5rec/t, 5000 race@15:23.57, 15j",race,,,,,1,2022,Running_Log_2022.xlsx
2022-07-14,2022,7,195,4,5.8,36.0,372.4137931034483,26.0,4.0,clear,dry,,afternoon,Hoka Clifton Edge,nike>powerline,161.6,Unknown,solo,rec@6:12,recovery,372.0,,,,0,2022,Running_Log_2022.xlsx
2022-07-15,2022,7,196,5,14.4,92.0,383.3333333333333,21.0,5.0,clear,dry,,morning,Hoka Clifton Edge,watershed,157.4,Unknown,solo,long@6:23,long,383.0,,,,0,2022,Running_Log_2022.xlsx
2022-07-16,2022,7,197,6,5.1,31.0,364.7058823529412,17.0,3.0,overcast,dry,,morning,Hoka Clifton Edge,nike>nature,161.0,Unknown,solo,rec@6:04,recovery,364.0,,,,0,2022,Running_Log_2022.xlsx
2022-07-17,2022,7,198,7,5.8,35.0,362.0689655172414,18.0,4.0,overcast,dry,,afternoon,Hoka Clifton Edge,nike>powerline,162.4,Unknown,solo,rec@6:02,recovery,362.0,,,,0,2022,Running_Log_2022.xlsx
2022-07-18,2022,7,199,1,10.2,59.0,347.05882352941177,22.0,4.0,clear,dry,,afternoon,Hoka Clifton Edge,english hill,161.6,Unknown,solo,rec@5:47,recovery,347.0,,,,0,2022,Running_Log_2022.xlsx
2022-07-19,2022,7,200,2,5.1,30.0,352.94117647058823,21.0,4.0,clear,dry,,morning,Hoka Clifton Edge,nike>nature,163.8,Unknown,solo,rec@5:52,recovery,352.0,,,,0,2022,Running_Log_2022.xlsx
2022-07-20,2022,7,201,3,8.9,48.0,323.5955056179775,22.0,5.0,clear,dry,,late,Nike Vaporfly Next%,shoreline,162.0,Track,solo,"12j, 5rec/t, 800 race@2:06.12, 5j, 3000 race@9:16.07, 15j",race,,,,,2,2022,Running_Log_2022.xlsx
2022-07-21,2022,7,202,4,5.3,33.0,373.5849056603774,27.0,5.0,clear,dry,,afternoon,Hoka Clifton Edge,nike>powerline,161.4,Unknown,solo,rec@6:13,recovery,373.0,,,,0,2022,Running_Log_2022.xlsx
2022-07-22,2022,7,203,5,8.7,53.0,365.51724137931035,20.0,5.0,clear,dry,,afternoon,Hoka Clifton Edge,rollercoaster,158.0,Unknown,solo,"12j, 26hc-8x rc, 15j",hill_cont,,,,,0,2022,Running_Log_2022.xlsx
2022-07-23,2022,7,204,6,6.4,40.0,375.0,22.0,3.0,clear,dry,,afternoon,Hoka Clifton Edge,suburbia,159.4,Unknown,solo,rec@6:15,recovery,375.0,,,,0,2022,Running_Log_2022.xlsx
2022-07-24,2022,7,205,7,5.3,32.0,362.26415094339626,26.0,8.0,clear,dry,,afternoon,Hoka Clifton Edge,nike>powerline,159.6,Unknown,solo,rec@6:02,recovery,362.0,,,,0,2022,Running_Log_2022.xlsx
2022-07-25,2022,7,206,1,9.7,58.0,358.7628865979382,30.0,4.0,clear,dry,,afternoon,Hoka Clifton Edge,english hill,160.2,Unknown,solo,rec@5:58,recovery,358.0,,,,0,2022,Running_Log_2022.xlsx
2022-07-26,2022,7,207,2,5.1,30.0,352.94117647058823,29.0,5.0,clear,dry,,morning,Hoka Clifton Edge,nike>nature,160.8,Unknown,solo,rec@5:52,recovery,352.0,,,,0,2022,Running_Log_2022.xlsx
2022-07-27,2022,7,208,3,7.4,40.0,324.3243243243243,27.0,5.0,clear,dry,,late,New Balance spikes,shoreline,163.0,Track,solo,"13j, 5rec/t, 1609 race@4:37.18, 2x400@59/64, 14j",race,,,,,3,2022,Running_Log_2022.xlsx
2022-07-28,2022,7,209,4,5.8,37.0,382.7586206896552,28.0,4.0,clear,dry,,morning,Hoka Clifton Edge,nike>powerline,160.4,Unknown,solo,rec@6:22,recovery,382.0,,,,0,2022,Running_Log_2022.xlsx
2022-07-29,2022,7,210,5,8.3,48.0,346.9879518072289,28.0,4.0,clear,dry,,morning,Nike Vaporfly Next%,hartman,159.2,Unknown,solo,"15j, 5000t@5:36 (0:00 rest/mi), 16j",tempo,,5000.0,336.0,tempo,0,2022,Running_Log_2022.xlsx
2022-07-30,2022,7,211,6,9.5,58.0,366.3157894736842,33.0,4.0,clear,dry,,afternoon,Hoka Clifton Edge,english hill,156.8,Unknown,solo,rec@6:06,recovery,366.0,,,,0,2022,Running_Log_2022.xlsx
2022-07-31,2022,7,212,7,5.1,31.0,364.7058823529412,21.0,4.0,clear,dry,,morning,Hoka Clifton Edge,nike>nature,158.6,Unknown,solo,rec@6:04,recovery,364.0,,,,0,2022,Running_Log_2022.xlsx
2022-08-01,2022,8,213,1,6.4,40.0,375.0,25.0,5.0,clear,dry,,morning,Hoka Clifton Edge,suburbia,159.6,Unknown,solo,rec@6:15,recovery,375.0,,,,0,2022,Running_Log_2022.xlsx
2022-08-02,2022,8,214,2,5.1,30.0,352.94117647058823,24.0,4.0,clear,dry,,morning,Hoka Clifton Edge,nike>nature,161.8,Unknown,solo,rec@5:52,recovery,352.0,,,,0,2022,Running_Log_2022.xlsx
2022-08-03,2022,8,215,3,12.0,64.0,320.0,18.0,5.0,clear,dry,,late,Nike Alphafly Next%,shoreline,160.2,Track,solo,"12j, 5rec/t, 10000 race@31:47.66, 15j",race,,,,,1,2022,Running_Log_2022.xlsx
2022-08-04,2022,8,216,4,5.8,37.0,382.7586206896552,19.0,5.0,cloudy,dry,,afternoon,Hoka Clifton Edge,nike>powerline,160.2,Unknown,solo,rec@6:22,recovery,382.0,,,,0,2022,Running_Log_2022.xlsx
2022-08-05,2022,8,217,5,5.1,31.0,364.7058823529412,24.0,4.0,clear,dry,,afternoon,Hoka Clifton Edge,nike>nature,160.0,Unknown,solo,rec@6:04,recovery,364.0,,,,0,2022,Running_Log_2022.xlsx
2022-08-06,2022,8,218,6,6.9,40.0,347.82608695652175,16.0,4.0,clear,dry,,morning,Nike Alphafly Next%,everett,160.8,Unknown,solo,"14j, 5000 race@15:32.2, 11j [The Enforcer 5K]",race,,,,,1,2022,Running_Log_2022.xlsx
2022-08-07,2022,8,219,7,7.1,42.0,354.92957746478874,25.0,4.0,clear,dry,,afternoon,Hoka Mach 4,mccabe,157.9,Unknown,solo,rec@5:54,recovery,354.0,,,,0,2022,Running_Log_2022.xlsx
2022-08-08,2022,8,220,1,4.0,23.0,345.0,28.0,4.0,clear,dry,,morning,Hoka Mach 4,centennial,,Unknown,solo,rec@5:45,recovery,345.0,,,,0,2022,Running_Log_2022.xlsx
2022-08-09,2022,8,221,2,5.1,29.0,341.1764705882353,26.0,5.0,cloudy,dry,,afternoon,Hoka Mach 4,centennial,160.4,Unknown,solo,rec@5:41,recovery,341.0,,,,0,2022,Running_Log_2022.xlsx
2022-08-10,2022,8,222,3,7.1,43.0,363.38028169014086,28.0,5.0,heavy rain,wet,,afternoon,Hoka Mach 4,mccabe,160.4,Unknown,solo,rec@6:03,recovery,363.0,,,,0,2022,Running_Log_2022.xlsx
2022-08-11,2022,8,223,4,5.1,30.0,352.94117647058823,25.0,4.0,cloudy,dry,,morning,Hoka Mach 4,centennial,161.3,Unknown,solo,rec@5:52,recovery,352.0,,,,0,2022,Running_Log_2022.xlsx
2022-08-12,2022,8,224,5,7.1,41.0,346.4788732394366,28.0,5.0,clear,dry,,afternoon,Hoka Mach 4,mccabe,158.3,Unknown,solo,rec@5:46,recovery,346.0,,,,0,2022,Running_Log_2022.xlsx
2022-08-13,2022,8,225,6,5.1,29.0,341.1764705882353,25.0,4.0,clear,dry,,morning,Hoka Mach 4,centennial,161.2,Unknown,solo,rec@5:41,recovery,341.0,,,,0,2022,Running_Log_2022.xlsx
2022-08-14,2022,8,226,7,4.0,24.0,360.0,25.0,5.0,clear,dry,,morning,Hoka Mach 4,centennial,,Unknown,solo,rec@6:00,recovery,360.0,,,,0,2022,Running_Log_2022.xlsx
2022-08-15,2022,8,227,1,9.4,50.0,319.1489361702128,25.0,4.0,cloudy,dry,,morning,Nike ZoomX Dragonfly,rose park,161.2,Track,solo,"12j, 5000i@4:29 (5:00 rest/mi), 13j",interval,,5000.0,269.0,interval,0,2022,Running_Log_2022.xlsx
2022-08-16,2022,8,228,2,5.1,30.0,352.94117647058823,24.0,4.0,overcast,dry,,morning,Hoka Mach 4,centennial,161.2,Unknown,solo,rec@5:52,recovery,352.0,,,,0,2022,Running_Log_2022.xlsx
2022-08-17,2022,8,229,3,7.1,43.0,363.38028169014086,22.0,4.0,clear,dry,,morning,Hoka Mach 4,mccabe,161.2,Unknown,solo,rec@6:03,recovery,363.0,,,,0,2022,Running_Log_2022.xlsx
2022-08-18,2022,8,230,4,12.0,65.0,325.0,23.0,4.0,clear,dry,,morning,Hoka Mach 4,belle meade,158.3,Unknown,solo,long@5:25,long,325.0,,,,0,2022,Running_Log_2022.xlsx
2022-08-19,2022,8,231,5,5.1,28.0,329.4117647058824,26.0,5.0,clear,dry,,morning,Hoka Mach 4,centennial,158.9,Unknown,solo,rec@5:29,recovery,329.0,,,,0,2022,Running_Log_2022.xlsx
2022-08-20,2022,8,232,6,7.1,41.0,346.4788732394366,24.0,4.0,cloudy,wet,,afternoon,Hoka Mach 4,mccabe,158.3,Unknown,solo,rec@5:46,recovery,346.0,,,,0,2022,Running_Log_2022.xlsx
2022-08-21,2022,8,233,7,5.1,28.0,329.4117647058824,30.0,4.0,cloudy,dry,,afternoon,Hoka Mach 4,centennial,161.2,Unknown,solo,rec@5:29,recovery,329.0,,,,0,2022,Running_Log_2022.xlsx
2022-08-22,2022,8,234,1,9.6,52.0,325.0,24.0,4.0,clear,dry,,morning,Hoka Mach 4,love circle,158.9,Unknown,solo,"27j, 22hc-5x lc, 3j",hill_cont,,,,,0,2022,Running_Log_2022.xlsx
2022-08-23,2022,8,235,2,4.0,22.0,330.0,25.0,4.0,clear,dry,,morning,Hoka Mach 4,centennial,161.2,Unknown,solo,rec@5:30,recovery,330.0,,,,0,2022,Running_Log_2022.xlsx
2022-08-24,2022,8,236,3,5.1,29.0,341.1764705882353,29.0,5.0,clear,dry,,late,Hoka Mach 4,centennial,161.9,Unknown,solo,rec@5:41,recovery,341.0,,,,0,2022,Running_Log_2022.xlsx
2022-08-25,2022,8,237,4,17.6,102.0,347.7272727272727,25.0,4.0,clear,dry,,morning,Hoka Mach 4,belle meade,156.8,Unknown,solo,long@5:47,long,347.0,,,,0,2022,Running_Log_2022.xlsx
2022-08-26,2022,8,238,5,7.1,42.0,354.92957746478874,27.0,5.0,clear,dry,,morning,Hoka Mach 4,mccabe,158.3,Unknown,solo,rec@5:54,recovery,354.0,,,,0,2022,Running_Log_2022.xlsx
2022-08-27,2022,8,239,6,5.1,28.0,329.4117647058824,29.0,5.0,clear,dry,,morning,Hoka Mach 4,centennial,160.4,Unknown,solo,rec@5:29,recovery,329.0,,,,0,2022,Running_Log_2022.xlsx
2022-08-28,2022,8,240,7,5.1,30.0,352.94117647058823,26.0,4.0,clear,dry,,morning,Hoka Mach 4,centennial,161.2,Unknown,solo,rec@5:52,recovery,352.0,,,,0,2022,Running_Log_2022.xlsx
2022-08-29,2022,8,241,1,12.6,66.0,314.2857142857143,28.0,4.0,clear,dry,,morning,Nike ZoomX Dragonfly,rose park,158.3,Track,solo,"12j, 10000i@4:48 (3:00 rest/mi), 13j",interval,,10000.0,288.0,interval,0,2022,Running_Log_2022.xlsx
2022-08-30,2022,8,242,2,4.1,23.0,336.5853658536586,24.0,4.0,overcast,dry,,morning,Hoka Mach 4,centennial,163.0,Unknown,solo,rec@5:36,recovery,336.0,,,,0,2022,Running_Log_2022.xlsx
2022-08-31,2022,8,243,3,5.2,28.0,323.07692307692304,27.0,6.0,clear,dry,,late,Hoka Mach 4,centennial,161.9,Unknown,solo,rec@5:23,recovery,323.0,,,,0,2022,Running_Log_2022.xlsx
2022-09-01,2022,9,244,4,17.6,107.0,364.77272727272725,23.0,4.0,clear,dry,,morning,Hoka Mach 4,belle meade,158.9,Unknown,solo,long@6:04,long,364.0,,,,0,2022,Running_Log_2022.xlsx
2022-09-02,2022,9,245,5,5.1,29.0,341.1764705882353,28.0,5.0,clear,dry,,morning,Hoka Mach 4,centennial,163.0,Unknown,solo,rec@5:41,recovery,341.0,,,,0,2022,Running_Log_2022.xlsx
2022-09-03,2022,9,246,6,7.1,41.0,346.4788732394366,24.0,4.0,light rain,wet,,afternoon,Hoka Mach 4,mccabe,161.9,Unknown,solo,rec@5:46,recovery,346.0,,,,0,2022,Running_Log_2022.xlsx
2022-09-04,2022,9,247,7,5.1,30.0,352.94117647058823,24.0,4.0,cloudy,dry,,morning,Hoka Mach 4,centennial,,Unknown,solo,rec@5:52,recovery,352.0,,,,0,2022,Running_Log_2022.xlsx
2022-09-05,2022,9,248,1,8.6,48.0,334.8837209302326,29.0,6.0,cloudy,dry,,afternoon,Hoka Mach 4,love circle,159.7,Unknown,solo,"13j, 22hc-5x lc, 13j",hill_cont,,,,,0,2022,Running_Log_2022.xlsx
2022-09-06,2022,9,249,2,5.1,28.0,329.4117647058824,25.0,4.0,cloudy,dry,,afternoon,Hoka Mach 4,centennial,161.2,Unknown,solo,rec@5:29,recovery,329.0,,,,0,2022,Running_Log_2022.xlsx
2022-09-07,2022,9,250,3,4.0,24.0,360.0,22.0,3.0,cloudy,dry,,morning,Hoka Mach 4,centennial,161.2,Unknown,solo,rec@6:00,recovery,360.0,,,,0,2022,Running_Log_2022.xlsx
2022-09-08,2022,9,251,4,17.6,103.0,351.1363636363636,22.0,4.0,clear,dry,,morning,Hoka Mach 4,belle meade,157.6,Unknown,solo,long@5:51,long,351.0,,,,0,2022,Running_Log_2022.xlsx
2022-09-09,2022,9,252,5,5.1,28.0,329.4117647058824,30.0,4.0,cloudy,dry,,afternoon,Hoka Mach 4,centennial,160.3,Unknown,solo,rec@5:29,recovery,329.0,,,,0,2022,Running_Log_2022.xlsx
2022-09-10,2022,9,253,6,4.4,24.0,327.27272727272725,23.0,4.0,light rain,wet,,morning,Hoka Mach 4,centennial,161.9,Unknown,solo,rec@5:27,recovery,327.0,,,,0,2022,Running_Log_2022.xlsx
2022-09-11,2022,9,254,7,7.1,41.0,346.4788732394366,25.0,5.0,cloudy,wet,,afternoon,Hoka Mach 4,mccabe,159.7,Unknown,solo,rec@5:46,recovery,346.0,,,,0,2022,Running_Log_2022.xlsx
2022-09-12,2022,9,255,1,9.4,49.0,312.7659574468085,16.0,4.0,clear,dry,,morning,Nike ZoomX Dragonfly,rose park,162.5,Track,solo,"12j, 5000i@4:34 (5:00 rest/mi), 13j",interval,,5000.0,274.0,interval,0,2022,Running_Log_2022.xlsx
2022-09-13,2022,9,256,2,5.1,28.0,329.4117647058824,26.0,5.0,clear,dry,,afternoon,Hoka Mach 4,centennial,160.4,Unknown,solo,rec@5:29,recovery,329.0,,,,0,2022,Running_Log_2022.xlsx
2022-09-14,2022,9,257,3,5.1,29.0,341.1764705882353,26.0,4.0,clear,dry,,afternoon,Hoka Mach 4,centennial,162.5,Unknown,solo,rec@5:41,recovery,341.0,,,,0,2022,Running_Log_2022.xlsx
2022-09-15,2022,9,258,4,20.7,119.0,344.92753623188406,20.0,3.0,clear,dry,,morning,Hoka Mach 4,greenway,158.3,Unknown,solo,long@5:44,long,344.0,,,,0,2022,Running_Log_2022.xlsx
2022-09-16,2022,9,259,5,4.0,23.0,345.0,22.0,5.0,clear,dry,,morning,Hoka Mach 4,centennial,160.5,Unknown,solo,rec@5:45,recovery,345.0,,,,0,2022,Running_Log_2022.xlsx
2022-09-17,2022,9,260,6,7.1,41.0,346.4788732394366,27.0,5.0,clear,dry,,morning,Hoka Mach 4,mccabe,161.2,Unknown,solo,rec@5:46,recovery,346.0,,,,0,2022,Running_Log_2022.xlsx
2022-09-18,2022,9,261,7,5.1,28.0,329.4117647058824,31.0,6.0,clear,dry,,afternoon,Hoka Mach 4,centennial,158.3,Unknown,solo,rec@5:29,recovery,329.0,,,,0,2022,Running_Log_2022.xlsx
2022-09-19,2022,9,262,1,12.6,66.0,314.2857142857143,22.0,3.0,clear,dry,,morning,Nike ZoomX Dragonfly,rose park,158.3,Track,solo,"12j, 10000i@4:47 (3:00 rest/mi), 13j",interval,,10000.0,287.0,interval,0,2022,Running_Log_2022.xlsx
2022-09-20,2022,9,263,2,4.0,23.0,345.0,36.0,5.0,clear,dry,,afternoon,Hoka Mach 4,centennial,159.7,Unknown,solo,rec@5:45,recovery,345.0,,,,0,2022,Running_Log_2022.xlsx
2022-09-21,2022,9,264,3,4.0,24.0,360.0,30.0,4.0,clear,dry,,morning,Hoka Mach 4,centennial,161.2,Unknown,solo,rec@6:00,recovery,360.0,,,,0,2022,Running_Log_2022.xlsx
2022-09-22,2022,9,265,4,5.1,29.0,341.1764705882353,24.0,4.0,cloudy,dry,,morning,Hoka Mach 4,centennial,163.8,Unknown,solo,rec@5:41,recovery,341.0,,,,0,2022,Running_Log_2022.xlsx
2022-09-23,2022,9,266,5,17.6,98.0,334.09090909090907,15.0,4.0,clear,dry,,morning,Hoka Mach 4,belle meade,160.5,Unknown,solo,long@5:34,long,334.0,,,,0,2022,Running_Log_2022.xlsx
2022-09-24,2022,9,267,6,5.1,29.0,341.1764705882353,20.0,4.0,overcast,wet,,morning,Hoka Mach 4,centennial,,Unknown,solo,rec@5:41,recovery,341.0,,,,0,2022,Running_Log_2022.xlsx
2022-09-25,2022,9,268,7,4.0,23.0,345.0,22.0,4.0,cloudy,dry,,morning,Hoka Mach 4,centennial,161.4,Unknown,solo,rec@5:45,recovery,345.0,,,,0,2022,Running_Log_2022.xlsx
2022-09-26,2022,9,269,1,7.1,42.0,354.92957746478874,18.0,4.0,clear,dry,,morning,Hoka Mach 4,mccabe,160.5,Unknown,solo,rec@5:54,recovery,354.0,,,,0,2022,Running_Log_2022.xlsx
2022-09-27,2022,9,270,2,7.1,40.0,338.02816901408454,14.0,4.0,clear,dry,,morning,Hoka Mach 4,mccabe,161.4,Unknown,solo,rec@5:38,recovery,338.0,,,,0,2022,Running_Log_2022.xlsx
2022-09-28,2022,9,271,3,5.1,28.0,329.4117647058824,15.0,4.0,clear,dry,,morning,Hoka Mach 4,centennial,163.8,Unknown,solo,rec@5:29,recovery,329.0,,,,0,2022,Running_Log_2022.xlsx
2022-09-29,2022,9,272,4,17.6,95.0,323.8636363636363,13.0,5.0,clear,dry,,morning,Nike Alphafly Next%,belle meade,159.8,Unknown,solo,long@5:23,long,323.0,,,,0,2022,Running_Log_2022.xlsx
2022-09-30,2022,9,273,5,5.1,29.0,341.1764705882353,15.0,5.0,clear,dry,,morning,Hoka Mach 4,centennial,162.5,Unknown,solo,rec@5:41,recovery,341.0,,,,0,2022,Running_Log_2022.xlsx
2022-10-01,2022,10,274,6,7.1,41.0,346.4788732394366,16.0,4.0,clear,dry,,morning,Hoka Mach 4,mccabe,162.5,Unknown,solo,rec@5:46,recovery,346.0,,,,0,2022,Running_Log_2022.xlsx
2022-10-02,2022,10,275,7,5.1,29.0,341.1764705882353,15.0,5.0,clear,dry,,morning,Hoka Mach 4,centennial,162.5,Unknown,solo,rec@5:41,recovery,341.0,,,,0,2022,Running_Log_2022.xlsx
2022-10-03,2022,10,276,1,7.1,42.0,354.92957746478874,16.0,3.0,clear,dry,,morning,Hoka Mach 4,mccabe,161.4,Unknown,solo,rec@5:54,recovery,354.0,,,,0,2022,Running_Log_2022.xlsx
2022-10-04,2022,10,277,2,5.1,28.0,329.4117647058824,13.0,5.0,clear,dry,,morning,Hoka Mach 4,centennial,163.8,Unknown,solo,rec@5:29,recovery,329.0,,,,0,2022,Running_Log_2022.xlsx
2022-10-05,2022,10,278,3,6.1,33.0,324.59016393442624,15.0,4.0,clear,dry,,morning,Hoka Mach 4,centennial,162.5,Unknown,solo,rec@5:24,recovery,324.0,,,,0,2022,Running_Log_2022.xlsx
2022-10-06,2022,10,279,4,5.1,29.0,341.1764705882353,15.0,4.0,clear,dry,,morning,Hoka Mach 4,centennial,162.5,Unknown,solo,rec@5:41,recovery,341.0,,,,0,2022,Running_Log_2022.xlsx
2022-10-07,2022,10,280,5,4.0,24.0,360.0,15.0,3.0,clear,dry,,morning,Hoka Mach 4,centennial,162.5,Unknown,solo,rec@6:00,recovery,360.0,,,,0,2022,Running_Log_2022.xlsx
2022-10-08,2022,10,281,6,13.1,68.0,311.4503816793893,7.0,4.0,clear,dry,,morning,Nike Alphafly Next%,murfreesboro,161.4,Unknown,solo,21098 race@1:08:22 [The Middle Half],race,,,,,1,2022,Running_Log_2022.xlsx
2022-10-09,2022,10,282,7,4.9,28.0,342.85714285714283,20.0,5.0,clear,dry,,afternoon,Hoka Mach 4,mccabe,162.5,Unknown,solo,rec@5:42,recovery,342.0,,,,0,2022,Running_Log_2022.xlsx
2022-10-10,2022,10,283,1,5.1,28.0,329.4117647058824,10.0,4.0,clear,dry,,morning,Hoka Mach 4,centennial,164.6,Unknown,solo,rec@5:29,recovery,329.0,,,,0,2022,Running_Log_2022.xlsx
2022-10-11,2022,10,284,2,7.1,41.0,346.4788732394366,25.0,4.0,clear,dry,,afternoon,Hoka Mach 4,mccabe,159.8,Unknown,solo,rec@5:46,recovery,346.0,,,,0,2022,Running_Log_2022.xlsx
2022-10-12,2022,10,285,3,4.0,23.0,345.0,21.0,4.0,clear,dry,,morning,Hoka Mach 4,centennial,160.5,Unknown,solo,rec@5:45,recovery,345.0,,,,0,2022,Running_Log_2022.xlsx
2022-10-13,2022,10,286,4,6.1,35.0,344.26229508196724,19.0,5.0,clear,dry,,morning,Hoka Mach 4,mccabe,161.4,Unknown,solo,rec@5:44,recovery,344.0,,,,0,2022,Running_Log_2022.xlsx
2022-10-14,2022,10,287,5,20.7,117.0,339.1304347826087,13.0,4.0,clear,dry,,morning,Hoka Mach 4,greenway,157.5,Unknown,solo,long@5:39,long,339.0,,,,0,2022,Running_Log_2022.xlsx
2022-10-15,2022,10,288,6,6.1,35.0,344.26229508196724,22.0,5.0,cloudy,dry,,morning,Hoka Mach 4,mccabe,159.8,Unknown,solo,rec@5:44,recovery,344.0,,,,0,2022,Running_Log_2022.xlsx
2022-10-16,2022,10,289,7,5.1,29.0,341.1764705882353,17.0,4.0,cloudy,dry,,morning,Hoka Mach 4,centennial,160.5,Unknown,solo,rec@5:41,recovery,341.0,,,,0,2022,Running_Log_2022.xlsx
2022-10-17,2022,10,290,1,8.6,47.0,327.90697674418607,14.0,5.0,cloudy,dry,,afternoon,Hoka Mach 4,love circle,161.5,Unknown,solo,"12j, 22hc-5x lc, 13j",hill_cont,,,,,0,2022,Running_Log_2022.xlsx
2022-10-18,2022,10,291,2,5.1,27.0,317.64705882352945,4.0,4.0,clear,dry,,morning,Hoka Mach 4,centennial,161.5,Unknown,solo,rec@5:17,recovery,317.0,,,,0,2022,Running_Log_2022.xlsx
2022-10-19,2022,10,292,3,4.0,23.0,345.0,5.0,4.0,clear,dry,,morning,Hoka Mach 4,centennial,,Unknown,solo,rec@5:45,recovery,345.0,,,,0,2022,Running_Log_2022.xlsx
2022-10-20,2022,10,293,4,6.1,34.0,334.42622950819674,7.0,4.0,clear,dry,,morning,Hoka Mach 4,mccabe,162.5,Unknown,solo,rec@5:34,recovery,334.0,,,,0,2022,Running_Log_2022.xlsx
2022-10-21,2022,10,294,5,17.6,98.0,334.09090909090907,6.0,4.0,clear,dry,,morning,Hoka Mach 4,belle meade,161.5,Unknown,solo,long@5:34,long,334.0,,,,0,2022,Running_Log_2022.xlsx
2022-10-22,2022,10,295,6,5.1,29.0,341.1764705882353,19.0,5.0,cloudy,dry,,morning,Hoka Mach 4,centennial,160.5,Unknown,solo,rec@5:41,recovery,341.0,,,,0,2022,Running_Log_2022.xlsx
2022-10-23,2022,10,296,7,4.0,23.0,345.0,19.0,0.0,clear,dry,,morning,Hoka Mach 4,centennial,163.8,Unknown,solo,rec@5:45,recovery,345.0,,,,0,2022,Running_Log_2022.xlsx
2022-10-24,2022,10,297,1,5.9,34.0,345.76271186440675,16.0,7.0,clear,dry,,morning,Hoka Mach 4,mccabe,161.5,Unknown,solo,rec@5:45,recovery,345.0,,,,0,2022,Running_Log_2022.xlsx
2022-10-25,2022,10,298,2,5.1,27.0,317.64705882352945,20.0,5.0,heavy rain,wet,,afternoon,Hoka Mach 4,centennial,162.5,Unknown,solo,rec@5:17,recovery,317.0,,,,0,2022,Running_Log_2022.xlsx
2022-10-26,2022,10,299,3,5.9,33.0,335.59322033898303,9.0,5.0,overcast,dry,,morning,Hoka Mach 4,mccabe,162.5,Unknown,solo,rec@5:35,recovery,335.0,,,,0,2022,Running_Log_2022.xlsx
2022-10-27,2022,10,300,4,20.7,114.0,330.4347826086957,7.0,4.0,clear,dry,,morning,Hoka Mach 4,greenway,159.3,Unknown,solo,long@5:30,long,330.0,,,,0,2022,Running_Log_2022.xlsx
2022-10-28,2022,10,301,5,6.7,38.0,340.29850746268653,22.0,5.0,clear,dry,,afternoon,Hoka Mach 4,mccabe,162.2,Unknown,solo,rec@5:40,recovery,340.0,,,,0,2022,Running_Log_2022.xlsx
2022-10-29,2022,10,302,6,5.9,34.0,345.76271186440675,15.0,4.0,cloudy,dry,,morning,Hoka Mach 4,mccabe,162.2,Unknown,solo,rec@5:45,recovery,345.0,,,,0,2022,Running_Log_2022.xlsx
2022-10-30,2022,10,303,7,5.1,30.0,352.94117647058823,15.0,5.0,light rain,wet,,morning,Hoka Mach 4,centennial,163.1,Unknown,solo,rec@5:52,recovery,352.0,,,,0,2022,Running_Log_2022.xlsx
2022-10-31,2022,10,304,1,4.0,22.0,330.0,18.0,5.0,overcast,dry,,afternoon,Hoka Mach 4,centennial,160.1,Unknown,solo,rec@5:30,recovery,330.0,,,,0,2022,Running_Log_2022.xlsx
2022-11-01,2022,11,305,2,5.9,34.0,345.76271186440675,15.0,4.0,clear,wet,,morning,Hoka Mach 4,mccabe,160.7,Unknown,solo,rec@5:45,recovery,345.0,,,,0,2022,Running_Log_2022.xlsx
2022-11-02,2022,11,306,3,12.6,65.0,309.5238095238095,15.0,4.0,overcast,wet,,morning,Nike ZoomX Dragonfly,rose park,159.0,Track,solo,"12j, 10000i@4:42 (3:00 rest/mi), 13j",interval,,10000.0,282.0,interval,0,2022,Running_Log_2022.xlsx
2022-11-03,2022,11,307,4,4.0,23.0,345.0,12.0,5.0,clear,dry,,morning,Hoka Mach 4,centennial,159.7,Unknown,solo,rec@5:45,recovery,345.0,,,,0,2022,Running_Log_2022.xlsx
2022-11-04,2022,11,308,5,5.9,34.0,345.76271186440675,23.0,4.0,clear,dry,,morning,Hoka Mach 4,mccabe,159.7,Unknown,solo,rec@5:45,recovery,345.0,,,,0,2022,Running_Log_2022.xlsx
2022-11-05,2022,11,309,6,4.0,23.0,345.0,20.0,5.0,light rain,wet,,morning,Hoka Mach 4,centennial,163.0,Unknown,solo,rec@5:45,recovery,345.0,,,,0,2022,Running_Log_2022.xlsx
2022-11-06,2022,11,310,7,5.1,29.0,341.1764705882353,20.0,4.0,cloudy,dry,,morning,Hoka Mach 4,centennial,162.2,Unknown,solo,rec@5:41,recovery,341.0,,,,0,2022,Running_Log_2022.xlsx
2022-11-07,2022,11,311,1,5.1,29.0,341.1764705882353,18.0,4.0,overcast,wet,,morning,Hoka Mach 4,centennial,161.5,Unknown,solo,rec@5:41,recovery,341.0,,,,0,2022,Running_Log_2022.xlsx
2022-11-08,2022,11,312,2,7.2,42.0,350.0,19.0,4.0,cloudy,dry,,morning,Hoka Mach 4,north greenway,159.2,Unknown,solo,rec@5:50,recovery,350.0,,,,0,2022,Running_Log_2022.xlsx
2022-11-09,2022,11,313,3,5.9,34.0,345.76271186440675,18.0,4.0,clear,dry,,morning,Hoka Mach 4,mccabe,160.7,Unknown,solo,rec@5:45,recovery,345.0,,,,0,2022,Running_Log_2022.xlsx
2022-11-10,2022,11,314,4,4.0,24.0,360.0,15.0,5.0,clear,dry,,morning,Hoka Mach 4,centennial,162.2,Unknown,solo,rec@6:00,recovery,360.0,,,,0,2022,Running_Log_2022.xlsx
2022-11-11,2022,11,315,5,3.0,17.0,340.0,15.0,4.0,overcast,wet,,morning,Hoka Mach 4,centennial,162.2,Unknown,solo,rec@5:40,recovery,340.0,,,,0,2022,Running_Log_2022.xlsx
2022-11-12,2022,11,316,6,26.4,149.0,338.6363636363637,1.0,4.0,overcast,wet,,morning,Nike Alphafly Next%,greenway,160.2,Unknown,solo,42195 race@2:28:51 [Nashville Marathon],race,,,,,1,2022,Running_Log_2022.xlsx
2022-11-13,2022,11,317,7,4.0,23.0,345.0,1.0,5.0,overcast,dry,,morning,Hoka Mach 4,centennial,163.0,Unknown,solo,rec@5:45,recovery,345.0,,,,0,2022,Running_Log_2022.xlsx
2022-11-14,2022,11,318,1,4.9,28.0,342.85714285714283,10.0,6.0,cloudy,dry,,afternoon,Hoka Mach 4,mccabe,162.2,Unknown,solo,rec@5:42,recovery,342.0,,,,0,2022,Running_Log_2022.xlsx
2022-11-15,2022,11,319,2,7.5,43.0,344.0,8.0,4.0,overcast,dry,,afternoon,Hoka Mach 4,east nashville,158.2,Unknown,solo,rec@5:44,recovery,344.0,,,,0,2022,Running_Log_2022.xlsx
2022-11-16,2022,11,320,3,5.1,28.0,329.4117647058824,7.0,4.0,clear,dry,,afternoon,Hoka Mach 4,centennial,159.9,Unknown,solo,rec@5:29,recovery,329.0,,,,0,2022,Running_Log_2022.xlsx
2022-11-17,2022,11,321,4,4.0,22.0,330.0,1.0,4.0,clear,dry,,morning,Hoka Mach 4,centennial,159.9,Unknown,solo,rec@5:30,recovery,330.0,,,,0,2022,Running_Log_2022.xlsx
2022-11-18,2022,11,322,5,7.2,41.0,341.6666666666667,4.0,3.0,clear,dry,,morning,Hoka Mach 4,mccabe,159.9,Unknown,solo,rec@5:41,recovery,341.0,,,,0,2022,Running_Log_2022.xlsx
2022-11-19,2022,11,323,6,5.9,32.0,325.4237288135593,7.0,4.0,clear,dry,,afternoon,Hoka Mach 4,mccabe,161.4,Unknown,solo,rec@5:25,recovery,325.0,,,,0,2022,Running_Log_2022.xlsx
2022-11-20,2022,11,324,7,4.0,23.0,345.0,0.0,4.0,clear,dry,,morning,Hoka Mach 4,centennial,162.3,Unknown,solo,rec@5:45,recovery,345.0,,,,0,2022,Running_Log_2022.xlsx
2022-11-21,2022,11,325,1,4.0,23.0,345.0,2.0,4.0,clear,dry,,morning,Hoka Mach 4,centennial,163.0,Unknown,solo,rec@5:45,recovery,345.0,,,,0,2022,Running_Log_2022.xlsx
2022-11-22,2022,11,326,2,6.1,33.0,324.59016393442624,14.0,5.0,clear,dry,,afternoon,Hoka Mach 4,mccabe,161.3,Unknown,solo,rec@5:24,recovery,324.0,,,,0,2022,Running_Log_2022.xlsx
2022-11-23,2022,11,327,3,5.1,28.0,329.4117647058824,13.0,4.0,clear,dry,,morning,Hoka Mach 4,centennial,159.9,Unknown,solo,rec@5:29,recovery,329.0,,,,0,2022,Running_Log_2022.xlsx
2022-11-24,2022,11,328,4,6.9,39.0,339.1304347826087,20.0,5.0,cloudy,dry,,afternoon,Hoka Mach 4,mccabe,158.2,Unknown,solo,rec@5:39,recovery,339.0,,,,0,2022,Running_Log_2022.xlsx
2022-11-25,2022,11,329,5,5.1,28.0,329.4117647058824,17.0,5.0,overcast,dry,,afternoon,Hoka Mach 4,centennial,161.2,Unknown,solo,rec@5:29,recovery,329.0,,,,0,2022,Running_Log_2022.xlsx
2022-11-26,2022,11,330,6,7.1,41.0,346.4788732394366,13.0,4.0,overcast,wet,,late,Hoka Mach 4,mccabe,159.9,Unknown,solo,rec@5:46,recovery,346.0,,,,0,2022,Running_Log_2022.xlsx
2022-11-27,2022,11,331,7,4.0,23.0,345.0,12.0,4.0,clear,dry,,morning,Hoka Mach 4,centennial,161.3,Unknown,solo,rec@5:45,recovery,345.0,,,,0,2022,Running_Log_2022.xlsx
2022-11-28,2022,11,332,1,6.1,33.0,324.59016393442624,13.0,5.0,clear,dry,,late,Hoka Mach 4,mccabe,161.3,Unknown,solo,rec@5:24,recovery,324.0,,,,0,2022,Running_Log_2022.xlsx
2022-11-29,2022,11,333,2,7.1,40.0,338.02816901408454,18.0,5.0,heavy rain,wet,,afternoon,Hoka Mach 4,mccabe,161.3,Unknown,solo,rec@5:38,recovery,338.0,,,,0,2022,Running_Log_2022.xlsx
2022-11-30,2022,11,334,3,4.0,22.0,330.0,4.0,5.0,clear,dry,,morning,Hoka Mach 4,centennial,163.0,Unknown,solo,rec@5:30,recovery,330.0,,,,0,2022,Running_Log_2022.xlsx
2022-12-01,2022,12,335,4,17.6,94.0,320.45454545454544,5.0,6.0,clear,dry,,afternoon,Hoka Mach 4,belle meade,160.5,Unknown,solo,long@5:20,long,320.0,,,,0,2022,Running_Log_2022.xlsx
2022-12-02,2022,12,336,5,5.1,29.0,341.1764705882353,9.0,5.0,overcast,dry,,morning,Hoka Mach 4,centennial,161.3,Unknown,solo,rec@5:41,recovery,341.0,,,,0,2022,Running_Log_2022.xlsx
2022-12-03,2022,12,337,6,6.1,35.0,344.26229508196724,16.0,5.0,overcast,wet,,morning,Hoka Mach 4,mccabe,164.8,Unknown,solo,rec@5:44,recovery,344.0,,,,0,2022,Running_Log_2022.xlsx
2022-12-04,2022,12,338,7,4.0,22.0,330.0,3.0,5.0,overcast,dry,,morning,Hoka Mach 4,centennial,,Unknown,solo,rec@5:30,recovery,330.0,,,,0,2022,Running_Log_2022.xlsx
2022-12-05,2022,12,339,1,12.6,63.0,300.0,5.0,4.0,light rain,wet,,morning,Nike ZoomX Dragonfly,rose park,162.3,Track,solo,"11j, 10000i@4:41 (3:00 rest/mi), 12j",interval,,10000.0,281.0,interval,0,2022,Running_Log_2022.xlsx
2022-12-06,2022,12,340,2,5.9,33.0,335.59322033898303,21.0,5.0,overcast,wet,,afternoon,Hoka Mach 4,mccabe,160.5,Unknown,solo,rec@5:35,recovery,335.0,,,,0,2022,Running_Log_2022.xlsx
2022-12-07,2022,12,341,3,5.1,29.0,341.1764705882353,19.0,4.0,light rain,wet,,morning,Hoka Mach 4,centennial,161.3,Unknown,solo,rec@5:41,recovery,341.0,,,,0,2022,Running_Log_2022.xlsx
2022-12-08,2022,12,342,4,10.7,58.0,325.2336448598131,13.0,4.0,heavy rain,wet,,morning,Hoka Mach 4,north greenway,162.4,Unknown,solo,rec@5:25,recovery,325.0,,,,0,2022,Running_Log_2022.xlsx
2022-12-09,2022,12,343,5,6.9,40.0,347.82608695652175,16.0,4.0,overcast,wet,,afternoon,Hoka Mach 4,mccabe,,Unknown,solo,rec@5:47,recovery,347.0,,,,0,2022,Running_Log_2022.xlsx
2022-12-10,2022,12,344,6,5.9,32.0,325.4237288135593,12.0,4.0,light rain,wet,,afternoon,Hoka Mach 4,mccabe,161.3,Unknown,solo,rec@5:25,recovery,325.0,,,,0,2022,Running_Log_2022.xlsx
2022-12-11,2022,12,345,7,5.1,29.0,341.1764705882353,10.0,3.0,overcast,dry,,morning,Hoka Mach 4,centennial,,Unknown,solo,rec@5:41,recovery,341.0,,,,0,2022,Running_Log_2022.xlsx
2022-12-12,2022,12,346,1,9.1,47.0,309.8901098901099,7.0,4.0,overcast,dry,,morning,Nike ZoomX Dragonfly,rose park,162.2,Track,solo,"12j, 5000f@4:27 (3:00 rest/mi), 12j",fartlek,,5000.0,267.0,fartlek,0,2022,Running_Log_2022.xlsx
2022-12-13,2022,12,347,2,5.1,28.0,329.4117647058824,16.0,4.0,overcast,dry,,late,Hoka Mach 4,centennial,161.3,Unknown,solo,rec@5:29,recovery,329.0,,,,0,2022,Running_Log_2022.xlsx
2022-12-14,2022,12,348,3,7.1,41.0,346.4788732394366,12.0,3.0,overcast,wet,,morning,Hoka Mach 4,mccabe,161.3,Unknown,solo,rec@5:46,recovery,346.0,,,,0,2022,Running_Log_2022.xlsx
2022-12-15,2022,12,349,4,5.1,28.0,329.4117647058824,10.0,4.0,clear,dry,,afternoon,Hoka Mach 4,centennial,162.9,Unknown,solo,rec@5:29,recovery,329.0,,,,0,2022,Running_Log_2022.xlsx
2022-12-16,2022,12,350,5,20.7,116.0,336.231884057971,8.0,5.0,clear,dry,,afternoon,Hoka Mach 4,greenway,158.2,Unknown,solo,long@5:36,long,336.0,,,,0,2022,Running_Log_2022.xlsx
2022-12-17,2022,12,351,6,5.1,28.0,329.4117647058824,6.0,5.0,cloudy,dry,,late,Hoka Mach 4,centennial,160.5,Unknown,solo,rec@5:29,recovery,329.0,,,,0,2022,Running_Log_2022.xlsx
2022-12-18,2022,12,352,7,4.0,23.0,345.0,-1.0,4.0,clear,dry,,morning,Hoka Mach 4,centennial,162.9,Unknown,solo,rec@5:45,recovery,345.0,,,,0,2022,Running_Log_2022.xlsx
2022-12-19,2022,12,353,1,6.1,33.0,324.59016393442624,5.0,4.0,overcast,dry,,late,Hoka Mach 4,mccabe,162.9,Unknown,solo,rec@5:24,recovery,324.0,,,,0,2022,Running_Log_2022.xlsx
2022-12-20,2022,12,354,2,6.6,35.0,318.1818181818182,4.0,5.0,cloudy,dry,,morning,Nike ZoomX Dragonfly,rose park,162.9,Track,solo,"12j, 3200 race@9:32.5, 13j [Time trial]",race,,,,,1,2022,Running_Log_2022.xlsx
2022-12-21,2022,12,355,3,5.1,29.0,341.1764705882353,3.0,6.0,cloudy,dry,,afternoon,Hoka Mach 4,centennial,159.9,Unknown,solo,rec@5:41,recovery,341.0,,,,0,2022,Running_Log_2022.xlsx
2022-12-22,2022,12,356,4,7.1,39.0,329.5774647887324,11.0,5.0,overcast,dry,,afternoon,Hoka Mach 4,mccabe,162.9,Unknown,solo,rec@5:29,recovery,329.0,,,,0,2022,Running_Log_2022.xlsx
2022-12-23,2022,12,357,5,3.0,16.0,320.0,-14.0,5.0,cloudy,snow,,afternoon,Hoka Mach 4,centennial,158.9,Unknown,solo,rec@5:20,recovery,320.0,,,,0,2022,Running_Log_2022.xlsx
2022-12-24,2022,12,358,6,5.1,27.0,317.64705882352945,-7.0,5.0,clear,snow,,afternoon,Hoka Mach 4,centennial,160.5,Unknown,solo,rec@5:17,recovery,317.0,,,,0,2022,Running_Log_2022.xlsx
2022-12-25,2022,12,359,7,4.0,22.0,330.0,-7.0,4.0,clear,snow,,morning,Hoka Mach 4,centennial,159.3,Unknown,solo,rec@5:30,recovery,330.0,,,,0,2022,Running_Log_2022.xlsx
2022-12-26,2022,12,360,1,10.0,56.0,336.0,10.0,5.0,overcast,wet,,afternoon,Nike Vaporfly Next%,pipeline,157.0,Unknown,solo,rec@5:36,recovery,336.0,,,,0,2022,Running_Log_2022.xlsx
2022-12-27,2022,12,361,2,5.0,27.0,324.0,8.0,5.0,light rain,wet,,late,Hoka Mach 4,nike>powerline,161.0,Unknown,solo,rec@5:24,recovery,324.0,,,,0,2022,Running_Log_2022.xlsx
2022-12-28,2022,12,362,3,5.1,29.0,341.1764705882353,7.0,5.0,cloudy,wet,,morning,Hoka Clifton 8,nike>nature,,Unknown,solo,rec@5:41,recovery,341.0,,,,0,2022,Running_Log_2022.xlsx
2022-12-29,2022,12,363,4,10.2,60.0,352.94117647058823,7.0,4.0,overcast,wet,,afternoon,Hoka Clifton 8,english hill,160.2,Unknown,solo,rec@5:52,recovery,352.0,,,,0,2022,Running_Log_2022.xlsx
2022-12-30,2022,12,364,5,6.4,38.0,356.25,8.0,6.0,overcast,wet,,late,Hoka Clifton 8,suburbia,160.2,Unknown,solo,rec@5:56,recovery,356.0,,,,0,2022,Running_Log_2022.xlsx
2022-12-31,2022,12,365,6,5.1,30.0,352.94117647058823,8.0,6.0,overcast,wet,,afternoon,Hoka Clifton 8,nike>nature,159.0,Unknown,solo,rec@5:52,recovery,352.0,,,,0,2022,Running_Log_2022.xlsx
2023-01-01,2023,1,1,7,7.5,41.0,328.0,7.0,4.0,cloudy,wet,,morning,Nike Alphafly Next%,magnuson,161.2,Unknown,solo,"14j, 5000 race@15:50, 11j [Club Northwest Resolution Run]",race,,,,,1,2022,Running_Log_2023.xlsx
2023-01-02,2023,1,2,1,10.7,59.0,330.8411214953271,7.0,6.0,clear,wet,,late,Hoka Clifton 8,english hill,159.0,Unknown,solo,rec@5:30,recovery,330.0,,,,0,2022,Running_Log_2023.xlsx
2023-01-03,2023,1,3,2,7.0,43.0,368.57142857142856,7.0,6.0,clear,wet,,afternoon,Hoka Clifton 8,farrel-mcwhirter,160.2,Unknown,solo,rec@6:08,recovery,368.0,,,,0,2022,Running_Log_2023.xlsx
2023-01-04,2023,1,4,3,10.1,60.0,356.43564356435644,9.0,4.0,overcast,dry,,afternoon,Hoka Clifton 8,english hill,159.8,Unknown,solo,rec@5:56,recovery,356.0,,,,0,2022,Running_Log_2023.xlsx
2023-01-05,2023,1,5,4,6.4,38.0,356.25,12.0,4.0,overcast,dry,,morning,Hoka Clifton 8,suburbia,159.8,Unknown,solo,rec@5:56,recovery,356.0,,,,0,2022,Running_Log_2023.xlsx
2023-01-06,2023,1,6,5,12.5,67.0,321.6,10.0,4.0,overcast,wet,,late,Hoka Clifton 8,lake samm,158.8,Unknown,solo,long@5:21,long,321.0,,,,0,2022,Running_Log_2023.xlsx
2023-01-07,2023,1,7,6,6.0,35.0,350.0,8.0,5.0,light rain,wet,,afternoon,Hoka Clifton 8,nike>powerline,156.6,Unknown,solo,rec@5:50/6sp,recovery,350.0,,,,0,2022,Running_Log_2023.xlsx
2023-01-08,2023,1,8,7,7.1,41.0,346.4788732394366,9.0,4.0,overcast,dry,,late,Hoka Clifton 8,mccabe,159.3,Unknown,solo,rec@5:46,recovery,346.0,,,,0,2022,Running_Log_2023.xlsx
2023-01-09,2023,1,9,1,8.6,49.0,341.8604651162791,10.0,4.0,cloudy,dry,,late,Hoka Clifton 8,mccabe,161.3,Unknown,solo,rec@5:41,recovery,341.0,,,,0,2022,Running_Log_2023.xlsx
2023-01-10,2023,1,10,2,6.3,36.0,342.8571428571429,12.0,4.0,cloudy,dry,,late,Hoka Clifton 8,centennial,162.1,Unknown,solo,rec@5:42/6sp,recovery,342.0,,,,0,2022,Running_Log_2023.xlsx
2023-01-11,2023,1,11,3,10.2,58.0,341.1764705882353,17.0,4.0,cloudy,dry,,late,Hoka Clifton 8,mccabe,160.5,Unknown,solo,rec@5:41/6sp,recovery,341.0,,,,0,2022,Running_Log_2023.xlsx
2023-01-12,2023,1,12,4,6.1,35.0,344.26229508196724,12.0,5.0,overcast,wet,,afternoon,Hoka Clifton 8,centennial,160.5,Unknown,solo,rec@5:44,recovery,344.0,,,,0,2022,Running_Log_2023.xlsx
2023-01-13,2023,1,13,5,20.5,115.0,336.5853658536585,2.0,5.0,overcast,dry,,afternoon,Hoka Clifton 8,north greenway,159.3,Unknown,solo,long@5:36,long,336.0,,,,0,2022,Running_Log_2023.xlsx
2023-01-14,2023,1,14,6,8.6,49.0,341.8604651162791,3.0,4.0,clear,dry,,afternoon,Hoka Clifton 8,mccabe,160.5,Unknown,solo,rec@5:41,recovery,341.0,,,,0,2022,Running_Log_2023.xlsx
2023-01-15,2023,1,15,7,6.1,37.0,363.93442622950823,1.0,4.0,clear,dry,,morning,Hoka Clifton 8,centennial,160.5,Unknown,solo,rec@6:03,recovery,363.0,,,,0,2022,Running_Log_2023.xlsx
2023-01-16,2023,1,16,1,6.1,35.0,344.26229508196724,14.0,5.0,overcast,wet,,afternoon,Hoka Clifton 8,mccabe,161.3,Unknown,solo,rec@5:44/6sp,recovery,344.0,,,,0,2022,Running_Log_2023.xlsx
2023-01-17,2023,1,17,2,8.6,47.0,327.90697674418607,19.0,3.0,clear,dry,,afternoon,Hoka Clifton 8,mccabe,159.3,Unknown,solo,rec@5:27,recovery,327.0,,,,0,2022,Running_Log_2023.xlsx
2023-01-18,2023,1,18,3,5.1,29.0,341.1764705882353,17.0,5.0,cloudy,dry,,afternoon,Hoka Clifton 8,centennial,,Unknown,solo,rec@5:41,recovery,341.0,,,,0,2022,Running_Log_2023.xlsx
2023-01-19,2023,1,19,4,17.6,90.0,306.8181818181818,14.0,4.0,clear,dry,,late,Saucony Endorphin Pro 3,belle meade,157.0,Unknown,solo,long@5:06,long,306.0,,,,0,2022,Running_Log_2023.xlsx
2023-01-20,2023,1,20,5,6.1,36.0,354.09836065573774,7.0,4.0,clear,dry,,morning,Hoka Clifton 8,centennial,157.0,Unknown,solo,rec@5:54,recovery,354.0,,,,0,2022,Running_Log_2023.xlsx
2023-01-21,2023,1,21,6,5.1,29.0,341.1764705882353,1.0,4.0,overcast,dry,,morning,Hoka Clifton 8,ohio river trail,,Unknown,solo,rec@5:41,recovery,341.0,,,,0,2022,Running_Log_2023.xlsx
2023-01-22,2023,1,22,7,5.1,29.0,341.1764705882353,5.0,3.0,overcast,wet,,morning,Hoka Clifton 8,centennial,161.2,Unknown,solo,rec@5:41,recovery,341.0,,,,0,2022,Running_Log_2023.xlsx
2023-01-23,2023,1,23,1,9.6,48.0,300.0,3.0,4.0,overcast,dry,,morning,Nike ZoomX Dragonfly,rose park,162.1,Track,solo,"11j, 6400i@4:48 (3:00 rest/mi), 12j",interval,,6400.0,288.0,interval,0,2022,Running_Log_2023.xlsx
2023-01-24,2023,1,24,2,8.8,49.0,334.09090909090907,10.0,4.0,overcast,dry,,afternoon,Hoka Clifton 8,mccabe,159.3,Unknown,solo,rec@5:34/6sp,recovery,334.0,,,,0,2022,Running_Log_2023.xlsx
2023-01-25,2023,1,25,3,5.1,29.0,341.1764705882353,11.0,4.0,overcast,wet,,morning,Hoka Clifton 8,centennial,161.2,Unknown,solo,rec@5:41,recovery,341.0,,,,0,2022,Running_Log_2023.xlsx
2023-01-26,2023,1,26,4,20.5,113.0,330.7317073170732,3.0,4.0,overcast,dry,,afternoon,Hoka Clifton 8,north greenway,157.9,Unknown,solo,long@5:30,long,330.0,,,,0,2022,Running_Log_2023.xlsx
2023-01-27,2023,1,27,5,6.4,37.0,346.875,12.0,4.0,clear,dry,,afternoon,Hoka Clifton 8,centennial,160.1,Unknown,solo,rec@5:46,recovery,346.0,,,,0,2022,Running_Log_2023.xlsx
2023-01-28,2023,1,28,6,5.1,29.0,341.1764705882353,8.0,4.0,clear,dry,,morning,Hoka Clifton 8,centennial,162.1,Unknown,solo,rec@5:41,recovery,341.0,,,,0,2022,Running_Log_2023.xlsx
2023-01-29,2023,1,29,7,5.1,28.0,329.4117647058824,11.0,4.0,overcast,wet,,afternoon,Hoka Clifton 8,centennial,162.1,Unknown,solo,rec@5:29,recovery,329.0,,,,0,2022,Running_Log_2023.xlsx
2023-01-30,2023,1,30,1,10.0,58.0,348.0,6.0,4.0,overcast,wet,,late,Hoka Clifton 8,mccabe,161.2,Unknown,solo,rec@5:48,recovery,348.0,,,,0,2022,Running_Log_2023.xlsx
2023-01-31,2023,1,31,2,6.3,35.0,333.3333333333333,-1.0,4.0,light rain,wet,,late,Hoka Clifton 8,centennial,162.1,Unknown,solo,rec@5:33/6sp,recovery,333.0,,,,0,2022,Running_Log_2023.xlsx
2023-02-01,2023,2,32,3,6.9,39.0,339.1304347826087,-1.0,4.0,cloudy,icy,,late,Hoka Clifton 8,mccabe,162.1,Unknown,solo,rec@5:39,recovery,339.0,,,,0,2022,Running_Log_2023.xlsx
2023-02-02,2023,2,33,4,20.5,112.0,327.8048780487805,1.0,5.0,overcast,wet,,late,Hoka Clifton 8,north greenway,158.5,Unknown,solo,long@5:27,long,327.0,,,,0,2022,Running_Log_2023.xlsx
2023-02-03,2023,2,34,5,7.1,42.0,354.92957746478874,-2.0,4.0,clear,dry,,late,Hoka Clifton 8,mccabe,,Unknown,solo,rec@5:54/6sp,recovery,354.0,,,,0,2022,Running_Log_2023.xlsx
2023-02-04,2023,2,35,6,10.2,60.0,352.94117647058823,7.0,6.0,cloudy,dry,,late,Hoka Clifton 8,mccabe,159.3,Unknown,solo,rec@5:52/6sp,recovery,352.0,,,,0,2022,Running_Log_2023.xlsx
2023-02-05,2023,2,36,7,5.1,29.0,341.1764705882353,7.0,4.0,clear,dry,,morning,Hoka Clifton 8,centennial,,Unknown,solo,rec@5:41,recovery,341.0,,,,0,2022,Running_Log_2023.xlsx
2023-02-06,2023,2,37,1,5.1,28.0,329.4117647058824,3.0,4.0,clear,dry,,morning,Hoka Clifton 8,centennial,162.4,Unknown,solo,rec@5:29,recovery,329.0,,,,0,2022,Running_Log_2023.xlsx
2023-02-07,2023,2,38,2,8.8,47.0,320.45454545454544,19.0,4.0,cloudy,dry,,afternoon,Hoka Clifton 8,mccabe,162.4,Unknown,solo,rec@5:20/6sp,recovery,320.0,,,,0,2022,Running_Log_2023.xlsx
2023-02-08,2023,2,39,3,5.1,29.0,341.1764705882353,12.0,4.0,overcast,wet,,morning,Hoka Clifton 8,centennial,162.4,Unknown,solo,rec@5:41,recovery,341.0,,,,0,2022,Running_Log_2023.xlsx
2023-02-09,2023,2,40,4,20.5,110.0,321.9512195121951,13.0,4.0,cloudy,dry,,late,Hoka Clifton 8,north greenway,158.5,Unknown,solo,long@5:21,long,321.0,,,,0,2022,Running_Log_2023.xlsx
2023-02-10,2023,2,41,5,5.6,33.0,353.5714285714286,10.0,4.0,cloudy,dry,,afternoon,Hoka Clifton 8,centennial,159.4,Unknown,solo,rec@5:53,recovery,353.0,,,,0,2022,Running_Log_2023.xlsx
2023-02-11,2023,2,42,6,7.4,42.0,340.5405405405405,11.0,5.0,overcast,dry,,afternoon,Hoka Clifton 8,mccabe,161.2,Unknown,solo,rec@5:40/6sp,recovery,340.0,,,,0,2022,Running_Log_2023.xlsx
2023-02-12,2023,2,43,7,6.1,35.0,344.26229508196724,6.0,4.0,clear,dry,,morning,Hoka Clifton 8,centennial,163.3,Unknown,solo,rec@5:44,recovery,344.0,,,,0,2022,Running_Log_2023.xlsx
2023-02-13,2023,2,44,1,12.6,65.0,309.5238095238095,4.0,4.0,clear,dry,,morning,Nike ZoomX Dragonfly,rose park,163.0,Track,solo,"11j, 10000i@4:45 (3:00 rest/mi), 13j",interval,,10000.0,285.0,interval,0,2022,Running_Log_2023.xlsx
2023-02-14,2023,2,45,2,5.1,28.0,329.4117647058824,19.0,4.0,cloudy,dry,,late,Hoka Clifton 8,centennial,161.2,Unknown,solo,rec@5:29,recovery,329.0,,,,0,2022,Running_Log_2023.xlsx
2023-02-15,2023,2,46,3,10.0,58.0,348.0,21.0,5.0,overcast,dry,,afternoon,Hoka Clifton 8,mccabe,157.7,Unknown,solo,rec@5:48,recovery,348.0,,,,0,2022,Running_Log_2023.xlsx
2023-02-16,2023,2,47,4,6.7,38.0,340.29850746268653,20.0,4.0,overcast,wet,,morning,Hoka Clifton 8,centennial,158.1,Unknown,solo,rec@5:40,recovery,340.0,,,,0,2022,Running_Log_2023.xlsx
2023-02-17,2023,2,48,5,20.7,108.0,313.04347826086956,0.0,5.0,overcast,dry,,late,Saucony Endorphin Pro 3,greenway,159.4,Unknown,solo,long@5:13,long,313.0,,,,0,2022,Running_Log_2023.xlsx
2023-02-18,2023,2,49,6,8.8,50.0,340.9090909090909,10.0,6.0,clear,dry,,afternoon,Hoka Clifton 8,mccabe,162.4,Unknown,solo,rec@5:40/6sp,recovery,340.0,,,,0,2022,Running_Log_2023.xlsx
2023-02-19,2023,2,50,7,5.1,29.0,341.1764705882353,8.0,4.0,clear,dry,,early,Hoka Clifton 8,centennial,163.3,Unknown,solo,rec@5:41,recovery,341.0,,,,0,2022,Running_Log_2023.xlsx
2023-02-20,2023,2,51,1,7.1,40.0,338.02816901408454,9.0,4.0,overcast,dry,,morning,Hoka Clifton 8,boston,,Unknown,solo,rec@5:38,recovery,338.0,,,,0,2022,Running_Log_2023.xlsx
2023-02-21,2023,2,52,2,7.1,40.0,338.02816901408454,19.0,4.0,clear,dry,,afternoon,Hoka Clifton 8,mccabe,161.2,Unknown,solo,rec@5:38,recovery,338.0,,,,0,2022,Running_Log_2023.xlsx
2023-02-22,2023,2,53,3,5.1,28.0,329.4117647058824,22.0,3.0,cloudy,dry,,morning,Hoka Clifton 8,centennial,159.4,Unknown,solo,rec@5:29,recovery,329.0,,,,0,2022,Running_Log_2023.xlsx
2023-02-23,2023,2,54,4,6.9,39.0,339.1304347826087,27.0,4.0,cloudy,dry,,afternoon,Hoka Clifton 8,mccabe,157.1,Unknown,solo,rec@5:39,recovery,339.0,,,,0,2022,Running_Log_2023.xlsx
2023-02-24,2023,2,55,5,5.9,35.0,355.9322033898305,-14.0,4.0,overcast,dry,,morning,Hoka Clifton 8,boulder creek,,Unknown,solo,rec@5:55,recovery,355.0,,,,0,2022,Running_Log_2023.xlsx
2023-02-25,2023,2,56,6,6.4,35.0,328.125,4.0,5.0,clear,dry,,morning,Hoka Clifton 8,boulder creek,,Unknown,solo,rec@5:28,recovery,328.0,,,,0,2022,Running_Log_2023.xlsx
2023-02-26,2023,2,57,7,6.7,38.0,340.29850746268653,9.0,4.0,overcast,wet,,morning,Hoka Clifton 8,centennial,157.7,Unknown,solo,rec@5:40,recovery,340.0,,,,0,2022,Running_Log_2023.xlsx
2023-02-27,2023,2,58,1,11.3,61.0,323.8938053097345,23.0,4.0,cloudy,dry,,afternoon,Hoka Clifton 8,mccabe,157.7,Unknown,solo,rec@5:23,recovery,323.0,,,,0,2022,Running_Log_2023.xlsx
2023-02-28,2023,2,59,2,5.9,34.0,345.76271186440675,24.0,4.0,clear,dry,,afternoon,Hoka Clifton 8,mccabe,159.4,Unknown,solo,rec@5:45,recovery,345.0,,,,0,2022,Running_Log_2023.xlsx
2023-03-01,2023,3,60,3,5.1,29.0,341.1764705882353,18.0,4.0,clear,dry,,morning,Hoka Clifton 8,centennial,157.7,Unknown,solo,rec@5:41,recovery,341.0,,,,0,2022,Running_Log_2023.xlsx
2023-03-02,2023,3,61,4,7.2,41.0,341.6666666666667,17.0,4.0,overcast,dry,,afternoon,Hoka Clifton 8,mccabe,158.4,Unknown,solo,rec@5:41,recovery,341.0,,,,0,2022,Running_Log_2023.xlsx
2023-03-03,2023,3,62,5,4.0,23.0,345.0,22.0,5.0,cloudy,dry,,afternoon,Hoka Clifton 8,centennial,,Unknown,solo,rec@5:45,recovery,345.0,,,,0,2022,Running_Log_2023.xlsx
2023-03-04,2023,3,63,6,15.6,86.0,330.7692307692308,8.0,4.0,cloudy,dry,,morning,Hoka Clifton 8,greenway,159.2,Unknown,solo,"8j, 21098 race@1:09:31, 8j [Tom King Classic]",race,,,,,1,2022,Running_Log_2023.xlsx
2023-03-05,2023,3,64,7,3.0,19.0,380.0,11.0,5.0,clear,dry,,morning,Hoka Clifton 8,centennial,,Unknown,solo,rec@6:20,recovery,380.0,,,,0,2022,Running_Log_2023.xlsx
2023-03-06,2023,3,65,1,7.2,43.0,358.3333333333333,24.0,5.0,clear,dry,,late,Hoka Clifton 8,mccabe,160.1,Unknown,solo,rec@5:58,recovery,358.0,,,,0,2022,Running_Log_2023.xlsx
2023-03-07,2023,3,66,2,8.5,49.0,345.88235294117646,15.0,5.0,clear,dry,,late,Hoka Clifton 8,mccabe,159.2,Unknown,solo,rec@5:45,recovery,345.0,,,,0,2022,Running_Log_2023.xlsx
2023-03-08,2023,3,67,3,5.1,30.0,352.94117647058823,10.0,4.0,clear,dry,,morning,Hoka Clifton 8,centennial,161.2,Unknown,solo,rec@5:52,recovery,352.0,,,,0,2022,Running_Log_2023.xlsx
2023-03-09,2023,3,68,4,7.2,42.0,350.0,14.0,5.0,overcast,wet,,afternoon,Hoka Clifton 8,mccabe,160.1,Unknown,solo,rec@5:50,recovery,350.0,,,,0,2022,Running_Log_2023.xlsx
2023-03-10,2023,3,69,5,11.3,65.0,345.13274336283183,10.0,4.0,clear,dry,,late,Hoka Clifton 8,mccabe,157.7,Unknown,solo,rec@5:45,recovery,345.0,,,,0,2022,Running_Log_2023.xlsx
2023-03-11,2023,3,70,6,8.3,48.0,346.9879518072289,9.0,4.0,light rain,wet,,late,Hoka Clifton 8,mccabe,,Unknown,solo,rec@5:46,recovery,346.0,,,,0,2022,Running_Log_2023.xlsx
2023-03-12,2023,3,71,7,4.6,27.0,352.1739130434783,8.0,4.0,overcast,wet,,morning,Hoka Clifton 8,centennial,159.0,Unknown,solo,rec@5:52,recovery,352.0,,,,0,2022,Running_Log_2023.xlsx
2023-03-13,2023,3,72,1,5.9,33.0,335.59322033898303,3.0,3.0,overcast,dry,,late,Hoka Clifton 8,mccabe,158.4,Unknown,solo,rec@5:35,recovery,335.0,,,,0,2022,Running_Log_2023.xlsx
2023-03-14,2023,3,73,2,9.6,50.0,312.5,2.0,4.0,overcast,dry,,morning,Nike ZoomX Dragonfly,rose park,160.1,Track,solo,"12j, 6400i@4:54 (3:00 rest/mi), 12j",interval,,6400.0,294.0,interval,0,2022,Running_Log_2023.xlsx
2023-03-15,2023,3,74,3,4.0,23.0,345.0,1.0,4.0,clear,dry,,morning,Hoka Clifton 8,centennial,160.1,Unknown,solo,rec@5:45,recovery,345.0,,,,0,2022,Running_Log_2023.xlsx
2023-03-16,2023,3,75,4,7.2,41.0,341.6666666666667,18.0,5.0,overcast,dry,,late,Hoka Clifton 8,mccabe,157.7,Unknown,solo,rec@5:41,recovery,341.0,,,,0,2022,Running_Log_2023.xlsx
2023-03-17,2023,3,76,5,20.5,114.0,333.6585365853659,7.0,5.0,clear,dry,,late,Hoka Clifton 8,north greenway,156.4,Unknown,solo,long@5:33,long,333.0,,,,0,2022,Running_Log_2023.xlsx
2023-03-18,2023,3,77,6,7.3,42.0,345.2054794520548,8.0,5.0,clear,dry,,afternoon,Hoka Clifton 8,mccabe,157.7,Unknown,solo,rec@5:45/6sp,recovery,345.0,,,,0,2022,Running_Log_2023.xlsx
2023-03-19,2023,3,78,7,5.1,30.0,352.94117647058823,-2.0,6.0,clear,dry,,morning,Hoka Clifton 8,centennial,160.1,Unknown,solo,rec@5:52,recovery,352.0,,,,0,2022,Running_Log_2023.xlsx
2023-03-20,2023,3,79,1,9.6,48.0,300.0,-3.0,3.0,clear,dry,,morning,Saucony Endorphin Pro 3,rose park,159.2,Track,solo,"11j, 6400i@4:49 (3:00 rest/mi), 12j",interval,,6400.0,289.0,interval,0,2022,Running_Log_2023.xlsx
2023-03-21,2023,3,80,2,5.9,33.0,335.59322033898303,13.0,5.0,clear,dry,,afternoon,Hoka Clifton 8,mccabe,159.2,Unknown,solo,rec@5:35,recovery,335.0,,,,0,2022,Running_Log_2023.xlsx
2023-03-22,2023,3,81,3,7.1,41.0,346.4788732394366,10.0,4.0,overcast,wet,,morning,Hoka Clifton 8,mccabe,160.1,Unknown,solo,rec@5:46,recovery,346.0,,,,0,2022,Running_Log_2023.xlsx
2023-03-23,2023,3,82,4,17.6,102.0,347.7272727272727,19.0,5.0,cloudy,dry,,morning,Hoka Clifton 8,belle meade,155.6,Unknown,solo,long@5:47,long,347.0,,,,0,2022,Running_Log_2023.xlsx
2023-03-24,2023,3,83,5,4.0,23.0,345.0,22.0,5.0,cloudy,dry,,morning,Hoka Clifton 8,centennial,159.2,Unknown,solo,rec@5:45,recovery,345.0,,,,0,2022,Running_Log_2023.xlsx
2023-03-25,2023,3,84,6,7.1,40.0,338.02816901408454,22.0,5.0,clear,dry,,afternoon,Hoka Clifton 8,mccabe,159.2,Unknown,solo,rec@5:38,recovery,338.0,,,,0,2022,Running_Log_2023.xlsx
2023-03-26,2023,3,85,7,5.6,31.0,332.14285714285717,12.0,5.0,clear,dry,,morning,Saucony Kinvara 14,centennial,159.2,Unknown,solo,rec@5:32,recovery,332.0,,,,0,2022,Running_Log_2023.xlsx
2023-03-27,2023,3,86,1,11.6,63.0,325.86206896551727,18.0,4.0,clear,dry,,afternoon,Saucony Kinvara 14,mccabe,156.4,Unknown,solo,rec@5:25/6sp,recovery,325.0,,,,0,2022,Running_Log_2023.xlsx
2023-03-28,2023,3,87,2,5.1,29.0,341.1764705882353,8.0,4.0,clear,dry,,morning,Saucony Kinvara 14,centennial,158.5,Unknown,solo,rec@5:41,recovery,341.0,,,,0,2022,Running_Log_2023.xlsx
2023-03-29,2023,3,88,3,7.1,42.0,354.92957746478874,7.0,4.0,clear,dry,,morning,Saucony Kinvara 14,mccabe,160.1,Unknown,solo,rec@5:54,recovery,354.0,,,,0,2022,Running_Log_2023.xlsx
2023-03-30,2023,3,89,4,20.5,107.0,313.1707317073171,8.0,4.0,clear,dry,,morning,Saucony Kinvara 14,north greenway,155.6,Unknown,solo,long@5:13,long,313.0,,,,0,2022,Running_Log_2023.xlsx
2023-03-31,2023,3,90,5,8.8,49.0,334.09090909090907,22.0,5.0,overcast,dry,,late,Saucony Kinvara 14,mccabe,155.6,Unknown,solo,rec@5:34/6sp,recovery,334.0,,,,0,2022,Running_Log_2023.xlsx
2023-04-01,2023,4,91,6,5.6,33.0,353.5714285714286,20.0,5.0,clear,dry,,morning,Saucony Kinvara 14,centennial,156.7,Unknown,solo,rec@5:53,recovery,353.0,,,,0,2022,Running_Log_2023.xlsx
2023-04-02,2023,4,92,7,5.6,31.0,332.14285714285717,20.0,5.0,clear,dry,,afternoon,Saucony Kinvara 14,centennial,159.2,Unknown,solo,rec@5:32,recovery,332.0,,,,0,2022,Running_Log_2023.xlsx
2023-04-03,2023,4,93,1,8.6,47.0,327.90697674418607,15.0,4.0,overcast,dry,,afternoon,Saucony Kinvara 14,mccabe,160.1,Unknown,solo,rec@5:27,recovery,327.0,,,,0,2022,Running_Log_2023.xlsx
2023-04-04,2023,4,94,2,4.0,22.0,330.0,20.0,3.0,overcast,dry,,morning,Saucony Kinvara 14,centennial,161.1,Unknown,solo,rec@5:30,recovery,330.0,,,,0,2022,Running_Log_2023.xlsx
2023-04-05,2023,4,95,3,7.3,42.0,345.2054794520548,17.0,5.0,light rain,wet,,late,Saucony Kinvara 14,mccabe,157.7,Unknown,solo,rec@5:45/6sp,recovery,345.0,,,,0,2022,Running_Log_2023.xlsx
2023-04-06,2023,4,96,4,5.9,33.0,335.59322033898303,9.0,5.0,overcast,dry,,afternoon,Saucony Kinvara 14,mccabe,,Unknown,solo,rec@5:35,recovery,335.0,,,,0,2022,Running_Log_2023.xlsx
2023-04-07,2023,4,97,5,4.0,23.0,345.0,11.0,3.0,overcast,dry,,morning,Saucony Kinvara 14,centennial,160.1,Unknown,solo,rec@5:45,recovery,345.0,,,,0,2022,Running_Log_2023.xlsx
2023-04-08,2023,4,98,6,10.0,55.0,330.0,11.0,4.0,overcast,wet,,afternoon,Saucony Kinvara 14,mccabe,157.7,Unknown,solo,rec@5:30,recovery,330.0,,,,0,2022,Running_Log_2023.xlsx
2023-04-09,2023,4,99,7,5.1,29.0,341.1764705882353,12.0,5.0,clear,dry,,morning,Saucony Kinvara 14,centennial,156.9,Unknown,solo,rec@5:41,recovery,341.0,,,,0,2022,Running_Log_2023.xlsx
2023-04-10,2023,4,100,1,8.8,50.0,340.9090909090909,16.0,4.0,clear,dry,,late,Saucony Kinvara 14,mccabe,156.4,Unknown,solo,rec@5:40/6sp,recovery,340.0,,,,0,2022,Running_Log_2023.xlsx
2023-04-11,2023,4,101,2,5.1,28.0,329.4117647058824,23.0,4.0,clear,dry,,afternoon,Saucony Kinvara 14,centennial,156.4,Unknown,solo,rec@5:29,recovery,329.0,,,,0,2022,Running_Log_2023.xlsx
2023-04-12,2023,4,102,3,4.6,25.0,326.0869565217392,26.0,4.0,clear,dry,,afternoon,Saucony Kinvara 14,centennial,156.4,Unknown,solo,rec@5:26,recovery,326.0,,,,0,2022,Running_Log_2023.xlsx
2023-04-13,2023,4,103,4,5.1,29.0,341.1764705882353,18.0,3.0,clear,dry,,morning,Saucony Kinvara 14,centennial,157.7,Unknown,solo,rec@5:41,recovery,341.0,,,,0,2022,Running_Log_2023.xlsx
2023-04-14,2023,4,104,5,5.9,34.0,345.76271186440675,21.0,4.0,clear,dry,,afternoon,Saucony Kinvara 14,centennial,157.7,Unknown,solo,rec@5:45,recovery,345.0,,,,0,2022,Running_Log_2023.xlsx
2023-04-15,2023,4,105,6,4.6,27.0,352.1739130434783,26.0,4.0,clear,dry,,afternoon,Saucony Kinvara 14,centennial,157.4,Unknown,solo,rec@5:52,recovery,352.0,,,,0,2022,Running_Log_2023.xlsx
2023-04-16,2023,4,106,7,3.2,19.0,356.25,10.0,5.0,overcast,dry,,morning,Saucony Endorphin Pro 3,boston,,Unknown,solo,rec@5:56,recovery,356.0,,,,0,2022,Running_Log_2023.xlsx
2023-04-17,2023,4,107,1,26.2,147.0,336.6412213740458,10.0,5.0,light rain,wet,,morning,Saucony Endorphin Pro 3,boston,,Unknown,solo,42195 race@2:26:45,race,,,,,1,2022,Running_Log_2023.xlsx
2023-04-18,2023,4,108,2,3.6,22.0,366.6666666666667,18.0,4.0,clear,dry,,morning,Saucony Kinvara 14,centennial,161.4,Unknown,solo,rec@6:06,recovery,366.0,,,,0,2022,Running_Log_2023.xlsx
2023-04-19,2023,4,109,3,3.6,23.0,383.3333333333333,17.0,4.0,clear,dry,,morning,Saucony Kinvara 14,centennial,,Unknown,solo,rec@6:23,recovery,383.0,,,,0,2022,Running_Log_2023.xlsx
2023-04-20,2023,4,110,4,3.6,21.0,350.0,21.0,4.0,clear,dry,,morning,Saucony Kinvara 14,centennial,159.9,Unknown,solo,rec@5:50,recovery,350.0,,,,0,2022,Running_Log_2023.xlsx
2023-04-21,2023,4,111,5,7.2,45.0,375.0,23.0,4.0,cloudy,dry,,morning,Saucony Kinvara 14,mccabe,159.9,Unknown,solo,rec@6:15,recovery,375.0,,,,0,2022,Running_Log_2023.xlsx
2023-04-22,2023,4,112,6,5.9,36.0,366.1016949152542,13.0,5.0,clear,dry,,morning,Saucony Kinvara 14,mccabe,161.4,Unknown,solo,rec@6:06,recovery,366.0,,,,0,2022,Running_Log_2023.xlsx
2023-04-23,2023,4,113,7,4.6,27.0,352.1739130434783,9.0,4.0,clear,dry,,morning,Saucony Kinvara 14,centennial,159.2,Unknown,solo,rec@5:52,recovery,352.0,,,,0,2022,Running_Log_2023.xlsx
2023-04-24,2023,4,114,1,8.6,47.0,327.90697674418607,15.0,5.0,clear,dry,,afternoon,Saucony Kinvara 14,mccabe,159.2,Unknown,solo,rec@5:27,recovery,327.0,,,,0,2022,Running_Log_2023.xlsx
2023-04-25,2023,4,115,2,5.1,29.0,341.1764705882353,10.0,4.0,clear,dry,,morning,Saucony Kinvara 14,centennial,159.9,Unknown,solo,rec@5:41,recovery,341.0,,,,0,2022,Running_Log_2023.xlsx
2023-04-26,2023,4,116,3,5.9,35.0,355.9322033898305,14.0,5.0,clear,dry,,morning,Saucony Kinvara 14,mccabe,,Unknown,solo,rec@5:55,recovery,355.0,,,,0,2022,Running_Log_2023.xlsx
2023-04-27,2023,4,117,4,6.9,41.0,356.52173913043475,17.0,4.0,overcast,wet,,afternoon,Saucony Kinvara 14,mccabe,159.2,Unknown,solo,rec@5:56,recovery,356.0,,,,0,2022,Running_Log_2023.xlsx
2023-04-28,2023,4,118,5,20.5,116.0,339.5121951219512,19.0,5.0,cloudy,dry,,afternoon,Saucony Kinvara 14,north greenway,154.4,Unknown,solo,long@5:39,long,339.0,,,,0,2022,Running_Log_2023.xlsx
2023-04-29,2023,4,119,6,5.9,35.0,355.9322033898305,21.0,4.0,cloudy,dry,,afternoon,Saucony Kinvara 14,mccabe,159.2,Unknown,solo,rec@5:55,recovery,355.0,,,,0,2022,Running_Log_2023.xlsx
2023-04-30,2023,4,120,7,8.7,48.0,331.0344827586207,16.0,4.0,clear,dry,,afternoon,Saucony Kinvara 14,mccabe,160.4,Unknown,solo,rec@5:31/6sp,recovery,331.0,,,,0,2022,Running_Log_2023.xlsx
2023-05-01,2023,5,121,1,4.6,26.0,339.13043478260875,14.0,5.0,clear,dry,,morning,Saucony Kinvara 14,centennial,159.2,Unknown,solo,rec@5:39,recovery,339.0,,,,0,2022,Running_Log_2023.xlsx
2023-05-02,2023,5,122,2,5.9,32.0,325.4237288135593,18.0,4.0,clear,dry,,afternoon,Saucony Kinvara 14,mccabe,159.2,Unknown,solo,rec@5:25,recovery,325.0,,,,0,2022,Running_Log_2023.xlsx
2023-05-03,2023,5,123,3,5.1,29.0,341.1764705882353,13.0,3.0,clear,dry,,morning,Saucony Kinvara 14,centennial,161.4,Unknown,solo,rec@5:41,recovery,341.0,,,,0,2022,Running_Log_2023.xlsx
2023-05-04,2023,5,124,4,7.1,40.0,338.02816901408454,21.0,5.0,clear,dry,,afternoon,Saucony Kinvara 14,mccabe,157.7,Unknown,solo,rec@5:38,recovery,338.0,,,,0,2022,Running_Log_2023.xlsx
2023-05-05,2023,5,125,5,5.9,33.0,335.59322033898303,22.0,4.0,cloudy,dry,,afternoon,Saucony Kinvara 14,mccabe,157.7,Unknown,solo,rec@5:35,recovery,335.0,,,,0,2022,Running_Log_2023.xlsx
2023-05-06,2023,5,126,6,20.5,106.0,310.2439024390244,18.0,4.0,overcast,dry,,morning,Saucony Endorphin Pro 3,north greenway,154.4,Unknown,solo,long@5:10,long,310.0,,,,0,2022,Running_Log_2023.xlsx
2023-05-07,2023,5,127,7,4.6,27.0,352.1739130434783,24.0,4.0,cloudy,dry,,morning,Saucony Kinvara 14,centennial,156.4,Unknown,solo,rec@5:52,recovery,352.0,,,,0,2022,Running_Log_2023.xlsx
2023-05-08,2023,5,128,1,8.8,48.0,327.27272727272725,19.0,5.0,overcast,dry,,morning,Saucony Kinvara 14,mccabe,158.6,Unknown,solo,rec@5:27/6sp,recovery,327.0,,,,0,2022,Running_Log_2023.xlsx
2023-05-09,2023,5,129,2,5.1,29.0,341.1764705882353,24.0,3.0,clear,dry,,morning,Saucony Kinvara 14,centennial,160.4,Unknown,solo,rec@5:41,recovery,341.0,,,,0,2022,Running_Log_2023.xlsx
2023-05-10,2023,5,130,3,12.0,63.0,315.0,20.0,5.0,clear,dry,,morning,Nike ZoomX Dragonfly,rose park,160.4,Track,solo,"12j, 9000f@4:53 (3:00 rest/mi), 12j",fartlek,,9000.0,293.0,fartlek,0,2022,Running_Log_2023.xlsx
2023-05-11,2023,5,131,4,8.7,48.0,331.0344827586207,24.0,4.0,cloudy,dry,,afternoon,Saucony Kinvara 14,mccabe,158.6,Unknown,solo,rec@5:31/6sp,recovery,331.0,,,,0,2022,Running_Log_2023.xlsx
2023-05-12,2023,5,132,5,7.2,41.0,341.6666666666667,21.0,5.0,cloudy,wet,,afternoon,Saucony Kinvara 14,mccabe,159.4,Unknown,solo,rec@5:41,recovery,341.0,,,,0,2022,Running_Log_2023.xlsx
2023-05-13,2023,5,133,6,20.7,119.0,344.92753623188406,21.0,4.0,cloudy,wet,,morning,Saucony Kinvara 14,greenway,157.0,Unknown,solo,long@5:44,long,344.0,,,,0,2022,Running_Log_2023.xlsx
2023-05-14,2023,5,134,7,4.6,28.0,365.21739130434787,23.0,5.0,cloudy,wet,,morning,Saucony Kinvara 14,centennial,161.0,Unknown,solo,rec@6:05,recovery,365.0,,,,0,2022,Running_Log_2023.xlsx
2023-05-15,2023,5,135,1,5.9,34.0,345.76271186440675,31.0,5.0,cloudy,dry,,afternoon,Saucony Kinvara 14,mccabe,161.0,Unknown,solo,rec@5:45,recovery,345.0,,,,0,2022,Running_Log_2023.xlsx
2023-05-16,2023,5,136,2,12.6,66.0,314.2857142857143,24.0,4.0,clear,dry,,morning,Nike ZoomX Dragonfly,rose park,157.1,Track,solo,"12j, 10000i@4:44 (3:00 rest/mi), 13j",interval,,10000.0,284.0,interval,0,2022,Running_Log_2023.xlsx
2023-05-17,2023,5,137,3,7.1,41.0,346.4788732394366,20.0,5.0,cloudy,dry,,morning,Saucony Kinvara 14,mccabe,159.5,Unknown,solo,rec@5:46,recovery,346.0,,,,0,2022,Running_Log_2023.xlsx
2023-05-18,2023,5,138,4,7.2,42.0,350.0,27.0,4.0,cloudy,dry,,afternoon,Saucony Kinvara 14,mccabe,158.6,Unknown,solo,rec@5:50,recovery,350.0,,,,0,2022,Running_Log_2023.xlsx
2023-05-19,2023,5,139,5,16.0,85.0,318.75,21.0,4.0,cloudy,dry,,morning,Saucony Kinvara 14,belle meade,158.6,Unknown,solo,long@5:18,long,318.0,,,,0,2022,Running_Log_2023.xlsx
2023-05-20,2023,5,140,6,11.5,63.0,328.69565217391306,21.0,5.0,cloudy,dry,,afternoon,Saucony Kinvara 14,mccabe,157.0,Unknown,solo,rec@5:28/6sp,recovery,328.0,,,,0,2022,Running_Log_2023.xlsx
2023-05-21,2023,5,141,7,7.3,42.0,345.2054794520548,22.0,4.0,clear,dry,,afternoon,Saucony Kinvara 14,mccabe,158.0,Unknown,solo,rec@5:45/6sp,recovery,345.0,,,,0,2022,Running_Log_2023.xlsx
2023-05-22,2023,5,142,1,8.6,46.0,320.93023255813955,17.0,4.0,cloudy,dry,,morning,Saucony Kinvara 14,love circle,158.6,Unknown,solo,"13j, 21hc-5x lc, 12j",hill_cont,,,,,0,2022,Running_Log_2023.xlsx
2023-05-23,2023,5,143,2,8.8,49.0,334.09090909090907,27.0,4.0,clear,dry,,afternoon,Saucony Kinvara 14,mccabe,158.6,Unknown,solo,rec@5:34/6sp,recovery,334.0,,,,0,2022,Running_Log_2023.xlsx
2023-05-24,2023,5,144,3,5.1,29.0,341.1764705882353,24.0,5.0,clear,dry,,morning,Saucony Kinvara 14,centennial,159.5,Unknown,solo,rec@5:41,recovery,341.0,,,,0,2022,Running_Log_2023.xlsx
2023-05-25,2023,5,145,4,20.5,112.0,327.8048780487805,20.0,4.0,clear,dry,,morning,Saucony Kinvara 14,north greenway,155.0,Unknown,solo,long@5:27,long,327.0,,,,0,2022,Running_Log_2023.xlsx
2023-05-26,2023,5,146,5,8.7,48.0,331.0344827586207,26.0,5.0,clear,dry,,afternoon,Saucony Kinvara 14,mccabe,158.0,Unknown,solo,rec@5:31/6sp,recovery,331.0,,,,0,2022,Running_Log_2023.xlsx
2023-05-27,2023,5,147,6,5.9,34.0,345.76271186440675,26.0,4.0,clear,dry,,afternoon,Saucony Kinvara 14,mccabe,160.0,Unknown,solo,rec@5:45,recovery,345.0,,,,0,2022,Running_Log_2023.xlsx
2023-05-28,2023,5,148,7,9.0,47.0,313.3333333333333,17.0,4.0,clear,dry,,morning,Nike ZoomX Dragonfly,rose park,160.0,Track,solo,"12j, 7000f@4:49 (2:00 rest/mi), 13j",fartlek,,7000.0,289.0,fartlek,0,2022,Running_Log_2023.xlsx
2023-05-29,2023,5,149,1,5.7,33.0,347.36842105263156,16.0,3.0,overcast,dry,,morning,Saucony Kinvara 14,wedgewood,,Unknown,solo,rec@5:47,recovery,347.0,,,,0,2022,Running_Log_2023.xlsx
2023-05-30,2023,5,150,2,5.7,32.0,336.84210526315786,29.0,4.0,cloudy,dry,,afternoon,Saucony Kinvara 14,wedgewood,,Unknown,solo,rec@5:36,recovery,336.0,,,,0,2022,Running_Log_2023.xlsx
2023-05-31,2023,5,151,3,6.5,34.0,313.84615384615387,29.0,4.0,cloudy,dry,,afternoon,Saucony Kinvara 14,north greenway,,Unknown,solo,rec@5:13,recovery,313.0,,,,0,2022,Running_Log_2023.xlsx
2023-06-01,2023,6,152,4,12.0,63.0,315.0,24.0,5.0,clear,dry,,morning,Saucony Kinvara 14,wedgewood,,Unknown,solo,rec@5:15,recovery,315.0,,,,0,2022,Running_Log_2023.xlsx
2023-06-02,2023,6,153,5,5.7,33.0,347.36842105263156,31.0,4.0,clear,dry,,afternoon,Saucony Kinvara 14,wedgewood,,Unknown,solo,rec@5:47,recovery,347.0,,,,0,2022,Running_Log_2023.xlsx
2023-06-03,2023,6,154,6,5.7,33.0,347.36842105263156,29.0,4.0,clear,dry,,morning,Saucony Kinvara 14,wedgewood,,Unknown,solo,rec@5:47,recovery,347.0,,,,0,2022,Running_Log_2023.xlsx
2023-06-04,2023,6,155,7,4.6,27.0,352.1739130434783,28.0,4.0,clear,dry,,morning,Saucony Kinvara 14,wedgewood,,Unknown,solo,rec@5:52,recovery,352.0,,,,0,2022,Running_Log_2023.xlsx
2023-06-05,2023,6,156,1,5.7,32.0,336.84210526315786,29.0,4.0,clear,dry,,morning,Saucony Kinvara 14,wedgewood,,Unknown,solo,rec@5:36,recovery,336.0,,,,0,2022,Running_Log_2023.xlsx
2023-06-06,2023,6,157,2,10.2,58.0,341.1764705882353,23.0,3.0,clear,dry,,afternoon,Saucony Kinvara 14,english hill,158.0,Unknown,solo,rec@5:41,recovery,341.0,,,,0,2022,Running_Log_2023.xlsx
2023-06-07,2023,6,158,3,10.1,55.0,326.73267326732673,22.0,6.0,clear,dry,,late,Nike ZoomX Dragonfly,shoreline,162.4,Track,solo,"12j, 5rec/t, 1500 race@4:08.09, 10j, 3000 race@8:47.58, 15j",race,,,,,2,2022,Running_Log_2023.xlsx
2023-06-08,2023,6,159,4,10.0,62.0,372.0,24.0,5.0,clear,dry,,afternoon,Saucony Kinvara 14,suburbia,157.2,Unknown,solo,rec@6:12,recovery,372.0,,,,0,2022,Running_Log_2023.xlsx
2023-06-09,2023,6,160,5,20.4,134.0,394.11764705882354,13.0,5.0,light rain,wet,,afternoon,Saucony Kinvara 14,watershed,157.8,Unknown,solo,trail@6:34,trail,394.0,,,,0,2022,Running_Log_2023.xlsx
2023-06-10,2023,6,161,6,10.5,60.0,342.85714285714283,13.0,7.0,overcast,wet,,afternoon,Saucony Kinvara 14,english hill,160.4,Unknown,solo,rec@5:42/6sp,recovery,342.0,,,,0,2022,Running_Log_2023.xlsx
2023-06-11,2023,6,162,7,10.2,59.0,347.05882352941177,18.0,4.0,overcast,dry,,afternoon,Saucony Kinvara 14,english hill,,Unknown,solo,rec@5:47/6sp,recovery,347.0,,,,0,2022,Running_Log_2023.xlsx
2023-06-12,2023,6,163,1,10.9,62.0,341.2844036697248,26.0,4.0,clear,dry,,afternoon,Nike ZoomX Dragonfly,rhs track,160.8,Track,solo,"42j, 2400r@3:58 (6:00 rest/mi), 3j",rep,,2400.0,238.0,rep,0,2022,Running_Log_2023.xlsx
2023-06-13,2023,6,164,2,10.0,60.0,360.0,17.0,4.0,cloudy,dry,,afternoon,Saucony Kinvara 14,english hill,161.8,Unknown,solo,rec@6:00,recovery,360.0,,,,0,2022,Running_Log_2023.xlsx
2023-06-14,2023,6,165,3,11.3,62.0,329.20353982300884,15.0,4.0,cloudy,dry,,late,Nike ZoomX Dragonfly,shoreline,162.0,Track,solo,"12j, 1609 race@4:30.88, 15j, 5000 race@15:04.32, 15j",race,,,,,2,2022,Running_Log_2023.xlsx
2023-06-15,2023,6,166,4,10.0,64.0,384.0,20.0,6.0,clear,dry,,afternoon,Saucony Kinvara 14,suburbia,155.4,Unknown,solo,rec@6:24,recovery,384.0,,,,0,2022,Running_Log_2023.xlsx
2023-06-16,2023,6,167,5,10.1,58.0,344.5544554455446,19.0,4.0,overcast,dry,,afternoon,Saucony Kinvara 14,english hill,160.4,Unknown,solo,rec@5:44,recovery,344.0,,,,0,2022,Running_Log_2023.xlsx
2023-06-17,2023,6,168,6,22.1,121.0,328.50678733031674,13.0,7.0,overcast,wet,,afternoon,Saucony Kinvara 14,river trail,157.0,Unknown,solo,long@5:28,long,328.0,,,,0,2022,Running_Log_2023.xlsx
2023-06-18,2023,6,169,7,5.3,34.0,384.9056603773585,11.0,3.0,cloudy,dry,,morning,Saucony Kinvara 14,nike>powerline,159.6,Unknown,solo,rec@6:24,recovery,384.0,,,,0,2022,Running_Log_2023.xlsx
2023-06-19,2023,6,170,1,3.7,22.0,356.7567567567567,12.0,3.0,overcast,wet,,morning,Saucony Kinvara 14,vancouver,,Unknown,solo,rec@5:56,recovery,356.0,,,,0,2022,Running_Log_2023.xlsx
2023-06-20,2023,6,171,2,10.1,60.0,356.43564356435644,13.0,4.0,overcast,dry,,morning,Saucony Kinvara 14,vancouver,,Unknown,solo,rec@5:56,recovery,356.0,,,,0,2022,Running_Log_2023.xlsx
2023-06-21,2023,6,172,3,9.3,54.0,348.38709677419354,15.0,4.0,cloudy,dry,,late,Nike ZoomX Dragonfly,shoreline,162.0,Track,solo,"25j, 5rec/t, 3000 race@8:41.28, 15j",race,,,,,1,2022,Running_Log_2023.xlsx
2023-06-22,2023,6,173,4,9.5,59.0,372.63157894736844,22.0,5.0,clear,dry,,afternoon,Saucony Kinvara 14,english hill,159.4,Unknown,solo,rec@6:12,recovery,372.0,,,,0,2022,Running_Log_2023.xlsx
2023-06-23,2023,6,174,5,20.4,138.0,405.8823529411765,22.0,5.0,clear,dry,,morning,Saucony Kinvara 14,watershed,154.6,Unknown,solo,trail@6:45,trail,405.0,,,,0,2022,Running_Log_2023.xlsx
2023-06-24,2023,6,175,6,6.2,39.0,377.4193548387097,29.0,3.0,clear,dry,,afternoon,Saucony Kinvara 14,paris,157.5,Unknown,solo,rec@6:17,recovery,377.0,,,,0,2022,Running_Log_2023.xlsx
2023-06-25,2023,6,176,7,6.8,43.0,379.4117647058824,33.0,5.0,clear,dry,,afternoon,Saucony Kinvara 14,paris,158.4,Unknown,solo,rec@6:19,recovery,379.0,,,,0,2022,Running_Log_2023.xlsx
2023-06-26,2023,6,177,1,5.1,32.0,376.47058823529414,22.0,5.0,clear,dry,,morning,Saucony Kinvara 14,paris,160.7,Unknown,solo,rec@6:16,recovery,376.0,,,,0,2022,Running_Log_2023.xlsx
2023-06-27,2023,6,178,2,6.4,39.0,365.625,19.0,5.0,clear,dry,,morning,Saucony Kinvara 14,paris,162.4,Unknown,solo,rec@6:05,recovery,365.0,,,,0,2022,Running_Log_2023.xlsx
2023-06-28,2023,6,179,3,6.5,41.0,378.46153846153845,23.0,5.0,clear,dry,,morning,Saucony Kinvara 14,paris,160.1,Unknown,solo,rec@6:18,recovery,378.0,,,,0,2022,Running_Log_2023.xlsx
2023-06-29,2023,6,180,4,7.8,48.0,369.2307692307692,20.0,5.0,cloudy,dry,,morning,Saucony Kinvara 14,paris,159.5,Unknown,solo,rec@6:09,recovery,369.0,,,,0,2022,Running_Log_2023.xlsx
2023-06-30,2023,6,181,5,7.4,46.0,372.97297297297297,18.0,5.0,overcast,dry,,afternoon,Saucony Kinvara 14,calais,,Unknown,solo,rec@6:12,recovery,372.0,,,,0,2022,Running_Log_2023.xlsx
2023-07-01,2023,7,182,6,8.4,54.0,385.7142857142857,18.0,5.0,cloudy,dry,,afternoon,Saucony Kinvara 14,calais,,Unknown,solo,rec@6:25,recovery,385.0,,,,0,2022,Running_Log_2023.xlsx
2023-07-02,2023,7,183,7,6.9,45.0,391.30434782608694,18.0,6.0,cloudy,dry,,afternoon,Saucony Kinvara 14,calais,,Unknown,solo,rec@6:31,recovery,391.0,,,,0,2022,Running_Log_2023.xlsx
2023-07-03,2023,7,184,1,5.3,35.0,396.22641509433964,16.0,4.0,cloudy,dry,,morning,Saucony Kinvara 14,calais,,Unknown,solo,rec@6:36,recovery,396.0,,,,0,2022,Running_Log_2023.xlsx
2023-07-04,2023,7,185,2,10.3,61.0,355.3398058252427,18.0,4.0,clear,dry,,morning,Saucony Endorphin Pro 3,carnation,161.8,Unknown,solo,"18j, 5rec/t, 5000 race@15:31, 22j",race,,,,,1,2022,Running_Log_2023.xlsx
2023-07-05,2023,7,186,3,10.1,60.0,356.43564356435644,25.0,3.0,clear,dry,,late,Nike ZoomX Dragonfly,shoreline,163.4,Track,solo,"29j, 5rec/t, 800 race@2:04.06, 3000 race@9:26.68, 15j",race,,,,,2,2022,Running_Log_2023.xlsx
2023-07-06,2023,7,187,4,10.0,67.0,402.0,25.0,5.0,clear,dry,,afternoon,Saucony Kinvara 14,suburbia,162.2,Unknown,solo,rec@6:42,recovery,402.0,,,,0,2022,Running_Log_2023.xlsx
2023-07-07,2023,7,188,5,10.0,63.0,378.0,23.0,5.0,clear,dry,,afternoon,Saucony Kinvara 14,english hill,162.4,Unknown,solo,rec@6:18,recovery,378.0,,,,0,2022,Running_Log_2023.xlsx
2023-07-08,2023,7,189,6,20.4,136.0,400.0,21.0,6.0,clear,dry,,afternoon,Saucony Kinvara 14,watershed,157.0,Unknown,solo,trail@6:40,trail,400.0,,,,0,2022,Running_Log_2023.xlsx
2023-07-09,2023,7,190,7,10.0,61.0,366.0,25.0,5.0,clear,dry,,afternoon,Saucony Kinvara 14,english hill,160.4,Unknown,solo,rec@6:06/6sp,recovery,366.0,,,,0,2022,Running_Log_2023.xlsx
2023-07-10,2023,7,191,1,10.2,63.0,370.5882352941177,21.0,5.0,cloudy,dry,,afternoon,Saucony Ride 16,suburbia,161.8,Unknown,solo,rec@6:10/6sp,recovery,370.0,,,,0,2022,Running_Log_2023.xlsx
2023-07-11,2023,7,192,2,10.0,59.0,354.0,23.0,5.0,clear,dry,,afternoon,Saucony Ride 16,english hill,162.4,Unknown,solo,rec@5:54,recovery,354.0,,,,0,2022,Running_Log_2023.xlsx
2023-07-12,2023,7,193,3,11.1,63.0,340.5405405405406,20.0,5.0,cloudy,dry,,late,Nike ZoomX Dragonfly,shoreline,163.4,Track,solo,"28j, 5rec/t, 5000 race@14:53.85, 15j",race,,,,,1,2022,Running_Log_2023.xlsx
2023-07-13,2023,7,194,4,7.1,45.0,380.2816901408451,26.0,4.0,clear,dry,,afternoon,Saucony Ride 16,suburbia,160.4,Unknown,solo,rec@6:20,recovery,380.0,,,,0,2022,Running_Log_2023.xlsx
2023-07-14,2023,7,195,5,7.7,48.0,374.025974025974,20.0,4.0,clear,dry,,late,Saucony Ride 16,english hill,161.4,Unknown,solo,rec@6:14,recovery,374.0,,,,0,2022,Running_Log_2023.xlsx
2023-07-15,2023,7,196,6,5.3,36.0,407.54716981132077,14.0,3.0,clear,dry,,morning,Saucony Ride 16,nike>powerline,162.4,Unknown,solo,rec@6:47,recovery,407.0,,,,0,2022,Running_Log_2023.xlsx
2023-07-16,2023,7,197,7,16.3,97.0,357.0552147239264,20.0,7.0,clear,dry,,late,Saucony Ride 16,lake samm,158.0,Unknown,solo,long@5:57,long,357.0,,,,0,2022,Running_Log_2023.xlsx
2023-07-17,2023,7,198,1,10.0,63.0,378.0,19.0,4.0,clear,dry,,afternoon,Saucony Ride 16,suburbia,161.8,Unknown,solo,rec@6:18,recovery,378.0,,,,0,2022,Running_Log_2023.xlsx
2023-07-18,2023,7,199,2,10.0,61.0,366.0,23.0,5.0,clear,dry,,afternoon,Saucony Ride 16,english hill,162.0,Unknown,solo,rec@6:06,recovery,366.0,,,,0,2022,Running_Log_2023.xlsx
2023-07-19,2023,7,200,3,13.5,77.0,342.22222222222223,24.0,4.0,clear,dry,,late,Saucony Endorphin Pro 3,shoreline,161.4,Track,solo,"25j, 5rec/t, 10000 race@32:01.3, 15j",race,,,,,1,2022,Running_Log_2023.xlsx
2023-07-20,2023,7,201,4,10.0,62.0,372.0,28.0,5.0,cloudy,dry,,afternoon,Saucony Ride 16,suburbia,159.8,Unknown,solo,rec@6:12,recovery,372.0,,,,0,2022,Running_Log_2023.xlsx
2023-07-21,2023,7,202,5,10.0,59.0,354.0,25.0,4.0,clear,dry,,afternoon,Saucony Ride 16,english hill,160.0,Unknown,solo,rec@5:54,recovery,354.0,,,,0,2022,Running_Log_2023.xlsx
2023-07-22,2023,7,203,6,19.0,113.0,356.8421052631579,27.0,5.0,clear,dry,,afternoon,Saucony Endorphin Pro 3,lake samm,156.6,Unknown,solo,long@5:56,long,356.0,,,,0,2022,Running_Log_2023.xlsx
2023-07-23,2023,7,204,7,5.3,36.0,407.54716981132077,20.0,6.0,clear,dry,,morning,Saucony Ride 16,nike>powerline,160.4,Unknown,solo,rec@6:47,recovery,407.0,,,,0,2022,Running_Log_2023.xlsx
2023-07-24,2023,7,205,1,10.0,60.0,360.0,19.0,4.0,heavy rain,wet,,afternoon,Saucony Ride 16,suburbia,163.0,Unknown,solo,rec@6:00,recovery,360.0,,,,0,2022,Running_Log_2023.xlsx
2023-07-25,2023,7,206,2,10.3,59.0,343.6893203883495,20.0,5.0,overcast,dry,,afternoon,Saucony Endorphin Pro 3,english hill,161.4,Unknown,solo,rec@5:43,recovery,343.0,,,,0,2022,Running_Log_2023.xlsx
2023-07-26,2023,7,207,3,10.3,61.0,355.3398058252427,19.0,4.0,cloudy,dry,,late,Nike ZoomX Dragonfly,shoreline,161.4,Track,solo,"25j, 5rec/t, 1609 race@4:30, 27j",race,,,,,1,2022,Running_Log_2023.xlsx
2023-07-27,2023,7,208,4,5.8,35.0,362.0689655172414,14.0,4.0,clear,dry,,morning,Saucony Ride 16,suburbia,161.4,Unknown,solo,rec@6:02,recovery,362.0,,,,0,2022,Running_Log_2023.xlsx
2023-07-28,2023,7,209,5,10.0,61.0,366.0,17.0,4.0,clear,dry,,late,Saucony Ride 16,english hill,157.6,Unknown,solo,rec@6:06,recovery,366.0,,,,0,2022,Running_Log_2023.xlsx
2023-07-29,2023,7,210,6,7.1,45.0,380.2816901408451,24.0,6.0,cloudy,dry,,afternoon,Saucony Ride 16,suburbia,159.4,Unknown,solo,rec@6:20,recovery,380.0,,,,0,2022,Running_Log_2023.xlsx
2023-07-30,2023,7,211,7,19.2,112.0,350.0,16.0,4.0,overcast,dry,,morning,Saucony Endorphin Pro 3,river trail,157.8,Unknown,solo,"17j, 21098 race@1:12:11.65, 23j [Craft Classic]",race,,,,,1,2022,Running_Log_2023.xlsx
2023-07-31,2023,7,212,1,10.0,61.0,366.0,23.0,4.0,clear,dry,,afternoon,Saucony Ride 16,suburbia,163.4,Unknown,solo,rec@6:06,recovery,366.0,,,,0,2022,Running_Log_2023.xlsx
2023-08-01,2023,8,213,2,10.0,59.0,354.0,27.0,5.0,clear,dry,,afternoon,Saucony Ride 16,english hill,161.2,Unknown,solo,rec@5:54,recovery,354.0,,,,0,2022,Running_Log_2023.xlsx
2023-08-02,2023,8,214,3,10.0,59.0,354.0,20.0,5.0,clear,dry,,late,Nike ZoomX Dragonfly,shoreline,161.8,Track,solo,"26j, 5rec/t, 2x400 race@57/60, 3000 race@9:26.55, 17j",race,,,,,3,2022,Running_Log_2023.xlsx
2023-08-03,2023,8,215,4,10.0,61.0,366.0,24.0,4.0,clear,dry,,afternoon,Saucony Ride 16,english hill,159.6,Unknown,solo,rec@6:06,recovery,366.0,,,,0,2022,Running_Log_2023.xlsx
2023-08-04,2023,8,216,5,10.3,65.0,378.6407766990291,24.0,4.0,light rain,wet,,morning,Saucony Ride 16,north greenway,,Unknown,solo,rec@6:18,recovery,378.0,,,,0,2022,Running_Log_2023.xlsx
2023-08-05,2023,8,217,6,7.2,42.0,350.0,24.0,3.0,overcast,dry,,morning,Saucony Ride 16,north greenway,,Unknown,solo,rec@5:50,recovery,350.0,,,,0,2022,Running_Log_2023.xlsx
2023-08-06,2023,8,218,7,10.3,64.0,372.8155339805825,17.0,4.0,overcast,dry,,afternoon,Saucony Ride 16,boulder creek,,Unknown,solo,rec@6:12,recovery,372.0,,,,0,2022,Running_Log_2023.xlsx
2023-08-07,2023,8,219,1,10.5,64.0,365.7142857142857,23.0,5.0,clear,dry,,morning,Saucony Ride 16,east boulder,,Unknown,solo,rec@6:05,recovery,365.0,,,,0,2022,Running_Log_2023.xlsx
2023-08-08,2023,8,220,2,10.6,63.0,356.6037735849057,24.0,5.0,cloudy,dry,,morning,Saucony Ride 16,east boulder,,Unknown,solo,rec@5:56,recovery,356.0,,,,0,2022,Running_Log_2023.xlsx
2023-08-09,2023,8,221,3,10.3,65.0,378.6407766990291,25.0,5.0,clear,dry,,morning,Saucony Ride 16,boulder creek,,Unknown,solo,rec@6:18,recovery,378.0,,,,0,2022,Running_Log_2023.xlsx
2023-08-10,2023,8,222,4,8.9,61.0,411.23595505617976,26.0,5.0,clear,dry,,morning,Saucony Ride 16,table mesa,,Unknown,solo,trail@6:51,trail,411.0,,,,0,2022,Running_Log_2023.xlsx
2023-08-11,2023,8,223,5,18.1,119.0,394.47513812154693,20.0,5.0,cloudy,dry,,afternoon,Hoka Speedgoat 5,magnolia,,Unknown,solo,trail@6:34,trail,394.0,,,,0,2022,Running_Log_2023.xlsx
2023-08-12,2023,8,224,6,10.6,63.0,356.6037735849057,25.0,5.0,cloudy,dry,,afternoon,Saucony Ride 16,east boulder,,Unknown,solo,rec@5:56,recovery,356.0,,,,0,2022,Running_Log_2023.xlsx
2023-08-13,2023,8,225,7,10.5,60.0,342.85714285714283,19.0,5.0,overcast,dry,,afternoon,Adidas Adios Pro 3,east boulder,,Unknown,solo,rec@5:42,recovery,342.0,,,,0,2022,Running_Log_2023.xlsx
2023-08-14,2023,8,226,1,10.3,62.0,361.1650485436893,22.0,4.0,clear,dry,,afternoon,Saucony Ride 16,boulder turnpike,,Unknown,solo,rec@6:01,recovery,361.0,,,,0,2022,Running_Log_2023.xlsx
2023-08-15,2023,8,227,2,10.3,61.0,355.3398058252427,26.0,4.0,clear,dry,,morning,Saucony Ride 16,east boulder,,Unknown,solo,rec@5:55,recovery,355.0,,,,0,2022,Running_Log_2023.xlsx
2023-08-16,2023,8,228,3,6.4,38.0,356.25,28.0,4.0,clear,dry,,morning,Saucony Ride 16,east boulder,,Unknown,solo,rec@5:56,recovery,356.0,,,,0,2022,Running_Log_2023.xlsx
2023-08-17,2023,8,229,4,18.7,112.0,359.3582887700535,20.0,4.0,clear,dry,,morning,Saucony Ride 16,east boulder,,Unknown,solo,long@5:59,long,359.0,,,,0,2022,Running_Log_2023.xlsx
2023-08-18,2023,8,230,5,10.4,61.0,351.9230769230769,33.0,5.0,clear,dry,,afternoon,Saucony Ride 16,east boulder,,Unknown,solo,rec@5:51,recovery,351.0,,,,0,2022,Running_Log_2023.xlsx
2023-08-19,2023,8,231,6,6.4,39.0,365.625,23.0,4.0,clear,dry,,morning,Saucony Ride 16,east boulder,,Unknown,solo,rec@6:05,recovery,365.0,,,,0,2022,Running_Log_2023.xlsx
2023-08-20,2023,8,232,7,10.8,60.0,333.3333333333333,26.0,5.0,clear,dry,,morning,Adidas Adios Pro 3,manhattan track,,Track,solo,"16j, 6400i@4:57 (3:00 rest/mi), 18j",interval,,6400.0,297.0,interval,0,2022,Running_Log_2023.xlsx
2023-08-21,2023,8,233,1,10.4,62.0,357.6923076923077,21.0,4.0,clear,dry,,morning,Saucony Ride 16,east boulder,,Unknown,solo,rec@5:57,recovery,357.0,,,,0,2022,Running_Log_2023.xlsx
2023-08-22,2023,8,234,2,6.4,38.0,356.25,21.0,4.0,clear,dry,,morning,Saucony Ride 16,east boulder,,Unknown,solo,rec@5:56,recovery,356.0,,,,0,2022,Running_Log_2023.xlsx
2023-08-23,2023,8,235,3,8.3,48.0,346.9879518072289,22.0,4.0,cloudy,dry,,morning,Saucony Ride 16,east boulder,,Unknown,solo,rec@5:46,recovery,346.0,,,,0,2022,Running_Log_2023.xlsx
2023-08-24,2023,8,236,4,20.8,116.0,334.6153846153846,23.0,4.0,clear,dry,,morning,Adidas Adios Pro 3,east boulder,,Unknown,solo,long@5:34,long,334.0,,,,0,2022,Running_Log_2023.xlsx
2023-08-25,2023,8,237,5,8.3,49.0,354.2168674698795,19.0,5.0,overcast,wet,,afternoon,Saucony Ride 16,east boulder,,Unknown,solo,rec@5:54,recovery,354.0,,,,0,2022,Running_Log_2023.xlsx
2023-08-26,2023,8,238,6,10.3,64.0,372.8155339805825,18.0,6.0,overcast,dry,,morning,Saucony Ride 16,boulder creek,,Unknown,solo,rec@6:12,recovery,372.0,,,,0,2022,Running_Log_2023.xlsx
2023-08-27,2023,8,239,7,13.8,78.0,339.1304347826087,23.0,5.0,clear,dry,,morning,Adidas Adios Pro 3,manhattan track,,Track,solo,"17j, 10000i@5:03 (3:00 rest/mi), 18j",interval,,10000.0,303.0,interval,0,2022,Running_Log_2023.xlsx
2023-08-28,2023,8,240,1,8.3,51.0,368.6746987951807,17.0,5.0,clear,dry,,morning,Saucony Ride 16,east boulder,,Unknown,solo,rec@6:08,recovery,368.0,,,,0,2022,Running_Log_2023.xlsx
2023-08-29,2023,8,241,2,6.2,37.0,358.06451612903226,24.0,5.0,clear,dry,,morning,Saucony Ride 16,east boulder,,Unknown,solo,rec@5:58,recovery,358.0,,,,0,2022,Running_Log_2023.xlsx
2023-08-30,2023,8,242,3,8.3,49.0,354.2168674698795,19.0,4.0,clear,dry,,morning,Saucony Ride 16,east boulder,,Unknown,solo,rec@5:54,recovery,354.0,,,,0,2022,Running_Log_2023.xlsx
2023-08-31,2023,8,243,4,20.8,117.0,337.5,27.0,5.0,clear,dry,,morning,Adidas Adios Pro 3,east boulder,,Unknown,solo,long@5:37,long,337.0,,,,0,2022,Running_Log_2023.xlsx
2023-09-01,2023,9,244,5,10.3,66.0,384.4660194174757,30.0,5.0,cloudy,dry,,afternoon,Hoka Speedgoat 5,boulder creek,,Unknown,solo,rec@6:24,recovery,384.0,,,,0,2022,Running_Log_2023.xlsx
2023-09-02,2023,9,245,6,10.4,65.0,375.0,30.0,5.0,cloudy,dry,,afternoon,Saucony Ride 16,east boulder,,Unknown,solo,rec@6:15,recovery,375.0,,,,0,2022,Running_Log_2023.xlsx
2023-09-03,2023,9,246,7,8.2,49.0,358.5365853658537,25.0,6.0,overcast,dry,,afternoon,Saucony Ride 16,east boulder,,Unknown,solo,rec@5:58,recovery,358.0,,,,0,2022,Running_Log_2023.xlsx
2023-09-04,2023,9,247,1,9.6,179.0,1118.75,4.0,3.0,cloudy,dry,,early,Hoka Speedgoat 5,elbert,,Unknown,solo,trail@18:38,trail,1118.0,,,,0,2022,Running_Log_2023.xlsx
2023-09-05,2023,9,248,2,10.4,64.0,369.2307692307692,19.0,5.0,clear,dry,,morning,Saucony Ride 16,east boulder,,Unknown,solo,rec@6:09,recovery,369.0,,,,0,2022,Running_Log_2023.xlsx
2023-09-06,2023,9,249,3,5.4,31.0,344.4444444444444,15.0,4.0,clear,dry,,morning,Saucony Ride 16,east boulder,,Unknown,solo,rec@5:44,recovery,344.0,,,,0,2022,Running_Log_2023.xlsx
2023-09-07,2023,9,250,4,20.8,118.0,340.38461538461536,24.0,4.0,clear,dry,,morning,Adidas Adios Pro 3,east boulder,,Unknown,solo,long@5:40,long,340.0,,,,0,2022,Running_Log_2023.xlsx
2023-09-08,2023,9,251,5,10.4,63.0,363.46153846153845,22.0,5.0,clear,dry,,late,Saucony Ride 16,east boulder,,Unknown,solo,rec@6:03,recovery,363.0,,,,0,2022,Running_Log_2023.xlsx
2023-09-09,2023,9,252,6,9.3,56.0,361.2903225806451,29.0,5.0,clear,dry,,afternoon,Saucony Ride 16,east boulder,,Unknown,solo,rec@6:01,recovery,361.0,,,,0,2022,Running_Log_2023.xlsx
2023-09-10,2023,9,253,7,13.8,75.0,326.0869565217391,16.0,6.0,heavy rain,wet,,afternoon,Adidas Adios Pro 3,manhattan track,,Track,solo,"16j, 10000i@4:55 (3:00 rest/mi), 18j",interval,,10000.0,295.0,interval,0,2022,Running_Log_2023.xlsx
2023-09-11,2023,9,254,1,10.4,63.0,363.46153846153845,17.0,4.0,cloudy,dry,,afternoon,Saucony Ride 16,east boulder,,Unknown,solo,rec@6:03,recovery,363.0,,,,0,2022,Running_Log_2023.xlsx
2023-09-12,2023,9,255,2,5.4,31.0,344.4444444444444,16.0,5.0,clear,dry,,morning,Saucony Ride 16,east boulder,,Unknown,solo,rec@5:44,recovery,344.0,,,,0,2022,Running_Log_2023.xlsx
2023-09-13,2023,9,256,3,6.0,36.0,360.0,12.0,4.0,clear,dry,,morning,Saucony Ride 16,east boulder,,Unknown,solo,rec@6:00,recovery,360.0,,,,0,2022,Running_Log_2023.xlsx
2023-09-14,2023,9,257,4,10.3,63.0,366.9902912621359,18.0,4.0,cloudy,dry,,morning,Saucony Ride 16,boulder creek,,Unknown,solo,rec@6:06,recovery,366.0,,,,0,2022,Running_Log_2023.xlsx
2023-09-15,2023,9,258,5,5.4,30.0,333.3333333333333,13.0,5.0,overcast,dry,,morning,Saucony Ride 16,east boulder,,Unknown,solo,rec@5:33,recovery,333.0,,,,0,2022,Running_Log_2023.xlsx
2023-09-16,2023,9,259,6,10.4,60.0,346.15384615384613,12.0,4.0,clear,dry,,morning,Saucony Ride 16,east boulder,,Unknown,solo,rec@5:46,recovery,346.0,,,,0,2022,Running_Log_2023.xlsx
2023-09-17,2023,9,260,7,5.4,31.0,344.4444444444444,25.0,4.0,clear,dry,,afternoon,Saucony Ride 16,east boulder,,Unknown,solo,rec@5:44,recovery,344.0,,,,0,2022,Running_Log_2023.xlsx
2023-09-18,2023,9,261,1,6.2,36.0,348.38709677419354,18.0,4.0,clear,dry,,morning,Saucony Ride 16,east boulder,,Unknown,solo,rec@5:48,recovery,348.0,,,,0,2022,Running_Log_2023.xlsx
2023-09-19,2023,9,262,2,8.2,49.0,358.5365853658537,22.0,5.0,cloudy,dry,,morning,Saucony Ride 16,east boulder,,Unknown,solo,rec@5:58,recovery,358.0,,,,0,2022,Running_Log_2023.xlsx
2023-09-20,2023,9,263,3,5.0,30.0,360.0,13.0,5.0,cloudy,dry,,morning,Saucony Ride 16,east boulder,,Unknown,solo,rec@6:00,recovery,360.0,,,,0,2022,Running_Log_2023.xlsx
2023-09-21,2023,9,264,4,3.3,19.0,345.4545454545455,24.0,3.0,clear,dry,,late,Adidas Adios Pro 3,berlin,,Unknown,solo,rec@5:45,recovery,345.0,,,,0,2022,Running_Log_2023.xlsx
2023-09-22,2023,9,265,5,5.0,28.0,336.0,17.0,6.0,clear,dry,,late,Adidas Adios Pro 3,berlin,,Unknown,solo,rec@5:36,recovery,336.0,,,,0,2022,Running_Log_2023.xlsx
2023-09-23,2023,9,266,6,5.3,31.0,350.94339622641513,13.0,0.0,clear,dry,,morning,Adidas Adios Pro 3,berlin,,Unknown,solo,rec@5:50,recovery,350.0,,,,0,2022,Running_Log_2023.xlsx
2023-09-24,2023,9,267,7,26.2,157.0,359.54198473282446,15.0,5.0,cloudy,dry,,morning,Adidas Adios Pro 3,berlin,,Unknown,solo,42195 race@2:37:15 [Berlin Marathon],race,,,,,1,2022,Running_Log_2023.xlsx
2023-09-25,2023,9,268,1,8.2,56.0,409.75609756097566,18.0,4.0,clear,dry,,late,Saucony Ride 16,east boulder,,Unknown,solo,rec@6:49,recovery,409.0,,,,0,2022,Running_Log_2023.xlsx
2023-09-26,2023,9,269,2,4.0,24.0,360.0,17.0,4.0,clear,dry,,morning,Saucony Ride 16,east boulder,,Unknown,solo,rec@6:00,recovery,360.0,,,,0,2022,Running_Log_2023.xlsx
2023-09-27,2023,9,270,3,5.0,29.0,348.0,14.0,4.0,clear,dry,,morning,Saucony Ride 16,east boulder,,Unknown,solo,rec@5:48,recovery,348.0,,,,0,2022,Running_Log_2023.xlsx
2023-09-28,2023,9,271,4,6.2,36.0,348.38709677419354,20.0,5.0,clear,dry,,morning,Saucony Ride 16,east boulder,,Unknown,solo,rec@5:48,recovery,348.0,,,,0,2022,Running_Log_2023.xlsx
2023-09-29,2023,9,272,5,8.2,49.0,358.5365853658537,23.0,4.0,clear,dry,,late,Saucony Ride 16,east boulder,,Unknown,solo,rec@5:58,recovery,358.0,,,,0,2022,Running_Log_2023.xlsx
2023-09-30,2023,9,273,6,10.0,144.0,864.0,13.0,4.0,clear,dry,,morning,Hoka Speedgoat 5,bear peak,,Unknown,solo,trail@14:24,trail,864.0,,,,0,2022,Running_Log_2023.xlsx
2023-10-01,2023,10,274,7,8.2,51.0,373.1707317073171,24.0,6.0,clear,dry,,late,Saucony Ride 16,east boulder,,Unknown,solo,rec@6:13,recovery,373.0,,,,0,2022,Running_Log_2023.xlsx
2023-10-02,2023,10,275,1,6.2,36.0,348.38709677419354,26.0,4.0,cloudy,dry,,afternoon,Saucony Ride 16,east boulder,,Unknown,solo,rec@5:48,recovery,348.0,,,,0,2022,Running_Log_2023.xlsx
2023-10-03,2023,10,276,2,8.2,50.0,365.8536585365854,18.0,5.0,cloudy,dry,,morning,Saucony Ride 16,east boulder,,Unknown,solo,rec@6:05,recovery,365.0,,,,0,2022,Running_Log_2023.xlsx
2023-10-04,2023,10,277,3,5.0,30.0,360.0,12.0,5.0,cloudy,dry,,morning,Saucony Ride 16,east boulder,,Unknown,solo,rec@6:00,recovery,360.0,,,,0,2022,Running_Log_2023.xlsx
2023-10-05,2023,10,278,4,13.1,74.0,338.9312977099237,10.0,4.0,clear,dry,,morning,Saucony Ride 16,east boulder,,Unknown,solo,long@5:38,long,338.0,,,,0,2022,Running_Log_2023.xlsx
2023-10-06,2023,10,279,5,4.0,24.0,360.0,8.0,4.0,overcast,dry,,morning,Saucony Ride 16,east boulder,,Unknown,solo,rec@6:00,recovery,360.0,,,,0,2022,Running_Log_2023.xlsx
2023-10-07,2023,10,280,6,5.0,29.0,348.0,15.0,5.0,clear,dry,,morning,Saucony Ride 16,east boulder,,Unknown,solo,rec@5:48,recovery,348.0,,,,0,2022,Running_Log_2023.xlsx
2023-10-08,2023,10,281,7,17.3,96.0,332.9479768786127,13.0,4.0,clear,dry,,morning,Adidas Adios Pro 3,east boulder,,Unknown,solo,"12j, 21098 race@1:09:51, 14j [Boulderthon]",race,,,,,1,2022,Running_Log_2023.xlsx
2023-10-09,2023,10,282,1,6.2,35.0,338.7096774193548,26.0,5.0,clear,dry,,afternoon,Saucony Ride 16,east boulder,,Unknown,solo,rec@5:38,recovery,338.0,,,,0,2022,Running_Log_2023.xlsx
2023-10-10,2023,10,283,2,5.4,32.0,355.55555555555554,21.0,5.0,clear,dry,,morning,Saucony Ride 16,east boulder,,Unknown,solo,rec@5:55,recovery,355.0,,,,0,2022,Running_Log_2023.xlsx
2023-10-11,2023,10,284,3,8.2,50.0,365.8536585365854,13.0,4.0,light rain,wet,,late,Saucony Ride 16,east boulder,,Unknown,solo,rec@6:05,recovery,365.0,,,,0,2022,Running_Log_2023.xlsx
2023-10-12,2023,10,285,4,21.4,137.0,384.1121495327103,9.0,4.0,overcast,dry,,morning,Saucony Ride 16,boulder turnpike,,Unknown,solo,long@6:24,long,384.0,,,,0,2022,Running_Log_2023.xlsx
2023-10-13,2023,10,286,5,4.0,24.0,360.0,3.0,4.0,clear,dry,,morning,Saucony Ride 16,east boulder,,Unknown,solo,rec@6:00,recovery,360.0,,,,0,2022,Running_Log_2023.xlsx
2023-10-14,2023,10,287,6,6.2,35.0,338.7096774193548,11.0,5.0,clear,dry,,afternoon,Saucony Ride 16,east boulder,,Unknown,solo,rec@5:38,recovery,338.0,,,,0,2022,Running_Log_2023.xlsx
2023-10-15,2023,10,288,7,10.3,62.0,361.1650485436893,16.0,5.0,clear,dry,,late,Saucony Ride 16,boulder creek,,Unknown,solo,rec@6:01,recovery,361.0,,,,0,2022,Running_Log_2023.xlsx
2023-10-16,2023,10,289,1,4.0,23.0,345.0,7.0,4.0,clear,dry,,morning,Saucony Ride 16,east boulder,,Unknown,solo,rec@5:45,recovery,345.0,,,,0,2022,Running_Log_2023.xlsx
2023-10-17,2023,10,290,2,8.2,48.0,351.219512195122,11.0,5.0,clear,dry,,morning,Saucony Ride 16,east boulder,,Unknown,solo,rec@5:51,recovery,351.0,,,,0,2022,Running_Log_2023.xlsx
2023-10-18,2023,10,291,3,6.2,35.0,338.7096774193548,10.0,4.0,clear,dry,,morning,Saucony Ride 16,east boulder,,Unknown,solo,rec@5:38,recovery,338.0,,,,0,2022,Running_Log_2023.xlsx
2023-10-19,2023,10,292,4,24.0,144.0,360.0,10.0,4.0,clear,dry,,morning,Saucony Ride 16,boulder turnpike,,Unknown,solo,long@6:00,long,360.0,,,,0,2022,Running_Log_2023.xlsx
2023-10-20,2023,10,293,5,8.2,50.0,365.8536585365854,25.0,4.0,clear,dry,,morning,Saucony Ride 16,east boulder,,Unknown,solo,rec@6:05,recovery,365.0,,,,0,2022,Running_Log_2023.xlsx
2023-10-21,2023,10,294,6,9.7,60.0,371.13402061855675,16.0,5.0,clear,dry,,late,Saucony Ride 16,east boulder,,Unknown,solo,rec@6:11,recovery,371.0,,,,0,2022,Running_Log_2023.xlsx
2023-10-22,2023,10,295,7,10.3,60.0,349.5145631067961,11.0,4.0,clear,dry,,morning,Nike ZoomX Dragonfly,manhattan track,,Track,solo,"18j, 5000f@4:31 (5:00 rest/mi), 18j",fartlek,,5000.0,271.0,fartlek,0,2022,Running_Log_2023.xlsx
2023-10-23,2023,10,296,1,5.0,29.0,348.0,9.0,4.0,clear,dry,,morning,Saucony Ride 16,east boulder,,Unknown,solo,rec@5:48,recovery,348.0,,,,0,2022,Running_Log_2023.xlsx
2023-10-24,2023,10,297,2,8.2,48.0,351.219512195122,19.0,4.0,clear,dry,,morning,Saucony Ride 16,east boulder,,Unknown,solo,rec@5:51,recovery,351.0,,,,0,2022,Running_Log_2023.xlsx
2023-10-25,2023,10,298,3,5.0,30.0,360.0,6.0,4.0,overcast,dry,,morning,Saucony Ride 16,east boulder,,Unknown,solo,rec@6:00,recovery,360.0,,,,0,2022,Running_Log_2023.xlsx
2023-10-26,2023,10,299,4,17.8,102.0,343.82022471910113,6.0,4.0,foggy,wet,,morning,Saucony Ride 16,east boulder,157.1,Unknown,solo,long@5:43,long,343.0,,,,0,2022,Running_Log_2023.xlsx
2023-10-27,2023,10,300,5,4.7,27.0,344.6808510638298,2.0,4.0,clear,dry,,afternoon,Saucony Ride 16,east boulder,158.3,Unknown,solo,rec@5:44,recovery,344.0,,,,0,2022,Running_Log_2023.xlsx
2023-10-28,2023,10,301,6,11.1,64.0,345.94594594594594,27.0,3.0,clear,dry,,morning,Saucony Ride 16,wedgewood,,Unknown,solo,rec@5:45,recovery,345.0,,,,0,2022,Running_Log_2023.xlsx
2023-10-29,2023,10,302,7,4.6,27.0,352.1739130434783,23.0,4.0,overcast,dry,,morning,Saucony Ride 16,wedgewood,,Unknown,solo,rec@5:52,recovery,352.0,,,,0,2022,Running_Log_2023.xlsx
2023-10-30,2023,10,303,1,5.0,28.0,336.0,0.0,3.0,clear,snow,,morning,Hoka Speedgoat 5,east boulder,,Unknown,solo,rec@5:36,recovery,336.0,,,,0,2022,Running_Log_2023.xlsx
2023-10-31,2023,10,304,2,4.6,27.0,352.1739130434783,2.0,4.0,clear,dry,,morning,Hoka Speedgoat 5,east boulder,,Unknown,solo,rec@5:52,recovery,352.0,,,,0,2022,Running_Log_2023.xlsx
2023-11-01,2023,11,305,3,8.2,49.0,358.5365853658537,10.0,5.0,overcast,dry,,afternoon,Saucony Ride 16,east boulder,156.4,Unknown,solo,rec@5:58,recovery,358.0,,,,0,2022,Running_Log_2023.xlsx
2023-11-02,2023,11,306,4,26.2,154.0,352.67175572519085,6.0,3.0,clear,dry,,morning,Nike Alphafly Next%,boulder turnpike,152.3,Unknown,solo,42195 race@2:34:11 [Time trial],race,,,,,1,2022,Running_Log_2023.xlsx
2023-11-03,2023,11,307,5,4.6,27.0,352.1739130434783,17.0,4.0,clear,dry,,morning,Saucony Ride 16,east boulder,156.4,Unknown,solo,rec@5:52,recovery,352.0,,,,0,2022,Running_Log_2023.xlsx
2023-11-04,2023,11,308,6,8.2,48.0,351.219512195122,19.0,4.0,clear,dry,,afternoon,Saucony Ride 16,east boulder,155.6,Unknown,solo,rec@5:51,recovery,351.0,,,,0,2022,Running_Log_2023.xlsx
2023-11-05,2023,11,309,7,10.3,63.0,366.9902912621359,23.0,6.0,clear,dry,,afternoon,Saucony Ride 16,boulder creek,155.8,Unknown,solo,rec@6:06,recovery,366.0,,,,0,2022,Running_Log_2023.xlsx
2023-11-06,2023,11,310,1,4.0,23.0,345.0,21.0,4.0,clear,dry,,afternoon,Saucony Ride 16,east boulder,,Unknown,solo,rec@5:45,recovery,345.0,,,,0,2022,Running_Log_2023.xlsx
2023-11-07,2023,11,311,2,5.8,33.0,341.3793103448276,18.0,5.0,clear,dry,,morning,Saucony Ride 16,east boulder,158.3,Unknown,solo,rec@5:41,recovery,341.0,,,,0,2022,Running_Log_2023.xlsx
2023-11-08,2023,11,312,3,8.2,47.0,343.9024390243903,4.0,5.0,light rain,wet,,afternoon,Saucony Ride 16,east boulder,157.2,Unknown,solo,rec@5:43,recovery,343.0,,,,0,2022,Running_Log_2023.xlsx
2023-11-09,2023,11,313,4,24.0,135.0,337.5,2.0,4.0,clear,dry,,morning,Adidas Adios Pro 3,boulder turnpike,155.8,Unknown,solo,long@5:37,long,337.0,,,,0,2022,Running_Log_2023.xlsx
2023-11-10,2023,11,314,5,5.0,30.0,360.0,1.0,4.0,clear,dry,,morning,Saucony Ride 16,east boulder,158.3,Unknown,solo,rec@6:00,recovery,360.0,,,,0,2022,Running_Log_2023.xlsx
2023-11-11,2023,11,315,6,7.0,41.0,351.42857142857144,9.0,4.0,clear,dry,,morning,Saucony Ride 16,east boulder,158.3,Unknown,solo,rec@5:51,recovery,351.0,,,,0,2022,Running_Log_2023.xlsx
2023-11-12,2023,11,316,7,10.4,62.0,357.6923076923077,15.0,5.0,clear,dry,,afternoon,Saucony Ride 16,east boulder,,Unknown,solo,rec@5:57,recovery,357.0,,,,0,2022,Running_Log_2023.xlsx
2023-11-13,2023,11,317,1,5.8,34.0,351.7241379310345,2.0,4.0,clear,dry,,morning,Saucony Ride 16,east boulder,158.3,Unknown,solo,rec@5:51,recovery,351.0,,,,0,2022,Running_Log_2023.xlsx
2023-11-14,2023,11,318,2,8.2,49.0,358.5365853658537,19.0,4.0,clear,dry,,morning,Saucony Ride 16,east boulder,,Unknown,solo,rec@5:58,recovery,358.0,,,,0,2022,Running_Log_2023.xlsx
2023-11-15,2023,11,319,3,5.1,30.0,352.94117647058823,18.0,3.0,clear,dry,,afternoon,Saucony Ride 16,east boulder,158.3,Unknown,solo,rec@5:52,recovery,352.0,,,,0,2022,Running_Log_2023.xlsx
2023-11-16,2023,11,320,4,9.8,52.0,318.3673469387755,17.0,5.0,overcast,dry,,morning,Adidas Adios Pro 3,east boulder,156.4,Unknown,solo,"14j, 6400i@4:40 (3:00 rest/mi), 14j",interval,,6400.0,280.0,interval,0,2022,Running_Log_2023.xlsx
2023-11-17,2023,11,321,5,5.0,29.0,348.0,16.0,4.0,clear,dry,,afternoon,Saucony Ride 16,east boulder,,Unknown,solo,rec@5:48,recovery,348.0,,,,0,2022,Running_Log_2023.xlsx
2023-11-18,2023,11,322,6,8.2,50.0,365.8536585365854,13.0,6.0,cloudy,dry,,afternoon,Saucony Ride 16,east boulder,156.4,Unknown,solo,rec@6:05,recovery,365.0,,,,0,2022,Running_Log_2023.xlsx
2023-11-19,2023,11,323,7,5.8,33.0,341.3793103448276,12.0,6.0,overcast,dry,,afternoon,Saucony Ride 16,east boulder,,Unknown,solo,rec@5:41,recovery,341.0,,,,0,2022,Running_Log_2023.xlsx
2023-11-20,2023,11,324,1,10.8,58.0,322.22222222222223,8.0,5.0,overcast,wet,,afternoon,Saucony Ride 16,english hill,156.0,Unknown,solo,rec@5:22,recovery,322.0,,,,0,2022,Running_Log_2023.xlsx
2023-11-21,2023,11,325,2,6.4,36.0,337.5,13.0,6.0,cloudy,wet,,afternoon,Saucony Ride 16,suburbia,158.6,Unknown,solo,rec@5:37,recovery,337.0,,,,0,2022,Running_Log_2023.xlsx
2023-11-22,2023,11,326,3,5.8,33.0,341.3793103448276,8.0,5.0,overcast,wet,,afternoon,Saucony Ride 16,nike>powerline,158.0,Unknown,solo,rec@5:41,recovery,341.0,,,,0,2022,Running_Log_2023.xlsx
2023-11-23,2023,11,327,4,7.3,39.0,320.54794520547944,5.0,3.0,cloudy,dry,,morning,Adidas Adios Pro 3,river trail,158.0,Unknown,solo,"12j, 5000 race@15:06, 12j [Woodinville Turkey Trot]",race,,,,,1,2022,Running_Log_2023.xlsx
2023-11-24,2023,11,328,5,5.1,29.0,341.1764705882353,5.0,6.0,cloudy,dry,,afternoon,Saucony Ride 16,nike>nature,159.2,Unknown,solo,rec@5:41,recovery,341.0,,,,0,2022,Running_Log_2023.xlsx
2023-11-25,2023,11,329,6,4.0,24.0,360.0,6.0,6.0,cloudy,dry,,afternoon,Saucony Ride 16,english hill,158.8,Unknown,solo,rec@6:00,recovery,360.0,,,,0,2022,Running_Log_2023.xlsx
2023-11-26,2023,11,330,7,26.2,147.0,336.6412213740458,1.0,3.0,foggy,icy,,morning,Adidas Adios Pro 3,seattle,157.4,Unknown,solo,42195 race@2:27:03 [Seattle Marathon],race,,,,,1,2022,Running_Log_2023.xlsx
2023-11-27,2023,11,331,1,5.8,36.0,372.4137931034483,5.0,3.0,clear,icy,,afternoon,Hoka Speedgoat 5,east boulder,,Unknown,solo,rec@6:12,recovery,372.0,,,,0,2022,Running_Log_2023.xlsx
2023-11-28,2023,11,332,2,5.0,30.0,360.0,8.0,3.0,clear,dry,,morning,Hoka Speedgoat 5,east boulder,159.2,Unknown,solo,rec@6:00,recovery,360.0,,,,0,2022,Running_Log_2023.xlsx
2023-11-29,2023,11,333,3,7.0,39.0,334.2857142857143,8.0,5.0,clear,dry,,afternoon,Saucony Ride 16,east boulder,159.0,Unknown,solo,rec@5:34,recovery,334.0,,,,0,2022,Running_Log_2023.xlsx
2023-11-30,2023,11,334,4,14.4,85.0,354.1666666666667,1.0,4.0,cloudy,dry,,morning,Saucony Endorphin Speed 2,east boulder,157.1,Unknown,solo,long@5:54,long,354.0,,,,0,2022,Running_Log_2023.xlsx
2023-12-01,2023,12,335,5,5.0,28.0,336.0,3.0,3.0,cloudy,dry,,afternoon,Saucony Endorphin Speed 2,east boulder,157.1,Unknown,solo,rec@5:36,recovery,336.0,,,,0,2022,Running_Log_2023.xlsx
2023-12-02,2023,12,336,6,10.8,65.0,361.1111111111111,2.0,6.0,cloudy,dry,,late,Saucony Endorphin Speed 2,east boulder,157.1,Unknown,solo,rec@6:01,recovery,361.0,,,,0,2022,Running_Log_2023.xlsx
2023-12-03,2023,12,337,7,5.8,33.0,341.3793103448276,3.0,4.0,overcast,wet,,afternoon,Saucony Endorphin Speed 2,east boulder,158.4,Unknown,solo,rec@5:41,recovery,341.0,,,,0,2022,Running_Log_2023.xlsx
2023-12-04,2023,12,338,1,5.0,28.0,336.0,10.0,5.0,cloudy,dry,,morning,Saucony Endorphin Speed 2,east boulder,,Unknown,solo,rec@5:36,recovery,336.0,,,,0,2022,Running_Log_2023.xlsx
2023-12-05,2023,12,339,2,8.2,48.0,351.219512195122,12.0,4.0,clear,dry,,morning,Saucony Endorphin Speed 2,east boulder,,Unknown,solo,rec@5:51,recovery,351.0,,,,0,2022,Running_Log_2023.xlsx
2023-12-06,2023,12,340,3,7.1,41.0,346.4788732394366,16.0,5.0,clear,dry,,afternoon,Saucony Endorphin Speed 2,east boulder,159.0,Unknown,solo,rec@5:46,recovery,346.0,,,,0,2022,Running_Log_2023.xlsx
2023-12-07,2023,12,341,4,19.8,123.0,372.7272727272727,13.0,4.0,clear,dry,,morning,Saucony Endorphin Speed 2,boulder turnpike,157.1,Unknown,solo,long@6:12,long,372.0,,,,0,2022,Running_Log_2023.xlsx
2023-12-08,2023,12,342,5,10.8,65.0,361.1111111111111,3.0,5.0,overcast,dry,,afternoon,Saucony Endorphin Speed 2,east boulder,158.4,Unknown,solo,rec@6:01,recovery,361.0,,,,0,2022,Running_Log_2023.xlsx
2023-12-09,2023,12,343,6,10.6,66.0,373.5849056603774,0.0,4.0,clear,snow,,afternoon,Hoka Speedgoat 5,east boulder,157.1,Unknown,solo,rec@6:13,recovery,373.0,,,,0,2022,Running_Log_2023.xlsx
2023-12-10,2023,12,344,7,5.0,30.0,360.0,6.0,5.0,clear,icy,,morning,Saucony Endorphin Speed 2,east boulder,,Unknown,solo,rec@6:00,recovery,360.0,,,,0,2022,Running_Log_2023.xlsx
2023-12-11,2023,12,345,1,10.6,63.0,356.6037735849057,8.0,5.0,cloudy,dry,,afternoon,Hoka Speedgoat 5,east boulder,159.5,Unknown,solo,rec@5:56,recovery,356.0,,,,0,2022,Running_Log_2023.xlsx
2023-12-12,2023,12,346,2,6.2,37.0,358.06451612903226,-1.0,5.0,overcast,wet,,morning,Saucony Endorphin Speed 2,east boulder,,Unknown,solo,rec@5:58,recovery,358.0,,,,0,2022,Running_Log_2023.xlsx
2023-12-13,2023,12,347,3,4.6,27.0,352.1739130434783,-1.0,4.0,overcast,wet,,morning,Saucony Endorphin Speed 2,east boulder,,Unknown,solo,rec@5:52,recovery,352.0,,,,0,2022,Running_Log_2023.xlsx
2023-12-14,2023,12,348,4,5.0,30.0,360.0,0.0,5.0,cloudy,dry,,morning,Saucony Endorphin Speed 2,east boulder,159.5,Unknown,solo,rec@6:00,recovery,360.0,,,,0,2022,Running_Log_2023.xlsx
2023-12-15,2023,12,349,5,10.6,61.0,345.28301886792457,9.0,4.0,cloudy,dry,,afternoon,Saucony Endorphin Speed 2,east boulder,157.9,Unknown,solo,rec@5:45,recovery,345.0,,,,0,2022,Running_Log_2023.xlsx
2023-12-16,2023,12,350,6,7.1,41.0,346.4788732394366,16.0,5.0,clear,dry,,afternoon,Saucony Endorphin Speed 2,east boulder,,Unknown,solo,rec@5:46,recovery,346.0,,,,0,2022,Running_Log_2023.xlsx
2023-12-17,2023,12,351,7,5.8,31.0,320.6896551724138,15.0,5.0,clear,dry,,afternoon,Saucony Endorphin Speed 2,east boulder,160.3,Unknown,solo,rec@5:20,recovery,320.0,,,,0,2022,Running_Log_2023.xlsx
2023-12-18,2023,12,352,1,5.0,29.0,348.0,2.0,5.0,clear,dry,,morning,Saucony Endorphin Speed 2,east boulder,160.3,Unknown,solo,rec@5:48,recovery,348.0,,,,0,2022,Running_Log_2023.xlsx
2023-12-19,2023,12,353,2,10.4,59.0,340.38461538461536,17.0,4.0,clear,dry,,afternoon,Saucony Endorphin Speed 2,east boulder,156.2,Unknown,solo,rec@5:40,recovery,340.0,,,,0,2022,Running_Log_2023.xlsx
2023-12-20,2023,12,354,3,5.0,29.0,348.0,13.0,5.0,clear,dry,,morning,Saucony Endorphin Speed 2,east boulder,158.4,Unknown,solo,rec@5:48,recovery,348.0,,,,0,2022,Running_Log_2023.xlsx
2023-12-21,2023,12,355,4,5.8,32.0,331.0344827586207,13.0,6.0,clear,dry,,morning,Saucony Endorphin Speed 2,east boulder,159.3,Unknown,solo,rec@5:31,recovery,331.0,,,,0,2022,Running_Log_2023.xlsx
2023-12-22,2023,12,356,5,5.0,29.0,348.0,1.0,4.0,clear,dry,,morning,Saucony Endorphin Speed 2,east boulder,,Unknown,solo,rec@5:48,recovery,348.0,,,,0,2022,Running_Log_2023.xlsx
2023-12-23,2023,12,357,6,20.8,121.0,349.03846153846155,11.0,6.0,cloudy,dry,,afternoon,Saucony Endorphin Speed 2,east boulder,157.9,Unknown,solo,long@5:49,long,349.0,,,,0,2022,Running_Log_2023.xlsx
2023-12-24,2023,12,358,7,4.0,25.0,375.0,-3.0,3.0,snow,wet,,morning,Hoka Speedgoat 5,east boulder,,Unknown,solo,rec@6:15,recovery,375.0,,,,0,2022,Running_Log_2023.xlsx
2023-12-25,2023,12,359,1,6.4,38.0,356.25,7.0,6.0,light rain,wet,,morning,Saucony Endorphin Speed 2,suburbia,161.0,Unknown,solo,rec@5:56,recovery,356.0,,,,0,2022,Running_Log_2023.xlsx
2023-12-26,2023,12,360,2,10.2,59.0,347.05882352941177,8.0,7.0,cloudy,wet,,late,Saucony Endorphin Speed 2,english hill,158.6,Unknown,solo,rec@5:47,recovery,347.0,,,,0,2022,Running_Log_2023.xlsx
2023-12-27,2023,12,361,3,5.8,33.0,341.3793103448276,11.0,6.0,light rain,wet,,late,Saucony Endorphin Speed 2,nike>powerline,161.0,Unknown,solo,rec@5:41,recovery,341.0,,,,0,2022,Running_Log_2023.xlsx
2023-12-28,2023,12,362,4,10.1,55.0,326.73267326732673,12.0,6.0,overcast,wet,,afternoon,Nike ZoomX Dragonfly,rhs track,159.6,Track,solo,"17j, 5000f@4:22 (3:00 rest/mi), 13j",fartlek,,5000.0,262.0,fartlek,0,2022,Running_Log_2023.xlsx
2023-12-29,2023,12,363,5,5.8,33.0,341.3793103448276,16.0,6.0,cloudy,dry,,afternoon,Saucony Endorphin Speed 2,nike>powerline,161.0,Unknown,solo,rec@5:41,recovery,341.0,,,,0,2022,Running_Log_2023.xlsx
2023-12-30,2023,12,364,6,6.4,38.0,356.25,11.0,5.0,light rain,wet,,afternoon,Saucony Endorphin Speed 2,suburbia,159.2,Unknown,solo,rec@5:56,recovery,356.0,,,,0,2022,Running_Log_2023.xlsx
2023-12-31,2023,12,365,7,5.1,29.0,341.1764705882353,8.0,6.0,cloudy,wet,,afternoon,Saucony Endorphin Speed 2,nike>nature,159.0,Unknown,solo,rec@5:41,recovery,341.0,,,,0,2022,Running_Log_2023.xlsx
2024-01-01,2024,1,1,1,10.3,58.0,337.8640776699029,6.0,6.0,cloudy,wet,,late,Saucony Endorphin Speed 2,english hill,157.4,Unknown,solo,rec@5:37,recovery,337.0,,,,0,2022,Running_Log_2024.xlsx
2024-01-02,2024,1,2,2,14.0,90.0,385.7142857142857,7.0,6.0,light rain,muddy,,afternoon,Saucony Endorphin Speed 2,watershed,158.8,Unknown,solo,trail@6:25,trail,385.0,,,,0,2022,Running_Log_2024.xlsx
2024-01-03,2024,1,3,3,10.6,65.0,367.9245283018868,8.0,6.0,light rain,wet,,late,Saucony Endorphin Speed 2,pipeline,158.2,Unknown,solo,rec@6:07,recovery,367.0,,,,0,2022,Running_Log_2024.xlsx
2024-01-04,2024,1,4,4,12.7,80.0,377.9527559055118,8.0,6.0,cloudy,muddy,,afternoon,Saucony Endorphin Speed 2,watershed,157.6,Unknown,solo,trail@6:17,trail,377.0,,,,0,2022,Running_Log_2024.xlsx
2024-01-05,2024,1,5,5,11.1,67.0,362.1621621621622,7.0,4.0,light rain,wet,,late,Saucony Endorphin Speed 2,river trail,159.4,Unknown,solo,rec@6:02,recovery,362.0,,,,0,2022,Running_Log_2024.xlsx
2024-01-06,2024,1,6,6,21.4,120.0,336.44859813084116,4.0,6.0,heavy rain,wet,,late,Saucony Endorphin Speed 2,lake samm,,Unknown,solo,long@5:36,long,336.0,,,,0,2022,Running_Log_2024.xlsx
2024-01-07,2024,1,7,7,10.1,60.0,356.43564356435644,4.0,4.0,cloudy,wet,,afternoon,Saucony Endorphin Speed 2,english hill,160.4,Unknown,solo,rec@5:56,recovery,356.0,,,,0,2022,Running_Log_2024.xlsx
2024-01-08,2024,1,8,1,11.1,66.0,356.7567567567568,4.0,4.0,light rain,wet,,late,Saucony Endorphin Speed 2,river trail,161.0,Unknown,solo,rec@5:56,recovery,356.0,,,,0,2022,Running_Log_2024.xlsx
2024-01-09,2024,1,9,2,10.1,60.0,356.43564356435644,6.0,4.0,overcast,wet,,afternoon,Saucony Endorphin Speed 2,english hill,160.8,Unknown,solo,rec@5:56,recovery,356.0,,,,0,2022,Running_Log_2024.xlsx
2024-01-10,2024,1,10,3,12.3,69.0,336.5853658536585,5.0,5.0,overcast,wet,,afternoon,Saucony Endorphin Speed 2,powerline 2,160.2,Unknown,solo,"20j, 8000i@4:51, 13j",interval,,8000.0,291.0,interval,0,2022,Running_Log_2024.xlsx
2024-01-11,2024,1,11,4,10.0,62.0,372.0,0.0,5.0,overcast,wet,,late,Saucony Endorphin Speed 2,suburbia,160.2,Unknown,solo,rec@6:12,recovery,372.0,,,,0,2022,Running_Log_2024.xlsx
2024-01-12,2024,1,12,5,10.2,59.0,347.05882352941177,-7.0,4.0,clear,dry,,afternoon,Saucony Endorphin Speed 2,english hill,161.0,Unknown,solo,rec@5:47,recovery,347.0,,,,0,2022,Running_Log_2024.xlsx
2024-01-13,2024,1,13,6,17.7,98.0,332.2033898305085,-5.0,5.0,cloudy,dry,,afternoon,Adidas Adios Pro 3,river trail,157.8,Unknown,solo,long@5:32,long,332.0,,,,0,2022,Running_Log_2024.xlsx
2024-01-14,2024,1,14,7,10.4,69.0,398.07692307692304,-13.0,4.0,clear,snow,,afternoon,Hoka Speedgoat 5,east boulder,,Unknown,solo,rec@6:38,recovery,398.0,,,,0,2022,Running_Log_2024.xlsx
2024-01-15,2024,1,15,1,5.8,35.0,362.0689655172414,-19.0,5.0,clear,snow,,afternoon,Hoka Speedgoat 5,east boulder,160.3,Unknown,solo,rec@6:02,recovery,362.0,,,,0,2022,Running_Log_2024.xlsx
2024-01-16,2024,1,16,2,10.6,67.0,379.24528301886795,2.0,4.0,clear,snow,,afternoon,Hoka Speedgoat 5,east boulder,158.4,Unknown,solo,rec@6:19,recovery,379.0,,,,0,2022,Running_Log_2024.xlsx
2024-01-17,2024,1,17,3,7.2,45.0,375.0,3.0,5.0,clear,snow,,morning,Hoka Speedgoat 5,east boulder,160.3,Unknown,solo,rec@6:15,recovery,375.0,,,,0,2022,Running_Log_2024.xlsx
2024-01-18,2024,1,18,4,10.6,61.0,345.28301886792457,-2.0,5.0,overcast,dry,,afternoon,Saucony Endorphin Speed 2,east boulder,159.3,Unknown,solo,rec@5:45,recovery,345.0,,,,0,2022,Running_Log_2024.xlsx
2024-01-19,2024,1,19,5,10.5,61.0,348.57142857142856,0.0,5.0,cloudy,dry,,afternoon,Saucony Endorphin Speed 2,east boulder,158.4,Unknown,solo,rec@5:48,recovery,348.0,,,,0,2022,Running_Log_2024.xlsx
2024-01-20,2024,1,20,6,24.0,144.0,360.0,1.0,4.0,cloudy,dry,,afternoon,Saucony Endorphin Speed 2,boulder turnpike,157.1,Unknown,solo,long@6:00,long,360.0,,,,0,2022,Running_Log_2024.xlsx
2024-01-21,2024,1,21,7,10.1,62.0,368.31683168316835,6.0,4.0,cloudy,dry,,late,Saucony Endorphin Speed 2,east boulder,160.3,Unknown,solo,rec@6:08,recovery,368.0,,,,0,2022,Running_Log_2024.xlsx
2024-01-22,2024,1,22,1,10.3,67.0,390.2912621359223,11.0,5.0,overcast,snow,,afternoon,Saucony Endorphin Speed 2,boulder creek,160.3,Unknown,solo,rec@6:30,recovery,390.0,,,,0,2022,Running_Log_2024.xlsx
2024-01-23,2024,1,23,2,10.0,60.0,360.0,-1.0,4.0,clear,icy,,morning,Saucony Endorphin Speed 2,east boulder,159.3,Unknown,solo,rec@6:00,recovery,360.0,,,,0,2022,Running_Log_2024.xlsx
2024-01-24,2024,1,24,3,17.8,102.0,343.82022471910113,6.0,5.0,overcast,dry,,morning,Saucony Endorphin Speed 2,east boulder,156.2,Unknown,solo,long@5:43,long,343.0,,,,0,2022,Running_Log_2024.xlsx
2024-01-25,2024,1,25,4,5.8,33.0,341.3793103448276,-1.0,3.0,clear,dry,,morning,Saucony Endorphin Speed 2,east boulder,159.3,Unknown,solo,rec@5:41,recovery,341.0,,,,0,2022,Running_Log_2024.xlsx
2024-01-26,2024,1,26,5,11.2,66.0,353.5714285714286,6.0,4.0,overcast,dry,,afternoon,Saucony Endorphin Speed 2,east boulder,,Unknown,solo,rec@5:53,recovery,353.0,,,,0,2022,Running_Log_2024.xlsx
2024-01-27,2024,1,27,6,10.0,58.0,348.0,7.0,5.0,cloudy,dry,,late,Saucony Endorphin Speed 2,east boulder,158.8,Unknown,solo,rec@5:48,recovery,348.0,,,,0,2022,Running_Log_2024.xlsx
2024-01-28,2024,1,28,7,16.2,91.0,337.03703703703707,10.0,5.0,clear,dry,,late,Nike ZoomX Dragonfly,manhattan track,,Track,solo,"32j, 10000i@4:47, 18j",interval,,10000.0,287.0,interval,0,2022,Running_Log_2024.xlsx
2024-01-29,2024,1,29,1,7.0,40.0,342.85714285714283,4.0,4.0,clear,dry,,morning,Saucony Endorphin Speed 2,east boulder,160.3,Unknown,solo,rec@5:42,recovery,342.0,,,,0,2022,Running_Log_2024.xlsx
2024-01-30,2024,1,30,2,8.7,51.0,351.72413793103453,0.0,3.0,clear,dry,,morning,Saucony Endorphin Speed 2,east boulder,160.3,Unknown,solo,rec@5:51,recovery,351.0,,,,0,2022,Running_Log_2024.xlsx
2024-01-31,2024,1,31,3,24.0,137.0,342.5,6.0,4.0,clear,dry,,morning,Saucony Endorphin Speed 2,boulder turnpike,154.9,Unknown,solo,long@5:42,long,342.0,,,,0,2022,Running_Log_2024.xlsx
2024-02-01,2024,2,32,4,5.8,33.0,341.3793103448276,9.0,4.0,clear,dry,,morning,Saucony Endorphin Speed 2,east boulder,157.8,Unknown,solo,rec@5:41,recovery,341.0,,,,0,2022,Running_Log_2024.xlsx
2024-02-02,2024,2,33,5,8.6,53.0,369.7674418604651,2.0,4.0,overcast,dry,,morning,Saucony Endorphin Speed 2,boulder creek,159.3,Unknown,solo,rec@6:09,recovery,369.0,,,,0,2022,Running_Log_2024.xlsx
2024-02-03,2024,2,34,6,11.2,65.0,348.2142857142857,3.0,4.0,light rain,wet,,morning,Saucony Endorphin Speed 2,east boulder,160.3,Unknown,solo,rec@5:48,recovery,348.0,,,,0,2022,Running_Log_2024.xlsx
2024-02-04,2024,2,35,7,11.8,70.0,355.9322033898305,2.0,5.0,clear,snow,,morning,Nike ZoomX Dragonfly,manhattan track,158.8,Track,solo,"18j, 6400i@5:20, 24j",interval,,6400.0,320.0,interval,0,2022,Running_Log_2024.xlsx
2024-02-05,2024,2,36,1,9.6,60.0,375.0,-3.0,4.0,clear,icy,,morning,Hoka Speedgoat 5,east boulder,159.3,Unknown,solo,rec@6:15,recovery,375.0,,,,0,2022,Running_Log_2024.xlsx
2024-02-06,2024,2,37,2,6.2,39.0,377.4193548387097,1.0,4.0,clear,icy,,morning,Hoka Speedgoat 5,east boulder,160.3,Unknown,solo,rec@6:17,recovery,377.0,,,,0,2022,Running_Log_2024.xlsx
2024-02-07,2024,2,38,3,10.0,61.0,366.0,3.0,4.0,overcast,icy,,morning,Hoka Speedgoat 5,east boulder,157.8,Unknown,solo,rec@6:06,recovery,366.0,,,,0,2022,Running_Log_2024.xlsx
2024-02-08,2024,2,39,4,7.0,39.0,334.2857142857143,4.0,5.0,overcast,dry,,morning,Saucony Endorphin Speed 2,east boulder,,Unknown,solo,rec@5:34,recovery,334.0,,,,0,2022,Running_Log_2024.xlsx
2024-02-09,2024,2,40,5,5.8,33.0,341.3793103448276,-1.0,4.0,overcast,dry,,morning,Saucony Endorphin Speed 2,east boulder,,Unknown,solo,rec@5:41,recovery,341.0,,,,0,2022,Running_Log_2024.xlsx
2024-02-10,2024,2,41,6,10.6,61.0,345.28301886792457,-3.0,6.0,snow,snow,,late,Saucony Endorphin Speed 2,east boulder,158.8,Unknown,solo,rec@5:45,recovery,345.0,,,,0,2022,Running_Log_2024.xlsx
2024-02-11,2024,2,42,7,5.8,33.0,341.3793103448276,2.0,4.0,clear,icy,,afternoon,Hoka Speedgoat 5,east boulder,157.8,Unknown,solo,rec@5:41,recovery,341.0,,,,0,2022,Running_Log_2024.xlsx
2024-02-12,2024,2,43,1,8.8,50.0,340.9090909090909,-2.0,4.0,cloudy,dry,,morning,Saucony Endorphin Speed 2,east boulder,158.8,Unknown,solo,rec@5:40,recovery,340.0,,,,0,2022,Running_Log_2024.xlsx
2024-02-13,2024,2,44,2,5.8,32.0,331.0344827586207,3.0,4.0,clear,dry,,morning,Saucony Endorphin Speed 2,east boulder,159.3,Unknown,solo,rec@5:31,recovery,331.0,,,,0,2022,Running_Log_2024.xlsx
2024-02-14,2024,2,45,3,24.0,134.0,335.0,1.0,4.0,clear,dry,,morning,Saucony Endorphin Speed 2,boulder turnpike,156.4,Unknown,solo,long@5:35,long,335.0,,,,0,2022,Running_Log_2024.xlsx
2024-02-15,2024,2,46,4,9.8,58.0,355.1020408163265,-1.0,4.0,overcast,dry,,morning,Saucony Endorphin Speed 2,east boulder,,Unknown,solo,rec@5:55,recovery,355.0,,,,0,2022,Running_Log_2024.xlsx
2024-02-16,2024,2,47,5,10.3,59.0,343.6893203883495,4.0,4.0,clear,dry,,morning,Saucony Endorphin Speed 2,central park,,Unknown,solo,rec@5:43,recovery,343.0,,,,0,2022,Running_Log_2024.xlsx
2024-02-17,2024,2,48,6,13.0,73.0,336.9230769230769,2.0,4.0,cloudy,wet,,afternoon,Saucony Endorphin Speed 2,central park,,Unknown,solo,rec@5:36,recovery,336.0,,,,0,2022,Running_Log_2024.xlsx
2024-02-18,2024,2,49,7,4.2,25.0,357.1428571428571,-3.0,3.0,clear,dry,,morning,Saucony Endorphin Speed 2,central park,,Unknown,solo,rec@5:57,recovery,357.0,,,,0,2022,Running_Log_2024.xlsx
2024-02-19,2024,2,50,1,5.8,32.0,331.0344827586207,13.0,2.0,cloudy,dry,,afternoon,Saucony Endorphin Speed 2,east boulder,163.0,Unknown,solo,rec@5:31,recovery,331.0,,,,0,2022,Running_Log_2024.xlsx
2024-02-20,2024,2,51,2,5.4,29.0,322.22222222222223,13.0,4.0,clear,dry,,morning,Saucony Endorphin Speed 2,east boulder,162.3,Unknown,solo,rec@5:22,recovery,322.0,,,,0,2022,Running_Log_2024.xlsx
2024-02-21,2024,2,52,3,24.0,131.0,327.5,7.0,4.0,clear,dry,,morning,Saucony Endorphin Speed 2,boulder turnpike,156.2,Unknown,solo,long@5:27,long,327.0,,,,0,2022,Running_Log_2024.xlsx
2024-02-22,2024,2,53,4,9.0,52.0,346.6666666666667,2.0,5.0,cloudy,dry,,morning,Saucony Endorphin Speed 2,east boulder,156.9,Unknown,solo,rec@5:46,recovery,346.0,,,,0,2022,Running_Log_2024.xlsx
2024-02-23,2024,2,54,5,7.1,40.0,338.02816901408454,4.0,5.0,clear,dry,,morning,Saucony Endorphin Speed 2,east boulder,159.2,Unknown,solo,rec@5:38,recovery,338.0,,,,0,2022,Running_Log_2024.xlsx
2024-02-24,2024,2,55,6,13.8,78.0,339.1304347826087,3.0,4.0,clear,dry,,morning,Nike ZoomX Dragonfly,manhattan track,158.9,Track,solo,"32j, 6400i@4:46, 21j",interval,,6400.0,286.0,interval,0,2022,Running_Log_2024.xlsx
2024-02-25,2024,2,56,7,10.6,59.0,333.9622641509434,15.0,6.0,clear,dry,,afternoon,Saucony Endorphin Speed 2,east boulder,157.7,Unknown,solo,rec@5:33,recovery,333.0,,,,0,2022,Running_Log_2024.xlsx
2024-02-26,2024,2,57,1,5.8,33.0,341.3793103448276,14.0,4.0,clear,dry,,morning,Saucony Endorphin Speed 2,east boulder,157.7,Unknown,solo,rec@5:41,recovery,341.0,,,,0,2022,Running_Log_2024.xlsx
2024-02-27,2024,2,58,2,4.0,25.0,375.0,-2.0,2.0,snow,snow,,morning,Hoka Speedgoat 5,east boulder,,Unknown,solo,rec@6:15,recovery,375.0,,,,0,2022,Running_Log_2024.xlsx
2024-02-28,2024,2,59,3,20.8,118.0,340.38461538461536,-2.0,4.0,clear,dry,,morning,Saucony Endorphin Speed 2,east boulder,157.7,Unknown,solo,long@5:40,long,340.0,,,,0,2022,Running_Log_2024.xlsx
2024-02-29,2024,2,60,4,5.0,30.0,360.0,3.0,4.0,clear,dry,,morning,Saucony Endorphin Speed 2,east boulder,158.9,Unknown,solo,rec@6:00,recovery,360.0,,,,0,2022,Running_Log_2024.xlsx
2024-03-01,2024,3,61,5,5.8,32.0,331.0344827586207,7.0,4.0,cloudy,dry,,morning,Saucony Endorphin Speed 2,east boulder,159.5,Unknown,solo,rec@5:31,recovery,331.0,,,,0,2022,Running_Log_2024.xlsx
2024-03-02,2024,3,62,6,13.2,76.0,345.4545454545455,8.0,4.0,clear,dry,,morning,Nike ZoomX Dragonfly,manhattan track,,Track,solo,"33j, 5000f@4:27, 17j",fartlek,,5000.0,267.0,fartlek,0,2022,Running_Log_2024.xlsx
2024-03-03,2024,3,63,7,8.8,51.0,347.7272727272727,7.0,4.0,clear,dry,,afternoon,Saucony Endorphin Speed 2,east boulder,158.8,Unknown,solo,rec@5:47,recovery,347.0,,,,0,2022,Running_Log_2024.xlsx
2024-03-04,2024,3,64,1,5.0,29.0,348.0,4.0,5.0,clear,dry,,morning,Saucony Endorphin Speed 2,east boulder,158.9,Unknown,solo,rec@5:48,recovery,348.0,,,,0,2022,Running_Log_2024.xlsx
2024-03-05,2024,3,65,2,4.5,24.0,320.0,1.0,4.0,clear,dry,,morning,Saucony Endorphin Speed 2,east boulder,160.6,Unknown,solo,rec@5:20,recovery,320.0,,,,0,2022,Running_Log_2024.xlsx
2024-03-06,2024,3,66,3,22.0,122.0,332.72727272727275,3.0,4.0,clear,dry,,morning,Saucony Endorphin Speed 2,boulder turnpike,,Unknown,solo,long@5:32,long,332.0,,,,0,2022,Running_Log_2024.xlsx
2024-03-07,2024,3,67,4,8.4,48.0,342.85714285714283,3.0,5.0,overcast,dry,,morning,Saucony Endorphin Speed 2,east boulder,158.3,Unknown,solo,rec@5:42,recovery,342.0,,,,0,2022,Running_Log_2024.xlsx
2024-03-08,2024,3,68,5,5.0,30.0,360.0,-3.0,4.0,snow,snow,,morning,Saucony Endorphin Speed 2,east boulder,160.6,Unknown,solo,rec@6:00,recovery,360.0,,,,0,2022,Running_Log_2024.xlsx
2024-03-09,2024,3,69,6,12.6,72.0,342.8571428571429,-2.0,4.0,clear,dry,,morning,Nike ZoomX Dragonfly,manhattan track,160.6,Track,solo,"33j, 6800f@5:05, 17j",fartlek,,6800.0,305.0,fartlek,0,2022,Running_Log_2024.xlsx
2024-03-10,2024,3,70,7,9.0,51.0,340.0,18.0,4.0,clear,dry,,afternoon,Saucony Endorphin Speed 2,east boulder,158.9,Unknown,solo,rec@5:40,recovery,340.0,,,,0,2022,Running_Log_2024.xlsx
2024-03-11,2024,3,71,1,5.4,30.0,333.3333333333333,6.0,4.0,overcast,dry,,morning,Saucony Endorphin Speed 2,east boulder,158.9,Unknown,solo,rec@5:33,recovery,333.0,,,,0,2022,Running_Log_2024.xlsx
2024-03-12,2024,3,72,2,5.0,28.0,336.0,6.0,4.0,cloudy,dry,,morning,Saucony Endorphin Speed 2,east boulder,160.6,Unknown,solo,rec@5:36,recovery,336.0,,,,0,2022,Running_Log_2024.xlsx
2024-03-13,2024,3,73,3,24.0,131.0,327.5,5.0,4.0,cloudy,dry,,morning,Adidas Adios Pro 3,boulder turnpike,157.7,Unknown,solo,long@5:27,long,327.0,,,,0,2022,Running_Log_2024.xlsx
2024-03-14,2024,3,74,4,9.4,61.0,389.36170212765956,0.0,5.0,snow,snow,,afternoon,Hoka Speedgoat 5,east boulder,158.6,Unknown,solo,rec@6:29,recovery,389.0,,,,0,2022,Running_Log_2024.xlsx
2024-03-15,2024,3,75,5,11.2,68.0,364.28571428571433,3.0,3.0,cloudy,snow,,afternoon,Hoka Speedgoat 5,east boulder,160.6,Unknown,solo,rec@6:04,recovery,364.0,,,,0,2022,Running_Log_2024.xlsx
2024-03-16,2024,3,76,6,9.6,56.0,350.0,8.0,4.0,cloudy,wet,,afternoon,Saucony Endorphin Speed 2,east boulder,,Unknown,solo,rec@5:50,recovery,350.0,,,,0,2022,Running_Log_2024.xlsx
2024-03-17,2024,3,77,7,7.1,39.0,329.5774647887324,7.0,3.0,overcast,wet,,afternoon,Adidas Adios Pro 3*,east boulder,157.7,Unknown,solo,rec@5:29,recovery,329.0,,,,0,2022,Running_Log_2024.xlsx
2024-03-18,2024,3,78,1,8.4,49.0,350.0,0.0,6.0,cloudy,icy,,morning,Saucony Endorphin Speed 2,east boulder,157.8,Unknown,solo,rec@5:50,recovery,350.0,,,,0,2022,Running_Log_2024.xlsx
2024-03-19,2024,3,79,2,4.0,22.0,330.0,4.0,4.0,clear,dry,,morning,Saucony Endorphin Speed 2,east boulder,159.7,Unknown,solo,rec@5:30,recovery,330.0,,,,0,2022,Running_Log_2024.xlsx
2024-03-20,2024,3,80,3,5.8,32.0,331.0344827586207,3.0,4.0,clear,dry,,morning,Saucony Endorphin Speed 2,east boulder,160.6,Unknown,solo,rec@5:31,recovery,331.0,,,,0,2022,Running_Log_2024.xlsx
2024-03-21,2024,3,81,4,5.8,32.0,331.0344827586207,4.0,4.0,clear,dry,,morning,Saucony Endorphin Speed 2,east boulder,160.6,Unknown,solo,rec@5:31,recovery,331.0,,,,0,2022,Running_Log_2024.xlsx
2024-03-22,2024,3,82,5,4.0,23.0,345.0,2.0,4.0,clear,dry,,morning,Saucony Endorphin Speed 2,east boulder,160.6,Unknown,solo,rec@5:45,recovery,345.0,,,,0,2022,Running_Log_2024.xlsx
2024-03-23,2024,3,83,6,17.8,96.0,323.5955056179775,8.0,4.0,light rain,wet,,morning,Adidas Adios Pro 3*,everson,157.0,Unknown,solo,"15j, 21098 race@1:07:40, 13j [Honeywagon Runs]",race,,,,,1,2022,Running_Log_2024.xlsx
2024-03-24,2024,3,84,7,10.2,59.0,347.05882352941177,14.0,7.0,clear,dry,,afternoon,Saucony Endorphin Speed 2,english hill,160.4,Unknown,solo,rec@5:47,recovery,347.0,,,,0,2022,Running_Log_2024.xlsx
2024-03-25,2024,3,85,1,11.1,66.0,356.7567567567568,9.0,5.0,overcast,dry,,morning,Saucony Endorphin Speed 2,river trail,158.0,Unknown,solo,rec@5:56,recovery,356.0,,,,0,2022,Running_Log_2024.xlsx
2024-03-26,2024,3,86,2,12.7,79.0,373.2283464566929,12.0,6.0,cloudy,wet,,afternoon,Saucony Endorphin Speed 2,watershed,,Unknown,solo,trail@6:13,trail,373.0,,,,0,2022,Running_Log_2024.xlsx
2024-03-27,2024,3,87,3,8.4,50.0,357.1428571428571,7.0,5.0,overcast,wet,,morning,Saucony Endorphin Speed 2,river trail,,Unknown,solo,rec@5:57,recovery,357.0,,,,0,2022,Running_Log_2024.xlsx
2024-03-28,2024,3,88,4,10.4,59.0,340.38461538461536,10.0,6.0,cloudy,wet,,afternoon,Saucony Endorphin Speed 2,english hill,160.0,Unknown,solo,rec@5:40,recovery,340.0,,,,0,2022,Running_Log_2024.xlsx
2024-03-29,2024,3,89,5,6.4,37.0,346.875,14.0,4.0,clear,dry,,afternoon,Saucony Endorphin Speed 2,suburbia,,Unknown,solo,rec@5:46,recovery,346.0,,,,0,2022,Running_Log_2024.xlsx
2024-03-30,2024,3,90,6,26.2,146.0,334.35114503816794,10.0,5.0,clear,dry,,morning,Adidas Adios Pro 3*,river trail,,Unknown,solo,42195 race@2:25:56 [Time trial],race,,,,,1,2022,Running_Log_2024.xlsx
2024-03-31,2024,3,91,7,5.8,33.0,341.3793103448276,9.0,6.0,cloudy,dry,,afternoon,Saucony Endorphin Speed 2,east boulder,,Unknown,solo,rec@5:41,recovery,341.0,,,,0,2022,Running_Log_2024.xlsx
2024-04-01,2024,4,92,1,5.4,31.0,344.4444444444444,4.0,4.0,clear,dry,,morning,Saucony Endorphin Speed 2,east boulder,161.1,Unknown,solo,rec@5:44,recovery,344.0,,,,0,2022,Running_Log_2024.xlsx
2024-04-02,2024,4,93,2,5.8,32.0,331.0344827586207,4.0,4.0,clear,dry,,morning,Saucony Endorphin Speed 2,east boulder,161.8,Unknown,solo,rec@5:31,recovery,331.0,,,,0,2022,Running_Log_2024.xlsx
2024-04-03,2024,4,94,3,9.6,55.0,343.75,15.0,4.0,clear,dry,,morning,Saucony Endorphin Speed 2,east boulder,159.7,Unknown,solo,rec@5:43,recovery,343.0,,,,0,2022,Running_Log_2024.xlsx
2024-04-04,2024,4,95,4,5.4,30.0,333.3333333333333,9.0,4.0,clear,dry,,morning,Saucony Endorphin Speed 2,east boulder,,Unknown,solo,rec@5:33,recovery,333.0,,,,0,2022,Running_Log_2024.xlsx
2024-04-05,2024,4,96,5,5.0,28.0,336.0,8.0,4.0,clear,dry,,morning,Saucony Endorphin Speed 2,east boulder,159.7,Unknown,solo,rec@5:36,recovery,336.0,,,,0,2022,Running_Log_2024.xlsx
2024-04-06,2024,4,97,6,5.8,31.0,320.6896551724138,7.0,4.0,cloudy,dry,,afternoon,Saucony Endorphin Speed 3,east boulder,157.7,Unknown,solo,rec@5:20,recovery,320.0,,,,0,2022,Running_Log_2024.xlsx
2024-04-07,2024,4,98,7,8.2,47.0,343.9024390243903,11.0,5.0,clear,dry,,afternoon,Saucony Endorphin Speed 3,east boulder,157.7,Unknown,solo,rec@5:43,recovery,343.0,,,,0,2022,Running_Log_2024.xlsx
2024-04-08,2024,4,99,1,6.6,37.0,336.3636363636364,7.0,5.0,clear,dry,,morning,Saucony Endorphin Speed 3,east boulder,157.7,Unknown,solo,rec@5:36,recovery,336.0,,,,0,2022,Running_Log_2024.xlsx
2024-04-09,2024,4,100,2,6.8,38.0,335.29411764705884,2.0,4.0,clear,dry,,morning,Saucony Endorphin Speed 3,east boulder,157.7,Unknown,solo,rec@5:35,recovery,335.0,,,,0,2022,Running_Log_2024.xlsx
2024-04-10,2024,4,101,3,4.7,27.0,344.6808510638298,9.0,4.0,clear,dry,,morning,Saucony Endorphin Speed 3,east boulder,158.3,Unknown,solo,rec@5:44,recovery,344.0,,,,0,2022,Running_Log_2024.xlsx
2024-04-11,2024,4,102,4,5.8,33.0,341.3793103448276,5.0,5.0,clear,dry,,morning,Saucony Endorphin Speed 3,east boulder,,Unknown,solo,rec@5:41,recovery,341.0,,,,0,2022,Running_Log_2024.xlsx
2024-04-12,2024,4,103,5,4.7,27.0,344.6808510638298,6.0,5.0,clear,dry,,morning,Saucony Endorphin Speed 3,east boulder,160.6,Unknown,solo,rec@5:44,recovery,344.0,,,,0,2022,Running_Log_2024.xlsx
2024-04-13,2024,4,104,6,5.0,30.0,360.0,19.0,6.0,cloudy,dry,,morning,Saucony Endorphin Speed 3,east boulder,159.7,Unknown,solo,rec@6:00,recovery,360.0,,,,0,2022,Running_Log_2024.xlsx
2024-04-14,2024,4,105,7,3.0,17.0,340.0,12.0,4.0,clear,dry,,early,Saucony Endorphin Speed 3,east boulder,161.8,Unknown,solo,rec@5:40,recovery,340.0,,,,0,2022,Running_Log_2024.xlsx
2024-04-15,2024,4,106,1,26.2,167.0,382.44274809160305,17.0,5.0,clear,dry,,morning,Adidas Adios Pro 3*,boston,,Unknown,solo,42195 race@2:46:34,race,,,,,1,2022,Running_Log_2024.xlsx
2024-04-16,2024,4,107,2,5.0,31.0,372.0,11.0,5.0,cloudy,dry,,morning,Saucony Endorphin Speed 3,east boulder,158.5,Unknown,solo,rec@6:12,recovery,372.0,,,,0,2022,Running_Log_2024.xlsx
2024-04-17,2024,4,108,3,5.8,34.0,351.7241379310345,17.0,5.0,cloudy,dry,,morning,Saucony Endorphin Speed 3,east boulder,159.9,Unknown,solo,rec@5:51,recovery,351.0,,,,0,2022,Running_Log_2024.xlsx
2024-04-18,2024,4,109,4,4.6,27.0,352.1739130434783,0.0,4.0,snow,wet,,morning,Saucony Endorphin Speed 3,east boulder,162.4,Unknown,solo,rec@5:52,recovery,352.0,,,,0,2022,Running_Log_2024.xlsx
2024-04-19,2024,4,110,5,4.0,22.0,330.0,2.0,4.0,overcast,wet,,morning,Saucony Endorphin Speed 3,east boulder,,Unknown,solo,rec@5:30,recovery,330.0,,,,0,2022,Running_Log_2024.xlsx
2024-04-20,2024,4,111,6,10.5,61.0,348.57142857142856,-1.0,6.0,overcast,dry,,afternoon,Saucony Endorphin Speed 3,east boulder,159.9,Unknown,solo,rec@5:48,recovery,348.0,,,,0,2022,Running_Log_2024.xlsx
2024-04-21,2024,4,112,7,7.1,41.0,346.4788732394366,5.0,4.0,cloudy,dry,,morning,Saucony Endorphin Speed 3,east boulder,160.7,Unknown,solo,rec@5:46,recovery,346.0,,,,0,2022,Running_Log_2024.xlsx
2024-04-22,2024,4,113,1,8.6,50.0,348.8372093023256,19.0,5.0,cloudy,dry,,morning,Saucony Endorphin Speed 3,east boulder,157.5,Unknown,solo,rec@5:48,recovery,348.0,,,,0,2022,Running_Log_2024.xlsx
2024-04-23,2024,4,114,2,7.0,39.0,334.2857142857143,10.0,5.0,clear,dry,,morning,Saucony Endorphin Speed 3,east boulder,,Unknown,solo,rec@5:34,recovery,334.0,,,,0,2022,Running_Log_2024.xlsx
2024-04-24,2024,4,115,3,10.6,61.0,345.28301886792457,14.0,5.0,clear,dry,,morning,Saucony Endorphin Speed 3,east boulder,157.0,Unknown,solo,rec@5:45,recovery,345.0,,,,0,2022,Running_Log_2024.xlsx
2024-04-25,2024,4,116,4,5.8,32.0,331.0344827586207,12.0,4.0,clear,dry,,morning,Saucony Endorphin Speed 3,east boulder,,Unknown,solo,rec@5:31,recovery,331.0,,,,0,2022,Running_Log_2024.xlsx
2024-04-26,2024,4,117,5,18.2,106.0,349.4505494505495,18.0,5.0,cloudy,dry,,afternoon,Saucony Endorphin Speed 3,east boulder,153.5,Unknown,solo,long@5:49,long,349.0,,,,0,2022,Running_Log_2024.xlsx
2024-04-27,2024,4,118,6,5.8,32.0,331.0344827586207,5.0,5.0,overcast,wet,,afternoon,Saucony Endorphin Speed 3,east boulder,155.8,Unknown,solo,rec@5:31,recovery,331.0,,,,0,2022,Running_Log_2024.xlsx
2024-04-28,2024,4,119,7,11.2,65.0,348.2142857142857,16.0,6.0,cloudy,dry,,afternoon,Saucony Endorphin Speed 3,east boulder,157.0,Unknown,solo,rec@5:48,recovery,348.0,,,,0,2022,Running_Log_2024.xlsx
2024-04-29,2024,4,120,1,10.3,64.0,372.8155339805825,15.0,5.0,cloudy,dry,,morning,Saucony Endorphin Speed 3,boulder creek,155.8,Unknown,solo,rec@6:12,recovery,372.0,,,,0,2022,Running_Log_2024.xlsx
2024-04-30,2024,4,121,2,5.0,28.0,336.0,18.0,4.0,clear,dry,,afternoon,Saucony Endorphin Speed 3,east boulder,157.6,Unknown,solo,rec@5:36,recovery,336.0,,,,0,2022,Running_Log_2024.xlsx
2024-05-01,2024,5,122,3,18.2,105.0,346.1538461538462,10.0,4.0,clear,dry,,morning,Saucony Endorphin Speed 3,east boulder,154.5,Unknown,solo,long@5:46,long,346.0,,,,0,2022,Running_Log_2024.xlsx
2024-05-02,2024,5,123,4,6.6,37.0,336.3636363636364,9.0,5.0,clear,dry,,morning,Saucony Endorphin Speed 3,east boulder,157.0,Unknown,solo,rec@5:36,recovery,336.0,,,,0,2022,Running_Log_2024.xlsx
2024-05-03,2024,5,124,5,5.0,28.0,336.0,15.0,2.0,cloudy,dry,,morning,Saucony Endorphin Speed 3,east boulder,158.2,Unknown,solo,rec@5:36,recovery,336.0,,,,0,2022,Running_Log_2024.xlsx
2024-05-04,2024,5,125,6,13.8,75.0,326.0869565217391,7.0,5.0,overcast,dry,,morning,Nike ZoomX Dragonfly,manhattan track,158.1,Track,solo,"16j, 10000t@4:56, 17j",tempo,,10000.0,296.0,tempo,0,2022,Running_Log_2024.xlsx
2024-05-05,2024,5,126,7,5.0,27.0,324.0,16.0,5.0,clear,dry,,afternoon,Saucony Endorphin Speed 3,east boulder,155.8,Unknown,solo,rec@5:24,recovery,324.0,,,,0,2022,Running_Log_2024.xlsx
2024-05-06,2024,5,127,1,5.0,29.0,348.0,8.0,4.0,overcast,dry,,morning,Saucony Endorphin Speed 3,east boulder,157.0,Unknown,solo,rec@5:48,recovery,348.0,,,,0,2022,Running_Log_2024.xlsx
2024-05-07,2024,5,128,2,24.0,144.0,360.0,9.0,5.0,cloudy,dry,,afternoon,Saucony Endorphin Speed 3,boulder turnpike,153.5,Unknown,solo,long@6:00,long,360.0,,,,0,2022,Running_Log_2024.xlsx
2024-05-08,2024,5,129,3,5.0,29.0,348.0,11.0,4.0,clear,dry,,morning,Saucony Endorphin Speed 3,east boulder,157.5,Unknown,solo,rec@5:48,recovery,348.0,,,,0,2022,Running_Log_2024.xlsx
2024-05-09,2024,5,130,4,10.4,59.0,340.38461538461536,11.0,6.0,overcast,dry,,afternoon,Saucony Endorphin Speed 3,east boulder,157.0,Unknown,solo,rec@5:40,recovery,340.0,,,,0,2022,Running_Log_2024.xlsx
2024-05-10,2024,5,131,5,10.6,61.0,345.28301886792457,9.0,4.0,overcast,dry,,morning,Saucony Endorphin Speed 3,east boulder,155.1,Unknown,solo,rec@5:45,recovery,345.0,,,,0,2022,Running_Log_2024.xlsx
2024-05-11,2024,5,132,6,7.1,42.0,354.92957746478874,16.0,3.0,cloudy,dry,,afternoon,Saucony Endorphin Speed 3,east boulder,154.5,Unknown,solo,rec@5:54,recovery,354.0,,,,0,2022,Running_Log_2024.xlsx
2024-05-12,2024,5,133,7,7.8,46.0,353.84615384615387,17.0,4.0,cloudy,dry,,afternoon,Nike ZoomX Dragonfly,niwot,155.2,Track,solo,"13j, 5rec/t, 1609 race@4:30.32, 3218 race@9:52.64, 13j [Frank Shorter Classic]",race,,,,,2,2022,Running_Log_2024.xlsx
2024-05-13,2024,5,134,1,11.2,65.0,348.2142857142857,21.0,4.0,cloudy,dry,,afternoon,Saucony Endorphin Speed 3,east boulder,154.5,Unknown,solo,rec@5:48,recovery,348.0,,,,0,2022,Running_Log_2024.xlsx
2024-05-14,2024,5,135,2,10.3,62.0,361.1650485436893,21.0,4.0,cloudy,dry,,afternoon,Saucony Endorphin Speed 3,boulder creek,154.5,Unknown,solo,rec@6:01,recovery,361.0,,,,0,2022,Running_Log_2024.xlsx
2024-05-15,2024,5,136,3,5.8,32.0,331.0344827586207,18.0,4.0,cloudy,dry,,afternoon,Saucony Endorphin Speed 3,east boulder,,Unknown,solo,rec@5:31,recovery,331.0,,,,0,2022,Running_Log_2024.xlsx
2024-05-16,2024,5,137,4,20.8,121.0,349.03846153846155,19.0,4.0,clear,dry,,morning,Saucony Endorphin Speed 3,east boulder,151.2,Unknown,solo,long@5:49,long,349.0,,,,0,2022,Running_Log_2024.xlsx
2024-05-17,2024,5,138,5,9.3,54.0,348.38709677419354,25.0,5.0,clear,dry,,afternoon,Saucony Endorphin Speed 3,east boulder,152.8,Unknown,solo,rec@5:48,recovery,348.0,,,,0,2022,Running_Log_2024.xlsx
2024-05-18,2024,5,139,6,9.6,56.0,350.0,16.0,4.0,clear,dry,,morning,Saucony Endorphin Speed 3,boulder,156.1,Unknown,solo,rec@5:50,recovery,350.0,,,,0,2022,Running_Log_2024.xlsx
2024-05-19,2024,5,140,7,9.3,51.0,329.0322580645161,20.0,6.0,cloudy,dry,,late,Saucony Endorphin Speed 3,east boulder,159.7,Unknown,solo,rec@5:29,recovery,329.0,,,,0,2022,Running_Log_2024.xlsx
2024-05-20,2024,5,141,1,9.2,54.0,352.1739130434783,15.0,4.0,clear,dry,,morning,Saucony Endorphin Speed 3,east boulder,158.1,Unknown,solo,rec@5:52,recovery,352.0,,,,0,2022,Running_Log_2024.xlsx
2024-05-21,2024,5,142,2,7.0,39.0,334.2857142857143,14.0,4.0,overcast,dry,,afternoon,Saucony Endorphin Speed 3,east boulder,158.1,Unknown,solo,rec@5:34,recovery,334.0,,,,0,2022,Running_Log_2024.xlsx
2024-05-22,2024,5,143,3,20.8,120.0,346.15384615384613,20.0,5.0,clear,dry,,afternoon,Saucony Endorphin Speed 3,east boulder,152.8,Unknown,solo,long@5:46,long,346.0,,,,0,2022,Running_Log_2024.xlsx
2024-05-23,2024,5,144,4,5.8,33.0,341.3793103448276,25.0,4.0,clear,dry,,morning,Saucony Endorphin Speed 3,east boulder,155.2,Unknown,solo,rec@5:41,recovery,341.0,,,,0,2022,Running_Log_2024.xlsx
2024-05-24,2024,5,145,5,8.6,50.0,348.8372093023256,17.0,3.0,clear,dry,,morning,Saucony Endorphin Speed 3,east boulder,156.1,Unknown,solo,rec@5:48,recovery,348.0,,,,0,2022,Running_Log_2024.xlsx
2024-05-25,2024,5,146,6,5.8,33.0,341.3793103448276,16.0,4.0,clear,dry,,morning,Saucony Endorphin Speed 3,east boulder,158.8,Unknown,solo,rec@5:41,recovery,341.0,,,,0,2022,Running_Log_2024.xlsx
2024-05-26,2024,5,147,7,7.1,42.0,354.92957746478874,18.0,4.0,clear,dry,,morning,Saucony Endorphin Speed 3,east boulder,,Unknown,solo,rec@5:54,recovery,354.0,,,,0,2022,Running_Log_2024.xlsx
2024-05-27,2024,5,148,1,9.4,48.0,306.3829787234042,13.0,4.0,clear,dry,,morning,Adidas Adios Pro 3*,boulder,157.7,Unknown,solo,"12j, 10000 race@32:00, 4j [Bolder Boulder]",race,,,,,1,2022,Running_Log_2024.xlsx
2024-05-28,2024,5,149,2,9.3,54.0,348.38709677419354,21.0,4.0,clear,dry,,morning,Saucony Endorphin Speed 3,east boulder,156.1,Unknown,solo,rec@5:48,recovery,348.0,,,,0,2022,Running_Log_2024.xlsx
2024-05-29,2024,5,150,3,9.0,52.0,346.6666666666667,23.0,5.0,cloudy,dry,,afternoon,Saucony Endorphin Speed 3,east boulder,155.2,Unknown,solo,rec@5:46,recovery,346.0,,,,0,2022,Running_Log_2024.xlsx
2024-05-30,2024,5,151,4,4.5,26.0,346.6666666666667,19.0,5.0,clear,dry,,morning,Saucony Endorphin Speed 3,east boulder,156.1,Unknown,solo,rec@5:46,recovery,346.0,,,,0,2022,Running_Log_2024.xlsx
2024-05-31,2024,5,152,5,4.8,27.0,337.5,14.0,5.0,overcast,dry,,morning,Saucony Endorphin Speed 3,east boulder,159.7,Unknown,solo,rec@5:37,recovery,337.0,,,,0,2022,Running_Log_2024.xlsx
2024-06-01,2024,6,153,6,10.6,62.0,350.94339622641513,26.0,3.0,clear,dry,,morning,Saucony Endorphin Speed 3,east boulder,153.8,Unknown,solo,rec@5:50,recovery,350.0,,,,0,2022,Running_Log_2024.xlsx
2024-06-02,2024,6,154,7,5.0,28.0,336.0,19.0,4.0,clear,dry,,morning,Saucony Endorphin Speed 3,east boulder,158.8,Unknown,solo,rec@5:36,recovery,336.0,,,,0,2022,Running_Log_2024.xlsx
2024-06-03,2024,6,155,1,8.5,49.0,345.88235294117646,23.0,4.0,cloudy,dry,,morning,Saucony Endorphin Speed 3,baton rouge,,Unknown,solo,rec@5:45,recovery,345.0,,,,0,2022,Running_Log_2024.xlsx
2024-06-04,2024,6,156,2,8.5,50.0,352.94117647058823,27.0,4.0,clear,dry,,morning,Saucony Endorphin Speed 3,baton rouge,,Unknown,solo,rec@5:52,recovery,352.0,,,,0,2022,Running_Log_2024.xlsx
2024-06-05,2024,6,157,3,7.4,43.0,348.64864864864865,26.0,4.0,clear,dry,,morning,Saucony Endorphin Speed 3,baton rouge,,Unknown,solo,rec@5:48,recovery,348.0,,,,0,2022,Running_Log_2024.xlsx
2024-06-06,2024,6,158,4,5.8,32.0,331.0344827586207,26.0,4.0,clear,dry,,morning,Saucony Endorphin Speed 3,baton rouge,,Unknown,solo,rec@5:31,recovery,331.0,,,,0,2022,Running_Log_2024.xlsx
2024-06-07,2024,6,159,5,5.0,28.0,336.0,35.0,3.0,clear,dry,,afternoon,Saucony Endorphin Speed 3,baton rouge,,Unknown,solo,rec@5:36,recovery,336.0,,,,0,2022,Running_Log_2024.xlsx
2024-06-08,2024,6,160,6,5.0,28.0,336.0,29.0,4.0,clear,dry,,morning,Saucony Endorphin Speed 3,baton rouge,,Unknown,solo,rec@5:36,recovery,336.0,,,,0,2022,Running_Log_2024.xlsx
2024-06-09,2024,6,161,7,6.0,33.0,330.0,30.0,5.0,clear,dry,,morning,Saucony Endorphin Speed 3,baton rouge,,Unknown,solo,rec@5:30,recovery,330.0,,,,0,2022,Running_Log_2024.xlsx
2024-06-10,2024,6,162,1,4.0,23.0,345.0,30.0,5.0,clear,dry,,morning,Saucony Endorphin Speed 3,baton rouge,,Unknown,solo,rec@5:45,recovery,345.0,,,,0,2022,Running_Log_2024.xlsx
2024-06-11,2024,6,163,2,6.0,35.0,350.0,28.0,5.0,clear,dry,,morning,Saucony Endorphin Speed 3,baton rouge,,Unknown,solo,rec@5:50,recovery,350.0,,,,0,2022,Running_Log_2024.xlsx
2024-06-12,2024,6,164,3,5.4,30.0,333.3333333333333,25.0,5.0,clear,dry,,morning,Saucony Endorphin Speed 3,baton rouge,,Unknown,solo,rec@5:33,recovery,333.0,,,,0,2022,Running_Log_2024.xlsx
2024-06-13,2024,6,165,4,5.4,30.0,333.3333333333333,26.0,5.0,cloudy,dry,,morning,Saucony Endorphin Speed 3,baton rouge,,Unknown,solo,rec@5:33,recovery,333.0,,,,0,2022,Running_Log_2024.xlsx
2024-06-14,2024,6,166,5,5.4,31.0,344.4444444444444,27.0,5.0,clear,dry,,morning,Saucony Endorphin Speed 3,baton rouge,,Unknown,solo,rec@5:44,recovery,344.0,,,,0,2022,Running_Log_2024.xlsx
2024-06-15,2024,6,167,6,5.4,32.0,355.55555555555554,29.0,5.0,clear,dry,,morning,Saucony Endorphin Speed 3,baton rouge,,Unknown,solo,rec@5:55,recovery,355.0,,,,0,2022,Running_Log_2024.xlsx
2024-06-16,2024,6,168,7,10.0,56.0,336.0,25.0,6.0,overcast,wet,,afternoon,Saucony Endorphin Speed 3,baton rouge,,Unknown,solo,rec@5:36,recovery,336.0,,,,0,2022,Running_Log_2024.xlsx
2024-06-17,2024,6,169,1,5.4,31.0,344.4444444444444,27.0,5.0,cloudy,dry,,morning,Saucony Endorphin Speed 3,baton rouge,,Unknown,solo,rec@5:44,recovery,344.0,,,,0,2022,Running_Log_2024.xlsx
2024-06-18,2024,6,170,2,5.0,29.0,348.0,26.0,5.0,cloudy,dry,,morning,Saucony Endorphin Speed 3,baton rouge,,Unknown,solo,rec@5:48,recovery,348.0,,,,0,2022,Running_Log_2024.xlsx
2024-06-19,2024,6,171,3,9.4,57.0,363.82978723404256,29.0,5.0,clear,dry,,morning,Saucony Endorphin Speed 3,baton rouge,,Unknown,solo,rec@6:03,recovery,363.0,,,,0,2022,Running_Log_2024.xlsx
2024-06-20,2024,6,172,4,4.0,24.0,360.0,27.0,5.0,clear,dry,,morning,Saucony Endorphin Speed 3,baton rouge,,Unknown,solo,rec@6:00,recovery,360.0,,,,0,2022,Running_Log_2024.xlsx
2024-06-21,2024,6,173,5,5.4,32.0,355.55555555555554,29.0,5.0,clear,dry,,morning,Saucony Endorphin Speed 3,baton rouge,,Unknown,solo,rec@5:55,recovery,355.0,,,,0,2022,Running_Log_2024.xlsx
2024-06-22,2024,6,174,6,5.0,28.0,336.0,28.0,3.0,clear,dry,,morning,Saucony Endorphin Speed 3,baton rouge,,Unknown,solo,rec@5:36,recovery,336.0,,,,0,2022,Running_Log_2024.xlsx
2024-06-23,2024,6,175,7,7.8,45.0,346.1538461538462,34.0,5.0,cloudy,dry,,afternoon,Saucony Endorphin Speed 3,wedgewood,,Unknown,solo,rec@5:46,recovery,346.0,,,,0,2022,Running_Log_2024.xlsx
2024-06-24,2024,6,176,1,6.0,35.0,350.0,28.0,4.0,clear,dry,,morning,Saucony Endorphin Speed 3,wedgewood,,Unknown,solo,rec@5:50,recovery,350.0,,,,0,2022,Running_Log_2024.xlsx
2024-06-25,2024,6,177,2,6.7,38.0,340.29850746268653,36.0,5.0,clear,dry,,afternoon,Saucony Endorphin Speed 3,greenway,,Unknown,solo,rec@5:40,recovery,340.0,,,,0,2022,Running_Log_2024.xlsx
2024-06-26,2024,6,178,3,4.3,26.0,362.7906976744186,29.0,5.0,cloudy,dry,,morning,Saucony Endorphin Speed 3,wedgewood,,Unknown,solo,rec@6:02,recovery,362.0,,,,0,2022,Running_Log_2024.xlsx
2024-06-27,2024,6,179,4,10.4,60.0,346.15384615384613,24.0,5.0,cloudy,dry,,morning,Saucony Endorphin Speed 3,east boulder,155.2,Unknown,solo,rec@5:46,recovery,346.0,,,,0,2022,Running_Log_2024.xlsx
2024-06-28,2024,6,180,5,6.5,37.0,341.53846153846155,32.0,5.0,clear,dry,,afternoon,Saucony Endorphin Speed 3,east boulder,157.0,Unknown,solo,rec@5:41,recovery,341.0,,,,0,2022,Running_Log_2024.xlsx
2024-06-29,2024,6,181,6,18.1,118.0,391.1602209944751,19.0,5.0,clear,dry,,afternoon,Hoka Speedgoat 5,magnolia,154.4,Unknown,solo,long@6:31,long,391.0,,,,0,2022,Running_Log_2024.xlsx
2024-06-30,2024,6,182,7,7.1,44.0,371.830985915493,28.0,5.0,cloudy,dry,,afternoon,Saucony Endorphin Speed 3,east boulder,157.0,Unknown,solo,rec@6:11,recovery,371.0,,,,0,2022,Running_Log_2024.xlsx
2024-07-01,2024,7,183,1,6.9,40.0,347.82608695652175,26.0,4.0,overcast,dry,,afternoon,Saucony Endorphin Speed 3,east boulder,158.8,Unknown,solo,rec@5:47,recovery,347.0,,,,0,2022,Running_Log_2024.xlsx
2024-07-02,2024,7,184,2,5.8,33.0,341.3793103448276,21.0,4.0,cloudy,dry,,morning,Saucony Endorphin Speed 3,east boulder,159.9,Unknown,solo,rec@5:41,recovery,341.0,,,,0,2022,Running_Log_2024.xlsx
2024-07-03,2024,7,185,3,6.4,37.0,346.875,18.0,6.0,cloudy,dry,,morning,Saucony Endorphin Speed 3,suburbia,159.0,Unknown,solo,rec@5:46,recovery,346.0,,,,0,2022,Running_Log_2024.xlsx
2024-07-04,2024,7,186,4,10.2,60.0,352.94117647058823,18.0,4.0,clear,dry,,morning,Adidas Adios Pro 3,carnation,,Unknown,solo,"19j, 5rec/t, 5000 race@15:58, 20j",race,,,,,1,2022,Running_Log_2024.xlsx
2024-07-05,2024,7,187,5,10.0,60.0,360.0,31.0,6.0,clear,dry,,afternoon,Saucony Endorphin Speed 3,english hill,156.0,Unknown,solo,rec@6:00,recovery,360.0,,,,0,2022,Running_Log_2024.xlsx
2024-07-06,2024,7,188,6,5.8,36.0,372.4137931034483,29.0,6.0,clear,dry,,morning,Saucony Endorphin Speed 3,nike>powerline,157.4,Unknown,solo,rec@6:12,recovery,372.0,,,,0,2022,Running_Log_2024.xlsx
2024-07-07,2024,7,189,7,9.1,52.0,342.8571428571429,22.0,5.0,clear,dry,,morning,Adidas Adios Pro 3,rhs track,155.2,Track,solo,"17j, 6400f@5:36, 13j",fartlek,,6400.0,336.0,fartlek,0,2022,Running_Log_2024.xlsx
2024-07-08,2024,7,190,1,10.1,59.0,350.4950495049505,23.0,5.0,clear,dry,,morning,Saucony Endorphin Speed 3,english hill,155.8,Unknown,solo,rec@5:50,recovery,350.0,,,,0,2022,Running_Log_2024.xlsx
2024-07-09,2024,7,191,2,7.2,44.0,366.6666666666667,27.0,5.0,clear,dry,,morning,Saucony Endorphin Speed 3,suburbia,156.6,Unknown,solo,rec@6:06,recovery,366.0,,,,0,2022,Running_Log_2024.xlsx
2024-07-10,2024,7,192,3,13.6,77.0,339.70588235294116,20.0,5.0,clear,dry,,late,Nike ZoomX Dragonfly,shoreline,156.8,Track,solo,"25j, 5rec/t, 10000 race@31:32.45, 15j",race,,,,,1,2022,Running_Log_2024.xlsx
2024-07-11,2024,7,193,4,11.1,73.0,394.5945945945946,23.0,5.0,clear,dry,,morning,Saucony Endorphin Speed 3,river trail,152.4,Unknown,solo,rec@6:34,recovery,394.0,,,,0,2022,Running_Log_2024.xlsx
2024-07-12,2024,7,194,5,10.0,63.0,378.0,27.0,5.0,clear,dry,,afternoon,Saucony Endorphin Speed 3,english hill,153.6,Unknown,solo,rec@6:18,recovery,378.0,,,,0,2022,Running_Log_2024.xlsx
2024-07-13,2024,7,195,6,6.3,40.0,380.95238095238096,26.0,5.0,clear,dry,,morning,Saucony Endorphin Speed 3,nike>powerline,156.4,Unknown,solo,rec@6:20,recovery,380.0,,,,0,2022,Running_Log_2024.xlsx
2024-07-14,2024,7,196,7,8.7,53.0,365.51724137931035,22.0,5.0,clear,dry,,morning,Saucony Endorphin Speed 3,rollercoaster,155.4,Unknown,solo,"12j, 26hc-8x rc, 15j",hill_cont,,,,,0,2022,Running_Log_2024.xlsx
2024-07-15,2024,7,197,1,12.7,85.0,401.57480314960634,17.0,5.0,overcast,dry,,morning,Saucony Endorphin Speed 3,pipeline,155.6,Unknown,solo,trail@6:41,trail,401.0,,,,0,2022,Running_Log_2024.xlsx
2024-07-16,2024,7,198,2,6.4,39.0,365.625,29.0,5.0,clear,dry,,afternoon,Saucony Endorphin Speed 3,suburbia,157.0,Unknown,solo,rec@6:05,recovery,365.0,,,,0,2022,Running_Log_2024.xlsx
2024-07-17,2024,7,199,3,10.2,60.0,352.94117647058823,24.0,5.0,clear,dry,,late,Nike ZoomX Dragonfly,shoreline,156.8,Track,solo,"25j, 5rec/t, 1609 race@4:29.47, 26j",race,,,,,1,2022,Running_Log_2024.xlsx
2024-07-18,2024,7,200,4,10.0,61.0,366.0,25.0,5.0,clear,dry,,afternoon,Saucony Endorphin Speed 3,english hill,154.2,Unknown,solo,rec@6:06,recovery,366.0,,,,0,2022,Running_Log_2024.xlsx
2024-07-19,2024,7,201,5,11.1,68.0,367.5675675675676,20.0,5.0,clear,dry,,morning,Saucony Endorphin Speed 3,river trail,155.0,Unknown,solo,rec@6:07,recovery,367.0,,,,0,2022,Running_Log_2024.xlsx
2024-07-20,2024,7,202,6,5.3,33.0,373.5849056603774,15.0,5.0,clear,dry,,morning,Saucony Endorphin Speed 3,nike>powerline,157.4,Unknown,solo,rec@6:13,recovery,373.0,,,,0,2022,Running_Log_2024.xlsx
2024-07-21,2024,7,203,7,7.3,43.0,353.4246575342466,21.0,5.0,cloudy,dry,,morning,Adidas Adios Pro 3,river trail,155.4,Unknown,solo,rec@5:53,recovery,353.0,,,,0,2022,Running_Log_2024.xlsx
2024-07-22,2024,7,204,1,12.7,83.0,392.12598425196853,18.0,4.0,overcast,dry,,morning,Brooks Ghost 15,pipeline,153.4,Unknown,solo,trail@6:32,trail,392.0,,,,0,2022,Running_Log_2024.xlsx
2024-07-23,2024,7,205,2,10.0,64.0,384.0,21.0,5.0,clear,dry,,morning,Brooks Ghost 15,suburbia,154.4,Unknown,solo,rec@6:24,recovery,384.0,,,,0,2022,Running_Log_2024.xlsx
2024-07-24,2024,7,206,3,11.1,68.0,367.5675675675676,21.0,4.0,clear,dry,,morning,Brooks Ghost 15,river trail,154.6,Unknown,solo,rec@6:07,recovery,367.0,,,,0,2022,Running_Log_2024.xlsx
2024-07-25,2024,7,207,4,10.0,59.0,354.0,18.0,5.0,cloudy,dry,,morning,Brooks Ghost 15,english hill,155.6,Unknown,solo,rec@5:54,recovery,354.0,,,,0,2022,Running_Log_2024.xlsx
2024-07-26,2024,7,208,5,6.4,39.0,365.625,17.0,5.0,clear,dry,,morning,Brooks Ghost 15,suburbia,156.6,Unknown,solo,rec@6:05,recovery,365.0,,,,0,2022,Running_Log_2024.xlsx
2024-07-27,2024,7,209,6,5.1,31.0,364.7058823529412,24.0,5.0,clear,dry,,afternoon,Brooks Ghost 15,nike>nature,156.4,Unknown,solo,rec@6:04,recovery,364.0,,,,0,2022,Running_Log_2024.xlsx
2024-07-28,2024,7,210,7,19.4,114.0,352.5773195876289,15.0,4.0,overcast,dry,,morning,Adidas Adios Pro 3,river trail,152.6,Unknown,solo,"15j, 21098 race@1:12:27.51, 27j [Craft Classic]",race,,,,,1,2022,Running_Log_2024.xlsx
2024-07-29,2024,7,211,1,10.0,65.0,390.0,16.0,5.0,light rain,wet,,morning,Brooks Ghost 15,english hill,155.0,Unknown,solo,rec@6:30,recovery,390.0,,,,0,2022,Running_Log_2024.xlsx
2024-07-30,2024,7,212,2,5.8,38.0,393.1034482758621,20.0,5.0,overcast,dry,,morning,Brooks Ghost 15,nike>powerline,155.4,Unknown,solo,rec@6:33,recovery,393.0,,,,0,2022,Running_Log_2024.xlsx
2024-07-31,2024,7,213,3,10.0,65.0,390.0,25.0,5.0,cloudy,dry,,afternoon,Brooks Ghost 15,suburbia,154.2,Unknown,solo,rec@6:30,recovery,390.0,,,,0,2022,Running_Log_2024.xlsx
2024-08-01,2024,8,214,4,10.2,59.0,347.05882352941177,25.0,5.0,clear,dry,,morning,Saucony Endorphin Speed 4,river trail,152.4,Unknown,solo,rec@5:47,recovery,347.0,,,,0,2022,Running_Log_2024.xlsx
2024-08-02,2024,8,215,5,6.4,39.0,365.625,23.0,5.0,clear,dry,,morning,Saucony Endorphin Speed 4,suburbia,154.4,Unknown,solo,rec@6:05,recovery,365.0,,,,0,2022,Running_Log_2024.xlsx
2024-08-03,2024,8,216,6,5.1,30.0,352.94117647058823,24.0,5.0,clear,dry,,morning,Saucony Endorphin Speed 4,nike>powerline,156.4,Unknown,solo,rec@5:52,recovery,352.0,,,,0,2022,Running_Log_2024.xlsx
2024-08-04,2024,8,217,7,7.5,45.0,360.0,20.0,5.0,clear,dry,,morning,Saucony Endorphin Speed 4,river trail,157.0,Unknown,solo,rec@6:00,recovery,360.0,,,,0,2022,Running_Log_2024.xlsx
2024-08-05,2024,8,218,1,10.1,59.0,350.4950495049505,22.0,5.0,clear,dry,,morning,Saucony Endorphin Speed 4,english hill,154.6,Unknown,solo,rec@5:50,recovery,350.0,,,,0,2022,Running_Log_2024.xlsx
2024-08-06,2024,8,219,2,5.6,33.0,353.5714285714286,17.0,5.0,overcast,dry,,morning,Saucony Endorphin Speed 4,nike>powerline,155.6,Unknown,solo,rec@5:53,recovery,353.0,,,,0,2022,Running_Log_2024.xlsx
2024-08-07,2024,8,220,3,11.0,64.0,349.09090909090907,20.0,5.0,clear,dry,,late,Nike ZoomX Dragonfly,shoreline,156.6,Track,solo,"11j; 25j, 5rec/t, 3000 race@9:03.95, 14j",race,,,,,1,2022,Running_Log_2024.xlsx
2024-08-08,2024,8,221,4,5.1,32.0,376.47058823529414,20.0,5.0,clear,dry,,morning,Saucony Endorphin Speed 4,nike>powerline,154.6,Unknown,solo,rec@6:16,recovery,376.0,,,,0,2022,Running_Log_2024.xlsx
2024-08-09,2024,8,222,5,5.0,30.0,360.0,19.0,4.0,clear,dry,,morning,Saucony Endorphin Speed 4,lincoln park,,Unknown,solo,rec@6:00,recovery,360.0,,,,0,2022,Running_Log_2024.xlsx
2024-08-10,2024,8,223,6,7.2,41.0,341.6666666666667,23.0,5.0,clear,dry,,afternoon,Saucony Endorphin Speed 4,lakefront trail,,Unknown,solo,rec@5:41,recovery,341.0,,,,0,2022,Running_Log_2024.xlsx
2024-08-11,2024,8,224,7,4.8,31.0,387.5,17.0,5.0,clear,dry,,morning,Saucony Endorphin Speed 4,door county,,Unknown,solo,rec@6:27,recovery,387.0,,,,0,2022,Running_Log_2024.xlsx
2024-08-12,2024,8,225,1,4.4,26.0,354.5454545454545,22.0,4.0,clear,dry,,morning,Saucony Endorphin Speed 4,lakefront trail,,Unknown,solo,rec@5:54,recovery,354.0,,,,0,2022,Running_Log_2024.xlsx
2024-08-13,2024,8,226,2,4.6,27.0,352.1739130434783,26.0,5.0,clear,dry,,morning,Saucony Endorphin Speed 4,lakefront trail,,Unknown,solo,rec@5:52,recovery,352.0,,,,0,2022,Running_Log_2024.xlsx
2024-08-14,2024,8,227,3,7.4,45.0,364.86486486486484,27.0,5.0,clear,dry,,afternoon,Saucony Endorphin Speed 4,lakefront trail,,Unknown,solo,rec@6:04,recovery,364.0,,,,0,2022,Running_Log_2024.xlsx
2024-08-15,2024,8,228,4,6.2,35.0,338.7096774193548,28.0,4.0,cloudy,dry,,afternoon,Saucony Endorphin Speed 4,hopewell junction,,Unknown,solo,rec@5:38,recovery,338.0,,,,0,2022,Running_Log_2024.xlsx
2024-08-16,2024,8,229,5,7.8,48.0,369.2307692307692,21.0,5.0,cloudy,dry,,morning,Saucony Endorphin Speed 4,hopewell junction,,Unknown,solo,rec@6:09,recovery,369.0,,,,0,2022,Running_Log_2024.xlsx
2024-08-17,2024,8,230,6,5.4,33.0,366.66666666666663,25.0,6.0,overcast,dry,,morning,Saucony Endorphin Speed 4,hopewell junction,,Unknown,solo,rec@6:06,recovery,366.0,,,,0,2022,Running_Log_2024.xlsx
2024-08-18,2024,8,231,7,5.1,30.0,352.94117647058823,24.0,5.0,cloudy,dry,,morning,Saucony Endorphin Speed 4,hudson waterfront,,Unknown,solo,rec@5:52,recovery,352.0,,,,0,2022,Running_Log_2024.xlsx
2024-08-19,2024,8,232,1,5.4,32.0,355.55555555555554,22.0,6.0,cloudy,wet,,afternoon,Saucony Endorphin Speed 4,hopewell junction,,Unknown,solo,rec@5:55,recovery,355.0,,,,0,2022,Running_Log_2024.xlsx
2024-08-20,2024,8,233,2,7.9,49.0,372.1518987341772,17.0,5.0,cloudy,dry,,morning,Saucony Endorphin Speed 4,hopewell junction,,Unknown,solo,rec@6:12,recovery,372.0,,,,0,2022,Running_Log_2024.xlsx
2024-08-21,2024,8,234,3,11.2,67.0,358.92857142857144,32.0,4.0,cloudy,dry,,afternoon,Saucony Endorphin Speed 4,east boulder,151.3,Unknown,solo,rec@5:58,recovery,358.0,,,,0,2022,Running_Log_2024.xlsx
2024-08-22,2024,8,235,4,10.0,59.0,354.0,26.0,5.0,cloudy,dry,,morning,Saucony Endorphin Speed 4,east boulder,153.2,Unknown,solo,rec@5:54,recovery,354.0,,,,0,2022,Running_Log_2024.xlsx
2024-08-23,2024,8,236,5,7.0,39.0,334.2857142857143,26.0,5.0,clear,dry,,morning,Saucony Endorphin Speed 4,east boulder,155.2,Unknown,solo,rec@5:34,recovery,334.0,,,,0,2022,Running_Log_2024.xlsx
2024-08-24,2024,8,237,6,20.8,124.0,357.6923076923077,29.0,5.0,cloudy,dry,,afternoon,Saucony Endorphin Speed 4,east boulder,149.5,Unknown,solo,long@5:57,long,357.0,,,,0,2022,Running_Log_2024.xlsx
2024-08-25,2024,8,238,7,7.0,40.0,342.85714285714283,30.0,5.0,cloudy,dry,,afternoon,Saucony Endorphin Speed 4,east boulder,155.2,Unknown,solo,rec@5:42,recovery,342.0,,,,0,2022,Running_Log_2024.xlsx
2024-08-26,2024,8,239,1,8.6,50.0,348.8372093023256,24.0,5.0,cloudy,dry,,afternoon,Saucony Endorphin Speed 4,east boulder,,Unknown,solo,rec@5:48,recovery,348.0,,,,0,2022,Running_Log_2024.xlsx
2024-08-27,2024,8,240,2,7.0,40.0,342.85714285714283,25.0,5.0,cloudy,dry,,afternoon,Saucony Endorphin Speed 4,east boulder,155.2,Unknown,solo,rec@5:42,recovery,342.0,,,,0,2022,Running_Log_2024.xlsx
2024-08-28,2024,8,241,3,7.0,40.0,342.85714285714283,18.0,4.0,clear,dry,,morning,Saucony Endorphin Speed 4,east boulder,157.1,Unknown,solo,rec@5:42,recovery,342.0,,,,0,2022,Running_Log_2024.xlsx
2024-08-29,2024,8,242,4,5.0,28.0,336.0,18.0,4.0,clear,dry,,morning,Saucony Endorphin Speed 4,east boulder,157.1,Unknown,solo,rec@5:36,recovery,336.0,,,,0,2022,Running_Log_2024.xlsx
2024-08-30,2024,8,243,5,12.8,228.0,1068.75,6.0,2.0,clear,dry,,morning,Saucony Endorphin Speed 4,longs peak,154.1,Unknown,solo,trail@17:48,trail,1068.0,,,,0,2022,Running_Log_2024.xlsx
2024-08-31,2024,8,244,6,7.1,42.0,354.92957746478874,30.0,5.0,clear,dry,,afternoon,Saucony Endorphin Speed 4,east boulder,154.1,Unknown,solo,rec@5:54,recovery,354.0,,,,0,2022,Running_Log_2024.xlsx
2024-09-01,2024,9,245,7,8.0,45.0,337.5,29.0,5.0,clear,dry,,afternoon,Saucony Endorphin Speed 4,east boulder,,Unknown,solo,rec@5:37,recovery,337.0,,,,0,2022,Running_Log_2024.xlsx
2024-09-02,2024,9,246,1,7.0,39.0,334.2857142857143,26.0,4.0,clear,dry,,afternoon,Saucony Endorphin Speed 4,east boulder,151.4,Unknown,solo,rec@5:34,recovery,334.0,,,,0,2022,Running_Log_2024.xlsx
2024-09-03,2024,9,247,2,5.0,28.0,336.0,26.0,4.0,cloudy,dry,,morning,Saucony Endorphin Speed 4,east boulder,153.2,Unknown,solo,rec@5:36,recovery,336.0,,,,0,2022,Running_Log_2024.xlsx
2024-09-04,2024,9,248,3,4.0,23.0,345.0,22.0,3.0,clear,dry,,morning,Saucony Endorphin Speed 4,east boulder,155.8,Unknown,solo,rec@5:45,recovery,345.0,,,,0,2022,Running_Log_2024.xlsx
2024-09-05,2024,9,249,4,5.0,29.0,348.0,18.0,4.0,cloudy,dry,,morning,Saucony Endorphin Speed 4,east boulder,155.8,Unknown,solo,rec@5:48,recovery,348.0,,,,0,2022,Running_Log_2024.xlsx
2024-09-06,2024,9,250,5,8.0,45.0,337.5,23.0,5.0,clear,dry,,morning,Saucony Endorphin Speed 4,east boulder,154.1,Unknown,solo,rec@5:37,recovery,337.0,,,,0,2022,Running_Log_2024.xlsx
2024-09-07,2024,9,251,6,8.6,50.0,348.8372093023256,29.0,4.0,clear,dry,,afternoon,Saucony Endorphin Speed 4,east boulder,152.4,Unknown,solo,rec@5:48,recovery,348.0,,,,0,2022,Running_Log_2024.xlsx
2024-09-08,2024,9,252,7,20.0,124.0,372.0,27.0,5.0,clear,dry,,afternoon,Saucony Endorphin Speed 4,boulder turnpike,145.0,Unknown,solo,long@6:12,long,372.0,,,,0,2022,Running_Log_2024.xlsx
2024-09-09,2024,9,253,1,3.8,22.0,347.3684210526316,27.0,4.0,cloudy,dry,,morning,Saucony Endorphin Speed 4,east boulder,152.4,Unknown,solo,rec@5:47,recovery,347.0,,,,0,2022,Running_Log_2024.xlsx
2024-09-10,2024,9,254,2,5.0,28.0,336.0,29.0,6.0,clear,dry,,afternoon,Saucony Endorphin Speed 4,east boulder,154.1,Unknown,solo,rec@5:36,recovery,336.0,,,,0,2022,Running_Log_2024.xlsx
2024-09-11,2024,9,255,3,6.8,38.0,335.29411764705884,23.0,4.0,clear,dry,,morning,Saucony Endorphin Speed 4,east boulder,153.4,Unknown,solo,rec@5:35,recovery,335.0,,,,0,2022,Running_Log_2024.xlsx
2024-09-12,2024,9,256,4,7.0,39.0,334.2857142857143,19.0,4.0,clear,dry,,morning,Saucony Endorphin Speed 4,east boulder,156.4,Unknown,solo,rec@5:34,recovery,334.0,,,,0,2022,Running_Log_2024.xlsx
2024-09-13,2024,9,257,5,10.6,61.0,345.28301886792457,23.0,4.0,clear,dry,,morning,Saucony Endorphin Speed 4,east boulder,153.4,Unknown,solo,rec@5:45,recovery,345.0,,,,0,2022,Running_Log_2024.xlsx
2024-09-14,2024,9,258,6,7.0,40.0,342.85714285714283,26.0,4.0,clear,dry,,late,Saucony Endorphin Speed 4,east boulder,153.4,Unknown,solo,rec@5:42,recovery,342.0,,,,0,2022,Running_Log_2024.xlsx
2024-09-15,2024,9,259,7,20.8,120.0,346.15384615384613,23.0,4.0,clear,dry,,morning,Adidas Adios Pro 3*,east boulder,148.2,Unknown,solo,long@5:46,long,346.0,,,,0,2022,Running_Log_2024.xlsx
2024-09-16,2024,9,260,1,5.0,29.0,348.0,21.0,5.0,clear,dry,,morning,Saucony Endorphin Speed 4,east boulder,153.4,Unknown,solo,rec@5:48,recovery,348.0,,,,0,2022,Running_Log_2024.xlsx
2024-09-17,2024,9,261,2,10.6,62.0,350.94339622641513,25.0,4.0,clear,dry,,morning,Saucony Endorphin Speed 4,east boulder,151.7,Unknown,solo,rec@5:50,recovery,350.0,,,,0,2022,Running_Log_2024.xlsx
2024-09-18,2024,9,262,3,6.2,35.0,338.7096774193548,21.0,5.0,clear,dry,,morning,Saucony Endorphin Speed 4,east boulder,155.7,Unknown,solo,rec@5:38,recovery,338.0,,,,0,2022,Running_Log_2024.xlsx
2024-09-19,2024,9,263,4,5.0,29.0,348.0,18.0,4.0,clear,dry,,morning,Saucony Endorphin Speed 4,east boulder,155.7,Unknown,solo,rec@5:48,recovery,348.0,,,,0,2022,Running_Log_2024.xlsx
2024-09-20,2024,9,264,5,10.6,59.0,333.9622641509434,20.0,5.0,cloudy,dry,,morning,Saucony Endorphin Speed 4,east boulder,152.7,Unknown,solo,rec@5:33,recovery,333.0,,,,0,2022,Running_Log_2024.xlsx
2024-09-21,2024,9,265,6,6.2,35.0,338.7096774193548,16.0,4.0,clear,dry,,morning,Saucony Endorphin Speed 4,east boulder,153.4,Unknown,solo,rec@5:38,recovery,338.0,,,,0,2022,Running_Log_2024.xlsx
2024-09-22,2024,9,266,7,8.9,52.0,350.56179775280896,11.0,4.0,overcast,wet,,morning,Saucony Endorphin Speed 4,east boulder,152.6,Unknown,solo,rec@5:50,recovery,350.0,,,,0,2022,Running_Log_2024.xlsx
2024-09-23,2024,9,267,1,8.6,51.0,355.81395348837214,20.0,5.0,clear,dry,,morning,Saucony Endorphin Speed 4,east boulder,152.7,Unknown,solo,rec@5:55,recovery,355.0,,,,0,2022,Running_Log_2024.xlsx
2024-09-24,2024,9,268,2,7.0,40.0,342.85714285714283,20.0,5.0,clear,dry,,morning,Saucony Endorphin Speed 4,east boulder,153.9,Unknown,solo,rec@5:42,recovery,342.0,,,,0,2022,Running_Log_2024.xlsx
2024-09-25,2024,9,269,3,4.5,26.0,346.6666666666667,20.0,5.0,clear,dry,,morning,Saucony Endorphin Speed 4,east boulder,155.7,Unknown,solo,rec@5:46,recovery,346.0,,,,0,2022,Running_Log_2024.xlsx
2024-09-26,2024,9,270,4,6.2,36.0,348.38709677419354,22.0,5.0,clear,dry,,morning,Saucony Endorphin Speed 4,east boulder,,Unknown,solo,rec@5:48,recovery,348.0,,,,0,2022,Running_Log_2024.xlsx
2024-09-27,2024,9,271,5,5.0,30.0,360.0,23.0,5.0,cloudy,dry,,morning,Saucony Endorphin Speed 4,east boulder,154.5,Unknown,solo,rec@6:00,recovery,360.0,,,,0,2022,Running_Log_2024.xlsx
2024-09-28,2024,9,272,6,4.0,23.0,345.0,26.0,5.0,clear,dry,,afternoon,Saucony Endorphin Speed 4,east boulder,154.5,Unknown,solo,rec@5:45,recovery,345.0,,,,0,2022,Running_Log_2024.xlsx
2024-09-29,2024,9,273,7,26.2,169.0,387.0229007633588,19.0,3.0,clear,dry,,morning,Adidas Adios Pro 3*,east boulder,151.0,Unknown,solo,42195 race@2:49:15 [Boulderthon],race,,,,,1,2022,Running_Log_2024.xlsx
2024-09-30,2024,9,274,1,4.0,24.0,360.0,26.0,4.0,clear,dry,,morning,Saucony Endorphin Speed 4,east boulder,155.0,Unknown,solo,rec@6:00,recovery,360.0,,,,0,2022,Running_Log_2024.xlsx
2024-10-01,2024,10,275,2,5.0,29.0,348.0,17.0,5.0,clear,dry,,morning,Saucony Endorphin Speed 4,east boulder,155.0,Unknown,solo,rec@5:48,recovery,348.0,,,,0,2022,Running_Log_2024.xlsx
2024-10-02,2024,10,276,3,6.0,35.0,350.0,22.0,4.0,clear,dry,,morning,Saucony Endorphin Speed 4,east boulder,155.0,Unknown,solo,rec@5:50,recovery,350.0,,,,0,2022,Running_Log_2024.xlsx
2024-10-03,2024,10,277,4,6.0,35.0,350.0,15.0,5.0,clear,dry,,morning,Saucony Endorphin Speed 4,east boulder,155.0,Unknown,solo,rec@5:50,recovery,350.0,,,,0,2022,Running_Log_2024.xlsx
2024-10-04,2024,10,278,5,8.6,50.0,348.8372093023256,20.0,4.0,clear,dry,,afternoon,Saucony Endorphin Speed 4,east boulder,152.1,Unknown,solo,rec@5:48,recovery,348.0,,,,0,2022,Running_Log_2024.xlsx
2024-10-05,2024,10,279,6,8.6,51.0,355.81395348837214,19.0,6.0,clear,dry,,late,Saucony Endorphin Speed 4,east boulder,152.1,Unknown,solo,rec@5:55,recovery,355.0,,,,0,2022,Running_Log_2024.xlsx
2024-10-06,2024,10,280,7,6.2,35.0,338.7096774193548,18.0,5.0,clear,dry,,afternoon,Saucony Endorphin Speed 4,east boulder,152.7,Unknown,solo,rec@5:38,recovery,338.0,,,,0,2022,Running_Log_2024.xlsx
2024-10-07,2024,10,281,1,6.2,35.0,338.7096774193548,24.0,5.0,clear,dry,,morning,Saucony Endorphin Speed 4,east boulder,153.9,Unknown,solo,rec@5:38,recovery,338.0,,,,0,2022,Running_Log_2024.xlsx
2024-10-08,2024,10,282,2,5.0,29.0,348.0,20.0,5.0,clear,dry,,morning,Saucony Endorphin Speed 4,east boulder,156.0,Unknown,solo,rec@5:48,recovery,348.0,,,,0,2022,Running_Log_2024.xlsx
2024-10-09,2024,10,283,3,5.0,29.0,348.0,16.0,4.0,clear,dry,,morning,Saucony Endorphin Speed 4,east boulder,155.1,Unknown,solo,rec@5:48,recovery,348.0,,,,0,2022,Running_Log_2024.xlsx
2024-10-10,2024,10,284,4,7.0,39.0,334.2857142857143,22.0,5.0,clear,dry,,morning,Saucony Endorphin Speed 4,east boulder,155.1,Unknown,solo,rec@5:34,recovery,334.0,,,,0,2022,Running_Log_2024.xlsx
2024-10-11,2024,10,285,5,8.6,50.0,348.8372093023256,16.0,4.0,cloudy,dry,,morning,Saucony Endorphin Speed 4,east boulder,153.9,Unknown,solo,rec@5:48,recovery,348.0,,,,0,2022,Running_Log_2024.xlsx
2024-10-12,2024,10,286,6,6.2,36.0,348.38709677419354,20.0,4.0,clear,dry,,afternoon,Saucony Endorphin Speed 4,east boulder,155.1,Unknown,solo,rec@5:48,recovery,348.0,,,,0,2022,Running_Log_2024.xlsx
2024-10-13,2024,10,287,7,5.0,29.0,348.0,12.0,4.0,cloudy,dry,,morning,Saucony Endorphin Speed 4,east boulder,156.0,Unknown,solo,rec@5:48,recovery,348.0,,,,0,2022,Running_Log_2024.xlsx
2024-10-14,2024,10,288,1,7.1,41.0,346.4788732394366,16.0,5.0,clear,dry,,morning,Saucony Endorphin Speed 4,east boulder,155.1,Unknown,solo,rec@5:46,recovery,346.0,,,,0,2022,Running_Log_2024.xlsx
2024-10-15,2024,10,289,2,4.4,25.0,340.9090909090909,18.0,5.0,clear,dry,,morning,Saucony Endorphin Speed 4,east boulder,155.1,Unknown,solo,rec@5:40,recovery,340.0,,,,0,2022,Running_Log_2024.xlsx
2024-10-16,2024,10,290,3,5.0,28.0,336.0,12.0,5.0,clear,dry,,morning,Saucony Endorphin Speed 4,east boulder,155.1,Unknown,solo,rec@5:36,recovery,336.0,,,,0,2022,Running_Log_2024.xlsx
2024-10-17,2024,10,291,4,3.0,17.0,340.0,15.0,3.0,overcast,dry,,morning,Saucony Endorphin Speed 4,east boulder,156.0,Unknown,solo,rec@5:40,recovery,340.0,,,,0,2022,Running_Log_2024.xlsx
2024-10-18,2024,10,292,5,10.6,59.0,333.9622641509434,10.0,5.0,overcast,dry,,morning,Saucony Endorphin Speed 4,east boulder,153.9,Unknown,solo,rec@5:33,recovery,333.0,,,,0,2022,Running_Log_2024.xlsx
2024-10-19,2024,10,293,6,20.0,121.0,363.0,11.0,6.0,cloudy,dry,,afternoon,Saucony Endorphin Speed 4,boulder turnpike,150.0,Unknown,solo,long@6:03,long,363.0,,,,0,2022,Running_Log_2024.xlsx
2024-10-20,2024,10,294,7,7.1,43.0,363.38028169014086,18.0,6.0,cloudy,dry,,afternoon,Saucony Endorphin Speed 4,east boulder,152.7,Unknown,solo,rec@6:03,recovery,363.0,,,,0,2022,Running_Log_2024.xlsx
2024-10-21,2024,10,295,1,10.6,64.0,362.26415094339626,15.0,5.0,cloudy,dry,,morning,Saucony Endorphin Speed 4,east boulder,151.6,Unknown,solo,rec@6:02,recovery,362.0,,,,0,2022,Running_Log_2024.xlsx
2024-10-22,2024,10,296,2,7.7,44.0,342.85714285714283,21.0,4.0,clear,dry,,morning,Saucony Endorphin Speed 4,east boulder,152.1,Unknown,solo,rec@5:42,recovery,342.0,,,,0,2022,Running_Log_2024.xlsx
2024-10-23,2024,10,297,3,5.0,28.0,336.0,8.0,4.0,clear,dry,,morning,Saucony Endorphin Speed 4,east boulder,156.0,Unknown,solo,rec@5:36,recovery,336.0,,,,0,2022,Running_Log_2024.xlsx
2024-10-24,2024,10,298,4,6.5,37.0,341.53846153846155,17.0,5.0,cloudy,dry,,morning,Saucony Endorphin Speed 4,east boulder,155.1,Unknown,solo,rec@5:41,recovery,341.0,,,,0,2022,Running_Log_2024.xlsx
2024-10-25,2024,10,299,5,5.5,29.0,316.3636363636364,18.0,3.0,clear,dry,,morning,Saucony Endorphin Speed 4,centennial,,Unknown,solo,rec@5:16,recovery,316.0,,,,0,2022,Running_Log_2024.xlsx
2024-10-26,2024,10,300,6,6.9,39.0,339.1304347826087,16.0,4.0,light rain,wet,,morning,Saucony Endorphin Speed 4,mccabe,,Unknown,solo,rec@5:39,recovery,339.0,,,,0,2022,Running_Log_2024.xlsx
2024-10-27,2024,10,301,7,3.3,19.0,345.4545454545455,11.0,4.0,clear,dry,,morning,Saucony Endorphin Speed 4,centennial,,Unknown,solo,rec@5:45,recovery,345.0,,,,0,2022,Running_Log_2024.xlsx
2024-10-28,2024,10,302,1,4.0,23.0,345.0,14.0,3.0,cloudy,dry,,morning,Saucony Endorphin Speed 4,east boulder,,Unknown,solo,rec@5:45,recovery,345.0,,,,0,2022,Running_Log_2024.xlsx
2024-10-29,2024,10,303,2,8.6,50.0,348.8372093023256,12.0,5.0,cloudy,dry,,morning,Saucony Endorphin Speed 4,east boulder,153.1,Unknown,solo,rec@5:48,recovery,348.0,,,,0,2022,Running_Log_2024.xlsx
2024-10-30,2024,10,304,3,4.4,25.0,340.9090909090909,2.0,5.0,overcast,wet,,morning,Saucony Endorphin Speed 4,east boulder,155.1,Unknown,solo,rec@5:40,recovery,340.0,,,,0,2022,Running_Log_2024.xlsx
2024-10-31,2024,10,305,4,5.0,28.0,336.0,1.0,5.0,clear,dry,,morning,Saucony Endorphin Speed 4,east boulder,154.1,Unknown,solo,rec@5:36,recovery,336.0,,,,0,2022,Running_Log_2024.xlsx
2024-11-01,2024,11,306,5,11.2,65.0,348.2142857142857,12.0,5.0,cloudy,dry,,afternoon,Saucony Endorphin Speed 4,east boulder,151.6,Unknown,solo,rec@5:48,recovery,348.0,,,,0,2022,Running_Log_2024.xlsx
2024-11-02,2024,11,307,6,4.4,25.0,340.9090909090909,-1.0,5.0,clear,dry,,morning,Saucony Endorphin Speed 4,east boulder,154.6,Unknown,solo,rec@5:40,recovery,340.0,,,,0,2022,Running_Log_2024.xlsx
2024-11-03,2024,11,308,7,7.0,38.0,325.7142857142857,6.0,6.0,heavy rain,wet,,late,Saucony Endorphin Speed 4,east boulder,152.4,Unknown,solo,rec@5:25,recovery,325.0,,,,0,2022,Running_Log_2024.xlsx
2024-11-04,2024,11,309,1,8.0,45.0,337.5,2.0,5.0,overcast,wet,,morning,Saucony Endorphin Speed 4,east boulder,153.1,Unknown,solo,rec@5:37,recovery,337.0,,,,0,2022,Running_Log_2024.xlsx
2024-11-05,2024,11,310,2,5.0,28.0,336.0,10.0,5.0,clear,dry,,morning,Saucony Endorphin Speed 4,east boulder,154.6,Unknown,solo,rec@5:36,recovery,336.0,,,,0,2022,Running_Log_2024.xlsx
2024-11-06,2024,11,311,3,4.0,24.0,360.0,-1.0,4.0,snow,snow,,morning,Hoka Speedgoat 5,east boulder,156.2,Unknown,solo,rec@6:00,recovery,360.0,,,,0,2022,Running_Log_2024.xlsx
2024-11-07,2024,11,312,4,4.4,26.0,354.5454545454545,-1.0,5.0,snow,snow,,morning,Hoka Speedgoat 5,east boulder,156.2,Unknown,solo,rec@5:54,recovery,354.0,,,,0,2022,Running_Log_2024.xlsx
2024-11-08,2024,11,313,5,10.6,66.0,373.5849056603774,2.0,5.0,snow,snow,,morning,Hoka Speedgoat 5,east boulder,154.6,Unknown,solo,rec@6:13,recovery,373.0,,,,0,2022,Running_Log_2024.xlsx
2024-11-09,2024,11,314,6,9.0,54.0,360.0,5.0,4.0,cloudy,wet,,afternoon,Saucony Endorphin Speed 4,east boulder,154.6,Unknown,solo,rec@6:00,recovery,360.0,,,,0,2022,Running_Log_2024.xlsx
2024-11-10,2024,11,315,7,4.0,22.0,330.0,14.0,5.0,clear,dry,,morning,Saucony Endorphin Speed 4,east boulder,154.6,Unknown,solo,rec@5:30,recovery,330.0,,,,0,2022,Running_Log_2024.xlsx
2024-11-11,2024,11,316,1,10.6,62.0,350.94339622641513,14.0,5.0,clear,dry,,morning,Saucony Endorphin Speed 4,east boulder,153.1,Unknown,solo,rec@5:50,recovery,350.0,,,,0,2022,Running_Log_2024.xlsx
2024-11-12,2024,11,317,2,8.3,50.0,361.4457831325301,6.0,5.0,clear,icy,,morning,Saucony Endorphin Speed 4,boulder creek,154.6,Unknown,solo,rec@6:01,recovery,361.0,,,,0,2022,Running_Log_2024.xlsx
2024-11-13,2024,11,318,3,4.7,26.0,331.9148936170213,6.0,4.0,clear,dry,,morning,Saucony Endorphin Speed 4,east boulder,156.2,Unknown,solo,rec@5:31,recovery,331.0,,,,0,2022,Running_Log_2024.xlsx
2024-11-14,2024,11,319,4,7.0,39.0,334.2857142857143,13.0,4.0,clear,dry,,afternoon,Saucony Endorphin Speed 4,east boulder,154.6,Unknown,solo,rec@5:34,recovery,334.0,,,,0,2022,Running_Log_2024.xlsx
2024-11-15,2024,11,320,5,6.6,39.0,354.54545454545456,11.0,5.0,clear,dry,,afternoon,Saucony Endorphin Speed 4,east boulder,153.1,Unknown,solo,rec@5:54,recovery,354.0,,,,0,2022,Running_Log_2024.xlsx
2024-11-16,2024,11,321,6,5.0,28.0,336.0,11.0,4.0,cloudy,dry,,afternoon,Saucony Endorphin Speed 4,east boulder,,Unknown,solo,rec@5:36,recovery,336.0,,,,0,2022,Running_Log_2024.xlsx
2024-11-17,2024,11,322,7,11.3,63.0,334.5132743362832,7.0,5.0,clear,dry,,late,Nike ZoomX Dragonfly,manhattan track,153.1,Track,solo,"16j, 6800i@4:52, 18j",interval,,6800.0,292.0,interval,0,2022,Running_Log_2024.xlsx
2024-11-18,2024,11,323,1,5.0,29.0,348.0,11.0,4.0,clear,dry,,morning,Saucony Endorphin Pro 2,east boulder,153.1,Unknown,solo,rec@5:48,recovery,348.0,,,,0,2022,Running_Log_2024.xlsx
2024-11-19,2024,11,324,2,6.0,35.0,350.0,2.0,5.0,clear,dry,,morning,Saucony Endorphin Pro 2,east boulder,154.6,Unknown,solo,rec@5:50,recovery,350.0,,,,0,2022,Running_Log_2024.xlsx
2024-11-20,2024,11,325,3,4.6,26.0,339.13043478260875,-1.0,4.0,clear,dry,,morning,Saucony Endorphin Pro 2,east boulder,156.2,Unknown,solo,rec@5:39,recovery,339.0,,,,0,2022,Running_Log_2024.xlsx
2024-11-21,2024,11,326,4,24.0,138.0,345.0,3.0,5.0,cloudy,dry,,morning,Saucony Endorphin Pro 2,boulder turnpike,153.9,Unknown,solo,long@5:45,long,345.0,,,,0,2022,Running_Log_2024.xlsx
2024-11-22,2024,11,327,5,8.0,47.0,352.5,14.0,4.0,cloudy,dry,,afternoon,Saucony Endorphin Pro 2,east boulder,153.9,Unknown,solo,rec@5:52,recovery,352.0,,,,0,2022,Running_Log_2024.xlsx
2024-11-23,2024,11,328,6,7.0,41.0,351.42857142857144,16.0,3.0,cloudy,dry,,afternoon,Saucony Endorphin Pro 2,east boulder,152.1,Unknown,solo,rec@5:51,recovery,351.0,,,,0,2022,Running_Log_2024.xlsx
2024-11-24,2024,11,329,7,6.4,38.0,356.25,7.0,4.0,overcast,wet,,morning,Saucony Endorphin Pro 2,suburbia,155.2,Unknown,solo,rec@5:56,recovery,356.0,,,,0,2022,Running_Log_2024.xlsx
2024-11-25,2024,11,330,1,11.1,66.0,356.7567567567568,8.0,6.0,overcast,wet,,late,Saucony Endorphin Pro 2,river trail,155.2,Unknown,solo,rec@5:56,recovery,356.0,,,,0,2022,Running_Log_2024.xlsx
2024-11-26,2024,11,331,2,10.0,60.0,360.0,8.0,5.0,cloudy,wet,,afternoon,Saucony Endorphin Pro 2,english hill,153.8,Unknown,solo,rec@6:00,recovery,360.0,,,,0,2022,Running_Log_2024.xlsx
2024-11-27,2024,11,332,3,8.7,52.0,358.62068965517244,7.0,5.0,cloudy,wet,,afternoon,Saucony Endorphin Pro 2,river trail,154.2,Unknown,solo,rec@5:58,recovery,358.0,,,,0,2022,Running_Log_2024.xlsx
2024-11-28,2024,11,333,4,6.4,37.0,346.875,5.0,5.0,cloudy,wet,,afternoon,Saucony Endorphin Pro 2,suburbia,154.8,Unknown,solo,rec@5:46,recovery,346.0,,,,0,2022,Running_Log_2024.xlsx
2024-11-29,2024,11,334,5,5.1,31.0,364.7058823529412,3.0,5.0,cloudy,wet,,morning,Saucony Endorphin Pro 2,nike>powerline,155.6,Unknown,solo,rec@6:04,recovery,364.0,,,,0,2022,Running_Log_2024.xlsx
2024-11-30,2024,11,335,6,4.0,24.0,360.0,7.0,5.0,clear,dry,,afternoon,Saucony Endorphin Pro 2,english hill,155.2,Unknown,solo,rec@6:00,recovery,360.0,,,,0,2022,Running_Log_2024.xlsx
2024-12-01,2024,12,336,7,26.5,150.0,339.62264150943395,4.0,3.0,clear,dry,,morning,Adidas Adios Pro 3*,seattle,153.4,Unknown,solo,42195 race@2:30:29 [Seattle Marathon],race,,,,,1,2022,Running_Log_2024.xlsx
2024-12-02,2024,12,337,1,8.0,50.0,375.0,6.0,5.0,clear,dry,,morning,Saucony Endorphin Pro 2,east boulder,153.1,Unknown,solo,rec@6:15,recovery,375.0,,,,0,2022,Running_Log_2024.xlsx
2024-12-03,2024,12,338,2,8.0,45.0,337.5,3.0,4.0,clear,dry,,morning,Saucony Endorphin Pro 2,east boulder,153.9,Unknown,solo,rec@5:37,recovery,337.0,,,,0,2022,Running_Log_2024.xlsx
2024-12-04,2024,12,339,3,10.0,60.0,360.0,2.0,5.0,clear,dry,,morning,Saucony Endorphin Pro 2,east boulder,153.1,Unknown,solo,rec@6:00,recovery,360.0,,,,0,2022,Running_Log_2024.xlsx
2024-12-05,2024,12,340,4,6.6,37.0,336.3636363636364,2.0,4.0,clear,dry,,morning,Saucony Endorphin Pro 2,east boulder,153.1,Unknown,solo,rec@5:36,recovery,336.0,,,,0,2022,Running_Log_2024.xlsx
2024-12-06,2024,12,341,5,8.0,45.0,337.5,11.0,5.0,clear,dry,,morning,Saucony Endorphin Pro 2,east boulder,151.3,Unknown,solo,rec@5:37,recovery,337.0,,,,0,2022,Running_Log_2024.xlsx
2024-12-07,2024,12,342,6,10.6,64.0,362.26415094339626,14.0,5.0,clear,dry,,afternoon,Saucony Endorphin Pro 2,east boulder,150.4,Unknown,solo,rec@6:02,recovery,362.0,,,,0,2022,Running_Log_2024.xlsx
2024-12-08,2024,12,343,7,21.0,134.0,382.85714285714283,8.0,4.0,cloudy,dry,,morning,Saucony Endorphin Pro 2,boulder turnpike,151.3,Unknown,solo,long@6:22,long,382.0,,,,0,2022,Running_Log_2024.xlsx
2024-12-09,2024,12,344,1,8.0,46.0,345.0,2.0,4.0,overcast,dry,,morning,Saucony Endorphin Pro 2,east boulder,151.3,Unknown,solo,rec@5:45,recovery,345.0,,,,0,2022,Running_Log_2024.xlsx
2024-12-10,2024,12,345,2,5.4,33.0,366.66666666666663,1.0,5.0,clear,snow,,morning,Saucony Endorphin Pro 2,east boulder,153.3,Unknown,solo,rec@6:06,recovery,366.0,,,,0,2022,Running_Log_2024.xlsx
2024-12-11,2024,12,346,3,7.0,40.0,342.85714285714283,6.0,4.0,clear,dry,,morning,Saucony Endorphin Pro 2,east boulder,153.3,Unknown,solo,rec@5:42,recovery,342.0,,,,0,2022,Running_Log_2024.xlsx
2024-12-12,2024,12,347,4,5.0,29.0,348.0,1.0,4.0,clear,dry,,morning,Saucony Endorphin Pro 2,east boulder,152.6,Unknown,solo,rec@5:48,recovery,348.0,,,,0,2022,Running_Log_2024.xlsx
2024-12-13,2024,12,348,5,20.8,128.0,369.2307692307692,9.0,5.0,clear,dry,,afternoon,Saucony Endorphin Pro 2,east boulder,148.7,Unknown,solo,long@6:09,long,369.0,,,,0,2022,Running_Log_2024.xlsx
2024-12-14,2024,12,349,6,5.0,29.0,348.0,9.0,5.0,clear,dry,,morning,Saucony Endorphin Pro 2,east boulder,151.3,Unknown,solo,rec@5:48,recovery,348.0,,,,0,2022,Running_Log_2024.xlsx
2024-12-15,2024,12,350,7,5.4,31.0,344.4444444444444,10.0,5.0,clear,dry,,morning,Saucony Endorphin Pro 2,east boulder,,Unknown,solo,rec@5:44,recovery,344.0,,,,0,2022,Running_Log_2024.xlsx
2024-12-16,2024,12,351,1,8.0,47.0,352.5,4.0,4.0,clear,dry,,morning,Saucony Endorphin Pro 2,east boulder,152.3,Unknown,solo,rec@5:52,recovery,352.0,,,,0,2022,Running_Log_2024.xlsx
2024-12-17,2024,12,352,2,4.0,23.0,345.0,7.0,3.0,clear,dry,,morning,Saucony Endorphin Pro 2,east boulder,153.8,Unknown,solo,rec@5:45,recovery,345.0,,,,0,2022,Running_Log_2024.xlsx
2024-12-18,2024,12,353,3,5.0,28.0,336.0,5.0,5.0,overcast,dry,,afternoon,Saucony Endorphin Pro 2,east boulder,152.6,Unknown,solo,rec@5:36,recovery,336.0,,,,0,2022,Running_Log_2024.xlsx
2024-12-19,2024,12,354,4,4.0,22.0,330.0,13.0,5.0,clear,dry,,morning,Saucony Endorphin Pro 2,east boulder,153.8,Unknown,solo,rec@5:30,recovery,330.0,,,,0,2022,Running_Log_2024.xlsx
2024-12-20,2024,12,355,5,4.0,23.0,345.0,0.0,4.0,clear,dry,,morning,Saucony Endorphin Pro 2,east boulder,154.4,Unknown,solo,rec@5:45,recovery,345.0,,,,0,2022,Running_Log_2024.xlsx
2024-12-21,2024,12,356,6,7.1,42.0,354.92957746478874,12.0,5.0,clear,dry,,afternoon,Saucony Endorphin Pro 2,east boulder,152.6,Unknown,solo,rec@5:54,recovery,354.0,,,,0,2022,Running_Log_2024.xlsx
2024-12-22,2024,12,357,7,5.0,29.0,348.0,13.0,5.0,overcast,dry,,morning,Saucony Endorphin Pro 2,east boulder,,Unknown,solo,rec@5:48,recovery,348.0,,,,0,2022,Running_Log_2024.xlsx
2024-12-23,2024,12,358,1,8.0,46.0,345.0,7.0,4.0,overcast,dry,,late,Saucony Endorphin Pro 2,east boulder,152.6,Unknown,solo,rec@5:45,recovery,345.0,,,,0,2022,Running_Log_2024.xlsx
2024-12-24,2024,12,359,2,5.6,32.0,342.8571428571429,9.0,7.0,cloudy,dry,,afternoon,Saucony Endorphin Pro 2,east boulder,,Unknown,solo,rec@5:42,recovery,342.0,,,,0,2022,Running_Log_2024.xlsx
2024-12-25,2024,12,360,3,4.0,25.0,375.0,3.0,2.0,clear,dry,,morning,Saucony Endorphin Pro 2,east boulder,,Unknown,solo,rec@6:15,recovery,375.0,,,,0,2022,Running_Log_2024.xlsx
2024-12-26,2024,12,361,4,6.4,41.0,384.375,8.0,8.0,overcast,muddy,,late,Saucony Endorphin Pro 2,suburbia,155.0,Unknown,solo,rec@6:24,recovery,384.0,,,,0,2022,Running_Log_2024.xlsx
2024-12-27,2024,12,362,5,8.7,53.0,365.51724137931035,9.0,6.0,light rain,wet,,late,Saucony Endorphin Pro 2,river trail,152.4,Unknown,solo,rec@6:05,recovery,365.0,,,,0,2022,Running_Log_2024.xlsx
2024-12-28,2024,12,363,6,10.0,62.0,372.0,10.0,6.0,overcast,muddy,,afternoon,Saucony Endorphin Pro 2,english hill,153.6,Unknown,solo,rec@6:12,recovery,372.0,,,,0,2022,Running_Log_2024.xlsx
2024-12-29,2024,12,364,7,5.1,30.0,352.94117647058823,7.0,6.0,light rain,wet,,afternoon,Saucony Endorphin Pro 2,nike>powerline,155.6,Unknown,solo,rec@5:52,recovery,352.0,,,,0,2022,Running_Log_2024.xlsx
2024-12-30,2024,12,365,1,8.7,50.0,344.82758620689657,8.0,6.0,overcast,wet,,afternoon,Saucony Endorphin Pro 2,river trail,154.2,Unknown,solo,rec@5:44,recovery,344.0,,,,0,2022,Running_Log_2024.xlsx
2024-12-31,2024,12,366,2,5.1,30.0,352.94117647058823,7.0,5.0,overcast,wet,,afternoon,Saucony Endorphin Pro 2,nike>powerline,153.4,Unknown,solo,rec@5:52,recovery,352.0,,,,0,2022,Running_Log_2024.xlsx
2025-01-01,2025,1,1,3,8.6,50.0,348.8372093023256,4.0,4.0,cloudy,muddy,low,morning,Adidas Adios Pro 3,magnuson park,157.0,Unknown,solo,"19j, 5rec/t, 5000 race@15:54, 10j [Club Northwest Resolution Run]",race,,,,,1,2025,Running_Log_2025.xlsx
2025-01-02,2025,1,2,4,4.0,25.0,375.0,4.0,4.0,light rain,wet,low,early,Saucony Endorphin Pro 2,nike>powerline,154.6,Unknown,solo,rec@6:15,recovery,375.0,,,,0,2025,Running_Log_2025.xlsx
2025-01-03,2025,1,3,5,3.3,26.0,472.72727272727275,-1.0,1.0,cloudy,dry,low,late,Saucony Endorphin Pro 2,seoul,,Unknown,solo,rec@7:52,recovery,472.0,,,,0,2025,Running_Log_2025.xlsx
2025-01-04,2025,1,4,6,6.4,44.0,412.5,-5.0,5.0,clear,dry,low,morning,Saucony Endorphin Pro 2,seoul,,Unknown,solo,rec@6:52,recovery,412.0,,,,0,2025,Running_Log_2025.xlsx
2025-01-05,2025,1,5,7,4.0,29.0,435.0,0.0,5.0,snow,snow,low,morning,Saucony Endorphin Pro 2,seoul,,Unknown,solo,rec@7:15,recovery,435.0,,,,0,2025,Running_Log_2025.xlsx
2025-01-06,2025,1,6,1,5.9,38.0,386.44067796610165,2.0,6.0,cloudy,snow,moderate,morning,Saucony Endorphin Pro 2,seoul,,Unknown,solo,rec@6:26,recovery,386.0,,,,0,2025,Running_Log_2025.xlsx
2025-01-07,2025,1,7,2,5.4,32.0,355.55555555555554,12.0,4.0,overcast,dry,low,afternoon,Saucony Endorphin Pro 2,tokyo,,Unknown,solo,rec@5:55,recovery,355.0,,,,0,2025,Running_Log_2025.xlsx
2025-01-08,2025,1,8,3,5.4,31.0,344.4444444444444,5.0,6.0,clear,dry,low,morning,Saucony Endorphin Pro 2,tokyo,,Unknown,solo,rec@5:44,recovery,344.0,,,,0,2025,Running_Log_2025.xlsx
2025-01-09,2025,1,9,4,7.6,44.0,347.3684210526316,6.0,5.0,clear,dry,low,morning,Saucony Endorphin Pro 2,tokyo,,Unknown,solo,rec@5:47,recovery,347.0,,,,0,2025,Running_Log_2025.xlsx
2025-01-10,2025,1,10,5,5.4,30.0,333.3333333333333,5.0,5.0,clear,dry,low,morning,Saucony Endorphin Pro 2,tokyo,,Unknown,solo,rec@5:33,recovery,333.0,,,,0,2025,Running_Log_2025.xlsx
2025-01-11,2025,1,11,6,3.6,20.0,333.3333333333333,3.0,5.0,clear,dry,low,morning,Saucony Endorphin Pro 2,tokyo,,Unknown,solo,rec@5:33,recovery,333.0,,,,0,2025,Running_Log_2025.xlsx
2025-01-12,2025,1,12,7,7.2,41.0,341.6666666666667,6.0,3.0,clear,dry,low,morning,Saucony Endorphin Pro 2,osaka,,Unknown,solo,rec@5:41,recovery,341.0,,,,0,2025,Running_Log_2025.xlsx
2025-01-13,2025,1,13,1,10.6,62.0,350.94339622641513,2.0,5.0,cloudy,dry,moderate,afternoon,Saucony Endorphin Pro 2,east boulder,155.1,Unknown,solo,rec@5:50,recovery,350.0,,,,0,2025,Running_Log_2025.xlsx
2025-01-14,2025,1,14,2,5.6,31.0,332.14285714285717,-5.0,4.0,clear,dry,low,morning,Saucony Endorphin Pro 2,east boulder,155.8,Unknown,solo,rec@5:32,recovery,332.0,,,,0,2025,Running_Log_2025.xlsx
2025-01-15,2025,1,15,3,4.6,25.0,326.0869565217392,0.0,5.0,clear,dry,low,morning,Saucony Endorphin Pro 2,east boulder,156.5,Unknown,solo,rec@5:26,recovery,326.0,,,,0,2025,Running_Log_2025.xlsx
2025-01-16,2025,1,16,4,8.0,45.0,337.5,1.0,4.0,clear,dry,low,morning,Saucony Endorphin Pro 2,east boulder,154.4,Unknown,solo,rec@5:37,recovery,337.0,,,,0,2025,Running_Log_2025.xlsx
2025-01-17,2025,1,17,5,24.0,147.0,367.5,9.0,4.0,cloudy,dry,moderate,afternoon,Saucony Endorphin Pro 2,boulder turnpike,151.3,Unknown,solo,long@6:07,long,367.0,,,,0,2025,Running_Log_2025.xlsx
2025-01-18,2025,1,18,6,10.0,62.0,372.0,-12.0,5.0,overcast,snow,low,afternoon,Hoka Speedgoat 5,east boulder,154.4,Unknown,solo,rec@6:12,recovery,372.0,,,,0,2025,Running_Log_2025.xlsx
2025-01-19,2025,1,19,7,8.0,50.0,375.0,-9.0,5.0,cloudy,snow,low,afternoon,Hoka Speedgoat 5,east boulder,156.5,Unknown,solo,rec@6:15,recovery,375.0,,,,0,2025,Running_Log_2025.xlsx
2025-01-20,2025,1,20,1,5.6,34.0,364.28571428571433,-14.0,3.0,clear,snow,low,afternoon,Hoka Speedgoat 5,east boulder,155.2,Unknown,solo,rec@6:04,recovery,364.0,,,,0,2025,Running_Log_2025.xlsx
2025-01-21,2025,1,21,2,5.4,32.0,355.55555555555554,-15.0,3.0,clear,snow,low,morning,Hoka Speedgoat 5,east boulder,156.5,Unknown,solo,rec@5:55,recovery,355.0,,,,0,2025,Running_Log_2025.xlsx
2025-01-22,2025,1,22,3,5.0,29.0,348.0,-4.0,5.0,cloudy,snow,low,morning,Hoka Speedgoat 5,east boulder,156.5,Unknown,solo,rec@5:48,recovery,348.0,,,,0,2025,Running_Log_2025.xlsx
2025-01-23,2025,1,23,4,4.4,26.0,354.5454545454545,-9.0,4.0,clear,icy,low,morning,Hoka Speedgoat 5,east boulder,157.1,Unknown,solo,rec@5:54,recovery,354.0,,,,0,2025,Running_Log_2025.xlsx
2025-01-24,2025,1,24,5,10.6,64.0,362.26415094339626,7.0,5.0,clear,snow,moderate,morning,Hoka Speedgoat 5,east boulder,152.7,Unknown,solo,rec@6:02,recovery,362.0,,,,0,2025,Running_Log_2025.xlsx
2025-01-25,2025,1,25,6,8.0,50.0,375.0,-8.0,5.0,snow,snow,low,afternoon,Hoka Speedgoat 5,east boulder,154.4,Unknown,solo,rec@6:15,recovery,375.0,,,,0,2025,Running_Log_2025.xlsx
2025-01-26,2025,1,26,7,8.0,48.0,360.0,-6.0,5.0,clear,snow,low,late,Hoka Speedgoat 5,east boulder,156.5,Unknown,solo,rec@6:00,recovery,360.0,,,,0,2025,Running_Log_2025.xlsx
2025-01-27,2025,1,27,1,6.8,41.0,361.7647058823529,4.0,4.0,clear,snow,low,morning,Hoka Speedgoat 5,east boulder,155.2,Unknown,solo,rec@6:01,recovery,361.0,,,,0,2025,Running_Log_2025.xlsx
2025-01-28,2025,1,28,2,4.8,29.0,362.5,-2.0,4.0,clear,snow,low,morning,Hoka Speedgoat 5,east boulder,,Unknown,solo,rec@6:02,recovery,362.0,,,,0,2025,Running_Log_2025.xlsx
2025-01-29,2025,1,29,3,8.0,48.0,360.0,-1.0,4.0,clear,icy,low,morning,Hoka Speedgoat 5,east boulder,154.4,Unknown,solo,rec@6:00,recovery,360.0,,,,0,2025,Running_Log_2025.xlsx
2025-01-30,2025,1,30,4,4.4,26.0,354.5454545454545,4.0,3.0,overcast,icy,low,morning,Hoka Speedgoat 5,east boulder,155.9,Unknown,solo,rec@5:54,recovery,354.0,,,,0,2025,Running_Log_2025.xlsx
2025-01-31,2025,1,31,5,4.0,23.0,345.0,2.0,4.0,clear,icy,low,morning,Hoka Speedgoat 5,east boulder,,Unknown,solo,rec@5:45,recovery,345.0,,,,0,2025,Running_Log_2025.xlsx
2025-02-01,2025,2,32,6,10.8,60.0,333.3333333333333,13.0,5.0,clear,dry,low,morning,Saucony Endorphin Pro 2,los angeles,,Unknown,solo,rec@5:33,recovery,333.0,,,,0,2025,Running_Log_2025.xlsx
2025-02-02,2025,2,33,7,5.0,28.0,336.0,9.0,5.0,clear,dry,moderate,morning,Saucony Endorphin Pro 2,east boulder,155.4,Unknown,solo,rec@5:36,recovery,336.0,,,,0,2025,Running_Log_2025.xlsx
2025-02-03,2025,2,34,1,10.6,58.0,328.3018867924528,20.0,5.0,cloudy,dry,moderate,morning,Saucony Endorphin Pro 2,east boulder,152.7,Unknown,solo,rec@5:28,recovery,328.0,,,,0,2025,Running_Log_2025.xlsx
2025-02-04,2025,2,35,2,8.0,45.0,337.5,-5.0,5.0,overcast,dry,low,morning,Saucony Endorphin Pro 2,east boulder,155.4,Unknown,solo,rec@5:37,recovery,337.0,,,,0,2025,Running_Log_2025.xlsx
2025-02-05,2025,2,36,3,8.6,50.0,348.8372093023256,9.0,5.0,clear,dry,high,morning,Saucony Endorphin Pro 2,east boulder,,Unknown,solo,rec@5:48,recovery,348.0,,,,0,2025,Running_Log_2025.xlsx
2025-02-06,2025,2,37,4,8.0,45.0,337.5,0.0,5.0,clear,dry,low,morning,Saucony Endorphin Pro 2,east boulder,155.4,Unknown,solo,rec@5:37,recovery,337.0,,,,0,2025,Running_Log_2025.xlsx
2025-02-07,2025,2,38,5,8.6,49.0,341.8604651162791,-1.0,4.0,clear,dry,low,morning,Saucony Endorphin Pro 2,east boulder,155.4,Unknown,solo,rec@5:41,recovery,341.0,,,,0,2025,Running_Log_2025.xlsx
2025-02-08,2025,2,39,6,20.8,116.0,334.6153846153846,0.0,5.0,overcast,dry,low,afternoon,Saucony Endorphin Pro 2,east boulder,153.7,Unknown,solo,long@5:34,long,334.0,,,,0,2025,Running_Log_2025.xlsx
2025-02-09,2025,2,40,7,10.6,63.0,356.6037735849057,3.0,4.0,cloudy,dry,low,late,Saucony Endorphin Pro 2,east boulder,155.4,Unknown,solo,rec@5:56,recovery,356.0,,,,0,2025,Running_Log_2025.xlsx
2025-02-10,2025,2,41,1,8.0,45.0,337.5,-1.0,5.0,clear,dry,low,morning,Saucony Endorphin Pro 2,east boulder,155.4,Unknown,solo,rec@5:37,recovery,337.0,,,,0,2025,Running_Log_2025.xlsx
2025-02-11,2025,2,42,2,4.6,27.0,352.1739130434783,-14.0,4.0,snow,snow,low,morning,Hoka Speedgoat 5,east boulder,155.9,Unknown,solo,rec@5:52,recovery,352.0,,,,0,2025,Running_Log_2025.xlsx
2025-02-12,2025,2,43,3,4.8,28.0,350.0,-16.0,5.0,cloudy,snow,low,morning,Hoka Speedgoat 5,east boulder,157.4,Unknown,solo,rec@5:50,recovery,350.0,,,,0,2025,Running_Log_2025.xlsx
2025-02-13,2025,2,44,4,7.0,40.0,342.85714285714283,-13.0,4.0,clear,snow,low,morning,Hoka Speedgoat 5,east boulder,157.6,Unknown,solo,rec@5:42,recovery,342.0,,,,0,2025,Running_Log_2025.xlsx
2025-02-14,2025,2,45,5,8.0,46.0,345.0,1.0,5.0,clear,dry,low,morning,Hoka Speedgoat 5,east boulder,154.4,Unknown,solo,rec@5:45,recovery,345.0,,,,0,2025,Running_Log_2025.xlsx
2025-02-15,2025,2,46,6,8.0,49.0,367.5,-7.0,5.0,flurries,snow,low,afternoon,Hoka Speedgoat 5,east boulder,155.9,Unknown,solo,rec@6:07,recovery,367.0,,,,0,2025,Running_Log_2025.xlsx
2025-02-16,2025,2,47,7,9.0,55.0,366.6666666666667,-2.0,5.0,cloudy,snow,low,afternoon,Hoka Speedgoat 5,east boulder,,Unknown,solo,rec@6:06,recovery,366.0,,,,0,2025,Running_Log_2025.xlsx
2025-02-17,2025,2,48,1,8.2,52.0,380.4878048780488,-4.0,5.0,overcast,icy,low,morning,Hoka Speedgoat 5,east boulder,155.4,Unknown,solo,rec@6:20,recovery,380.0,,,,0,2025,Running_Log_2025.xlsx
2025-02-18,2025,2,49,2,4.6,27.0,352.1739130434783,-13.0,4.0,overcast,snow,low,morning,Hoka Speedgoat 5,east boulder,155.9,Unknown,solo,rec@5:52,recovery,352.0,,,,0,2025,Running_Log_2025.xlsx
2025-02-19,2025,2,50,3,7.0,41.0,351.42857142857144,-16.0,4.0,clear,snow,low,morning,Hoka Speedgoat 5,east boulder,155.9,Unknown,solo,rec@5:51,recovery,351.0,,,,0,2025,Running_Log_2025.xlsx
2025-02-20,2025,2,51,4,7.2,44.0,366.6666666666667,-12.0,5.0,clear,snow,low,morning,Hoka Speedgoat 5,east boulder,155.9,Unknown,solo,rec@6:06,recovery,366.0,,,,0,2025,Running_Log_2025.xlsx
2025-02-21,2025,2,52,5,8.0,46.0,345.0,4.0,5.0,overcast,snow,low,morning,Hoka Speedgoat 5,east boulder,154.4,Unknown,solo,rec@5:45,recovery,345.0,,,,0,2025,Running_Log_2025.xlsx
2025-02-22,2025,2,53,6,7.0,40.0,342.85714285714283,5.0,4.0,clear,dry,low,morning,Hoka Speedgoat 5,east boulder,155.4,Unknown,solo,rec@5:42,recovery,342.0,,,,0,2025,Running_Log_2025.xlsx
2025-02-23,2025,2,54,7,7.0,37.0,317.14285714285717,18.0,5.0,cloudy,dry,moderate,afternoon,Saucony Endorphin Pro 2,east boulder,155.4,Unknown,solo,rec@5:17,recovery,317.0,,,,0,2025,Running_Log_2025.xlsx
2025-02-24,2025,2,55,1,11.2,68.0,364.28571428571433,15.0,5.0,clear,dry,high,morning,Saucony Endorphin Pro 2,east boulder,152.7,Unknown,solo,rec@6:04,recovery,364.0,,,,0,2025,Running_Log_2025.xlsx
2025-02-25,2025,2,56,2,7.0,40.0,342.85714285714283,15.0,5.0,clear,dry,high,morning,Saucony Endorphin Pro 2,east boulder,153.7,Unknown,solo,rec@5:42,recovery,342.0,,,,0,2025,Running_Log_2025.xlsx
2025-02-26,2025,2,57,3,6.0,32.0,320.0,3.0,5.0,clear,dry,low,morning,Saucony Endorphin Pro 2,east boulder,155.4,Unknown,solo,rec@5:20,recovery,320.0,,,,0,2025,Running_Log_2025.xlsx
2025-02-27,2025,2,58,4,5.0,28.0,336.0,1.0,4.0,clear,dry,low,morning,Saucony Endorphin Pro 2,east boulder,155.9,Unknown,solo,rec@5:36,recovery,336.0,,,,0,2025,Running_Log_2025.xlsx
2025-02-28,2025,2,59,5,24.0,142.0,355.0,18.0,5.0,clear,dry,moderate,afternoon,Saucony Endorphin Pro 2,boulder turnpike,150.8,Unknown,solo,long@5:55,long,355.0,,,,0,2025,Running_Log_2025.xlsx
2025-03-01,2025,3,60,6,5.0,30.0,360.0,6.0,4.0,clear,dry,low,morning,Saucony Endorphin Pro 2,east boulder,155.4,Unknown,solo,rec@6:00,recovery,360.0,,,,0,2025,Running_Log_2025.xlsx
2025-03-02,2025,3,61,7,8.0,46.0,345.0,14.0,5.0,clear,dry,low,afternoon,Saucony Endorphin Pro 2,east boulder,153.7,Unknown,solo,rec@5:45,recovery,345.0,,,,0,2025,Running_Log_2025.xlsx
2025-03-03,2025,3,62,1,5.0,29.0,348.0,18.0,5.0,clear,dry,high,morning,Saucony Endorphin Pro 2,east boulder,,Unknown,solo,rec@5:48,recovery,348.0,,,,0,2025,Running_Log_2025.xlsx
2025-03-04,2025,3,63,2,8.0,46.0,345.0,6.0,5.0,clear,dry,moderate,morning,Saucony Endorphin Pro 2,east boulder,155.4,Unknown,solo,rec@5:45,recovery,345.0,,,,0,2025,Running_Log_2025.xlsx
2025-03-05,2025,3,64,3,4.0,22.0,330.0,1.0,5.0,clear,dry,low,morning,Saucony Endorphin Pro 2,east boulder,155.9,Unknown,solo,rec@5:30,recovery,330.0,,,,0,2025,Running_Log_2025.xlsx
2025-03-06,2025,3,65,4,8.0,45.0,337.5,2.0,4.0,overcast,wet,low,morning,Saucony Endorphin Pro 2,east boulder,155.9,Unknown,solo,rec@5:37,recovery,337.0,,,,0,2025,Running_Log_2025.xlsx
2025-03-07,2025,3,66,5,21.0,124.0,354.2857142857143,-2.0,5.0,overcast,dry,low,afternoon,Saucony Endorphin Pro 2,boulder turnpike,153.7,Unknown,solo,long@5:54,long,354.0,,,,0,2025,Running_Log_2025.xlsx
2025-03-08,2025,3,67,6,7.0,39.0,334.2857142857143,10.0,5.0,clear,dry,low,afternoon,Saucony Endorphin Pro 2,east boulder,156.4,Unknown,solo,rec@5:34,recovery,334.0,,,,0,2025,Running_Log_2025.xlsx
2025-03-09,2025,3,68,7,8.6,51.0,355.81395348837214,18.0,6.0,clear,dry,moderate,afternoon,Saucony Endorphin Pro 2,east boulder,154.6,Unknown,solo,rec@5:55,recovery,355.0,,,,0,2025,Running_Log_2025.xlsx
2025-03-10,2025,3,69,1,7.0,40.0,342.85714285714283,17.0,5.0,clear,dry,moderate,morning,Saucony Endorphin Pro 2,east boulder,154.6,Unknown,solo,rec@5:42,recovery,342.0,,,,0,2025,Running_Log_2025.xlsx
2025-03-11,2025,3,70,2,9.0,47.0,313.3333333333333,7.0,5.0,overcast,dry,low,morning,Adidas Adios Pro 3*,east boulder,154.6,Unknown,solo,"11j, 6400i@4:43, 11j",interval,,6400.0,283.0,interval,0,2025,Running_Log_2025.xlsx
2025-03-12,2025,3,71,3,4.7,27.0,344.6808510638298,8.0,4.0,cloudy,dry,low,morning,Saucony Endorphin Pro 2,east boulder,154.6,Unknown,solo,rec@5:44,recovery,344.0,,,,0,2025,Running_Log_2025.xlsx
2025-03-13,2025,3,72,4,6.0,34.0,340.0,11.0,5.0,clear,dry,moderate,morning,Saucony Endorphin Pro 2,east boulder,155.6,Unknown,solo,rec@5:40,recovery,340.0,,,,0,2025,Running_Log_2025.xlsx
2025-03-14,2025,3,73,5,9.2,53.0,345.6521739130435,9.0,4.0,cloudy,dry,high,afternoon,Saucony Endorphin Pro 2,east boulder,153.1,Unknown,solo,rec@5:45,recovery,345.0,,,,0,2025,Running_Log_2025.xlsx
2025-03-15,2025,3,74,6,6.0,34.0,340.0,7.0,3.0,cloudy,dry,moderate,afternoon,Saucony Endorphin Pro 2,east boulder,153.7,Unknown,solo,rec@5:40,recovery,340.0,,,,0,2025,Running_Log_2025.xlsx
2025-03-16,2025,3,75,7,8.3,45.0,325.3012048192771,6.0,5.0,clear,dry,moderate,morning,Adidas Adios Pro 3*,east boulder,154.1,Unknown,solo,"14j, 5000 race@15:34.2, 15j [Lucky Leprechaun 5K]",race,,,,,1,2025,Running_Log_2025.xlsx
2025-03-17,2025,3,76,1,10.6,65.0,367.9245283018868,16.0,5.0,cloudy,dry,high,morning,Saucony Endorphin Pro 2,east boulder,152.4,Unknown,solo,rec@6:07,recovery,367.0,,,,0,2025,Running_Log_2025.xlsx
2025-03-18,2025,3,77,2,5.5,31.0,338.1818181818182,9.0,5.0,clear,dry,low,morning,Saucony Endorphin Pro 2,east boulder,154.0,Unknown,solo,rec@5:38,recovery,338.0,,,,0,2025,Running_Log_2025.xlsx
2025-03-19,2025,3,78,3,6.6,37.0,336.3636363636364,2.0,5.0,overcast,dry,low,morning,Saucony Endorphin Pro 2,east boulder,154.0,Unknown,solo,rec@5:36,recovery,336.0,,,,0,2025,Running_Log_2025.xlsx
2025-03-20,2025,3,79,4,5.0,27.0,324.0,5.0,5.0,cloudy,dry,low,morning,Saucony Endorphin Pro 2,east boulder,156.4,Unknown,solo,rec@5:24,recovery,324.0,,,,0,2025,Running_Log_2025.xlsx
2025-03-21,2025,3,80,5,24.0,149.0,372.5,10.0,5.0,overcast,dry,high,afternoon,Saucony Endorphin Pro 2,boulder turnpike,151.4,Unknown,solo,long@6:12,long,372.0,,,,0,2025,Running_Log_2025.xlsx
2025-03-22,2025,3,81,6,7.0,42.0,360.0,7.0,5.0,clear,dry,high,morning,Saucony Endorphin Speed 2,east boulder,153.1,Unknown,solo,rec@6:00,recovery,360.0,,,,0,2025,Running_Log_2025.xlsx
2025-03-23,2025,3,82,7,7.4,40.0,324.3243243243243,9.0,6.0,overcast,dry,high,afternoon,Saucony Endorphin Speed 2,lakefront,,Unknown,solo,rec@5:24,recovery,324.0,,,,0,2025,Running_Log_2025.xlsx
2025-03-24,2025,3,83,1,8.1,45.0,333.33333333333337,6.0,6.0,cloudy,dry,high,afternoon,Saucony Endorphin Speed 2,lakefront,,Unknown,solo,rec@5:33,recovery,333.0,,,,0,2025,Running_Log_2025.xlsx
2025-03-25,2025,3,84,2,6.0,35.0,350.0,7.0,4.0,cloudy,dry,moderate,afternoon,Saucony Endorphin Speed 2,lakefront,,Unknown,solo,rec@5:50,recovery,350.0,,,,0,2025,Running_Log_2025.xlsx
2025-03-26,2025,3,85,3,6.6,38.0,345.4545454545455,5.0,5.0,clear,dry,moderate,afternoon,Saucony Endorphin Speed 2,lakefront,,Unknown,solo,rec@5:45,recovery,345.0,,,,0,2025,Running_Log_2025.xlsx
2025-03-27,2025,3,86,4,23.8,132.0,332.7731092436975,9.0,5.0,overcast,dry,low,morning,Saucony Endorphin Speed 2,south lakefront,,Unknown,solo,long@5:32,long,332.0,,,,0,2025,Running_Log_2025.xlsx
2025-03-28,2025,3,87,5,6.2,37.0,358.06451612903226,20.0,6.0,cloudy,dry,moderate,afternoon,Saucony Endorphin Speed 2,lakefront,,Unknown,solo,rec@5:58,recovery,358.0,,,,0,2025,Running_Log_2025.xlsx
2025-03-29,2025,3,88,6,8.2,46.0,336.5853658536586,19.0,5.0,cloudy,dry,moderate,afternoon,Saucony Endorphin Speed 2,lakefront,,Unknown,solo,rec@5:36,recovery,336.0,,,,0,2025,Running_Log_2025.xlsx
2025-03-30,2025,3,89,7,6.1,35.0,344.26229508196724,22.0,6.0,cloudy,dry,moderate,afternoon,Saucony Endorphin Speed 2,lakefront,,Unknown,solo,rec@5:44,recovery,344.0,,,,0,2025,Running_Log_2025.xlsx
2025-03-31,2025,3,90,1,8.0,44.0,330.0,7.0,3.0,cloudy,dry,low,morning,Saucony Endorphin Speed 2,east boulder,156.3,Unknown,solo,rec@5:30,recovery,330.0,,,,0,2025,Running_Log_2025.xlsx
2025-04-01,2025,4,91,2,6.0,33.0,330.0,5.0,5.0,overcast,dry,moderate,morning,Saucony Endorphin Speed 2,east boulder,156.3,Unknown,solo,rec@5:30,recovery,330.0,,,,0,2025,Running_Log_2025.xlsx
2025-04-02,2025,4,92,3,7.1,40.0,338.02816901408454,2.0,4.0,cloudy,dry,low,morning,Saucony Endorphin Speed 2,east boulder,155.6,Unknown,solo,rec@5:38,recovery,338.0,,,,0,2025,Running_Log_2025.xlsx
2025-04-03,2025,4,93,4,4.6,26.0,339.13043478260875,3.0,5.0,overcast,dry,low,morning,Saucony Endorphin Speed 2,east boulder,154.5,Unknown,solo,rec@5:39,recovery,339.0,,,,0,2025,Running_Log_2025.xlsx
2025-04-04,2025,4,94,5,24.0,137.0,342.5,1.0,5.0,snow,wet,moderate,afternoon,Saucony Endorphin Speed 2,boulder turnpike,151.6,Unknown,solo,long@5:42,long,342.0,,,,0,2025,Running_Log_2025.xlsx
2025-04-05,2025,4,95,6,4.0,23.0,345.0,2.0,5.0,overcast,dry,low,afternoon,Saucony Endorphin Speed 2,east boulder,,Unknown,solo,rec@5:45,recovery,345.0,,,,0,2025,Running_Log_2025.xlsx
2025-04-06,2025,4,96,7,8.0,46.0,345.0,11.0,4.0,clear,dry,low,morning,Saucony Endorphin Speed 2,east boulder,154.0,Unknown,solo,rec@5:45,recovery,345.0,,,,0,2025,Running_Log_2025.xlsx
2025-04-07,2025,4,97,1,9.0,47.0,313.3333333333333,12.0,4.0,clear,dry,moderate,morning,Adidas Adios Pro 3*,east boulder,153.1,Unknown,solo,"11j, 8000i@4:50, 6j",interval,,8000.0,290.0,interval,0,2025,Running_Log_2025.xlsx
2025-04-08,2025,4,98,2,4.0,22.0,330.0,12.0,5.0,overcast,dry,low,morning,Saucony Endorphin Speed 2,east boulder,155.3,Unknown,solo,rec@5:30,recovery,330.0,,,,0,2025,Running_Log_2025.xlsx
2025-04-09,2025,4,99,3,6.0,33.0,330.0,14.0,5.0,clear,dry,low,morning,Saucony Endorphin Speed 2,east boulder,155.3,Unknown,solo,rec@5:30,recovery,330.0,,,,0,2025,Running_Log_2025.xlsx
2025-04-10,2025,4,100,4,8.0,41.0,307.5,8.0,5.0,clear,dry,low,morning,Adidas Adios Pro 4,east boulder,154.0,Unknown,solo,rec@5:07,recovery,307.0,,,,0,2025,Running_Log_2025.xlsx
2025-04-11,2025,4,101,5,5.6,31.0,332.14285714285717,19.0,5.0,clear,dry,low,morning,Saucony Endorphin Speed 2,east boulder,156.3,Unknown,solo,rec@5:32,recovery,332.0,,,,0,2025,Running_Log_2025.xlsx
2025-04-12,2025,4,102,6,10.6,61.0,345.28301886792457,27.0,4.0,cloudy,dry,low,afternoon,Saucony Endorphin Speed 2,east boulder,152.4,Unknown,solo,rec@5:45,recovery,345.0,,,,0,2025,Running_Log_2025.xlsx
2025-04-13,2025,4,103,7,8.6,49.0,341.8604651162791,18.0,5.0,cloudy,dry,low,afternoon,Saucony Endorphin Speed 2,east boulder,153.5,Unknown,solo,rec@5:41,recovery,341.0,,,,0,2025,Running_Log_2025.xlsx
2025-04-14,2025,4,104,1,8.0,44.0,330.0,6.0,5.0,overcast,dry,low,afternoon,Saucony Endorphin Speed 2,east boulder,154.5,Unknown,solo,rec@5:30,recovery,330.0,,,,0,2025,Running_Log_2025.xlsx
2025-04-15,2025,4,105,2,5.0,28.0,336.0,5.0,5.0,cloudy,dry,low,morning,Saucony Endorphin Speed 2,east boulder,156.3,Unknown,solo,rec@5:36,recovery,336.0,,,,0,2025,Running_Log_2025.xlsx
2025-04-16,2025,4,106,3,4.4,25.0,340.9090909090909,17.0,4.0,clear,dry,low,morning,Saucony Endorphin Speed 2,east boulder,156.3,Unknown,solo,rec@5:40,recovery,340.0,,,,0,2025,Running_Log_2025.xlsx
2025-04-17,2025,4,107,4,5.6,32.0,342.8571428571429,14.0,4.0,clear,dry,low,morning,Saucony Endorphin Speed 2,east boulder,156.3,Unknown,solo,rec@5:42,recovery,342.0,,,,0,2025,Running_Log_2025.xlsx
2025-04-18,2025,4,108,5,5.8,34.0,351.7241379310345,-2.0,5.0,snow,wet,low,morning,Hoka Speedgoat 5,east boulder,157.8,Unknown,solo,rec@5:51,recovery,351.0,,,,0,2025,Running_Log_2025.xlsx
2025-04-19,2025,4,109,6,5.0,28.0,336.0,0.0,5.0,cloudy,dry,low,morning,Adidas Adios Pro 4,east boulder,156.8,Unknown,solo,rec@5:36,recovery,336.0,,,,0,2025,Running_Log_2025.xlsx
2025-04-20,2025,4,110,7,3.0,17.0,340.0,2.0,4.0,clear,dry,low,morning,Saucony Endorphin Speed 2,east boulder,157.8,Unknown,solo,rec@5:40,recovery,340.0,,,,0,2025,Running_Log_2025.xlsx
2025-04-21,2025,4,111,1,26.2,158.0,361.8320610687023,11.0,5.0,clear,dry,low,morning,Adidas Adios Pro 4,boston,,Unknown,solo,42195 race@2:37:48,race,,,,,1,2025,Running_Log_2025.xlsx
2025-04-22,2025,4,112,2,4.0,26.0,390.0,12.0,4.0,clear,dry,low,morning,Saucony Endorphin Speed 2,east boulder,154.5,Unknown,solo,rec@6:30,recovery,390.0,,,,0,2025,Running_Log_2025.xlsx
2025-04-23,2025,4,113,3,4.3,29.0,404.6511627906977,8.0,5.0,clear,dry,low,morning,Saucony Endorphin Speed 2,east boulder,157.8,Unknown,solo,rec@6:44,recovery,404.0,,,,0,2025,Running_Log_2025.xlsx
2025-04-24,2025,4,114,4,5.5,33.0,360.0,11.0,5.0,clear,dry,low,morning,Saucony Endorphin Speed 2,east boulder,157.8,Unknown,solo,rec@6:00,recovery,360.0,,,,0,2025,Running_Log_2025.xlsx
2025-04-25,2025,4,115,5,5.6,33.0,353.5714285714286,5.0,4.0,light rain,wet,low,morning,Saucony Endorphin Speed 2,east boulder,157.8,Unknown,solo,rec@5:53,recovery,353.0,,,,0,2025,Running_Log_2025.xlsx
2025-04-26,2025,4,116,6,5.0,28.0,336.0,7.0,5.0,overcast,dry,low,morning,Saucony Endorphin Speed 2,east boulder,155.3,Unknown,solo,rec@5:36,recovery,336.0,,,,0,2025,Running_Log_2025.xlsx
2025-04-27,2025,4,117,7,8.0,45.0,337.5,23.0,6.0,cloudy,dry,moderate,afternoon,Saucony Endorphin Speed 2,east boulder,153.5,Unknown,solo,rec@5:37,recovery,337.0,,,,0,2025,Running_Log_2025.xlsx
2025-04-28,2025,4,118,1,10.6,63.0,356.6037735849057,15.0,5.0,cloudy,dry,moderate,morning,Saucony Endorphin Speed 2,east boulder,152.2,Unknown,solo,rec@5:56,recovery,356.0,,,,0,2025,Running_Log_2025.xlsx
2025-04-29,2025,4,119,2,6.0,35.0,350.0,7.0,5.0,overcast,dry,low,morning,Saucony Endorphin Speed 2,east boulder,155.3,Unknown,solo,rec@5:50,recovery,350.0,,,,0,2025,Running_Log_2025.xlsx
2025-04-30,2025,4,120,3,5.0,28.0,336.0,14.0,5.0,clear,dry,low,morning,Saucony Endorphin Speed 2,east boulder,155.8,Unknown,solo,rec@5:36,recovery,336.0,,,,0,2025,Running_Log_2025.xlsx
2025-05-01,2025,5,121,4,8.0,46.0,345.0,7.0,4.0,cloudy,dry,low,morning,Saucony Endorphin Speed 2,east boulder,155.9,Unknown,solo,rec@5:45,recovery,345.0,,,,0,2025,Running_Log_2025.xlsx
2025-05-02,2025,5,122,5,20.8,120.0,346.15384615384613,13.0,5.0,clear,dry,moderate,morning,Saucony Endorphin Speed 2,east boulder,152.2,Unknown,solo,long@5:46,long,346.0,,,,0,2025,Running_Log_2025.xlsx
2025-05-03,2025,5,123,6,8.0,47.0,352.5,24.0,6.0,clear,dry,low,afternoon,Saucony Endorphin Speed 2,east boulder,153.5,Unknown,solo,rec@5:52,recovery,352.0,,,,0,2025,Running_Log_2025.xlsx
2025-05-04,2025,5,124,7,8.6,52.0,362.7906976744186,21.0,6.0,cloudy,dry,low,afternoon,Saucony Endorphin Speed 2,east boulder,154.3,Unknown,solo,rec@6:02,recovery,362.0,,,,0,2025,Running_Log_2025.xlsx
2025-05-05,2025,5,125,1,5.0,29.0,348.0,17.0,4.0,cloudy,dry,low,morning,Saucony Endorphin Speed 2,east boulder,154.2,Unknown,solo,rec@5:48,recovery,348.0,,,,0,2025,Running_Log_2025.xlsx
2025-05-06,2025,5,126,2,8.5,46.0,324.70588235294116,8.0,5.0,overcast,wet,low,morning,Adidas Adios Pro 4,east boulder,154.3,Unknown,solo,"11j, 4800i@4:42, 12j",interval,,4800.0,282.0,interval,0,2025,Running_Log_2025.xlsx
2025-05-07,2025,5,127,3,4.0,22.0,330.0,8.0,4.0,heavy rain,wet,moderate,afternoon,Saucony Endorphin Speed 2,east boulder,155.9,Unknown,solo,rec@5:30,recovery,330.0,,,,0,2025,Running_Log_2025.xlsx
2025-05-08,2025,5,128,4,5.6,32.0,342.8571428571429,6.0,4.0,clear,dry,low,morning,Saucony Endorphin Speed 2,east boulder,,Unknown,solo,rec@5:42,recovery,342.0,,,,0,2025,Running_Log_2025.xlsx
2025-05-09,2025,5,129,5,8.0,45.0,337.5,20.0,4.0,clear,dry,moderate,morning,Saucony Endorphin Speed 2,east boulder,153.7,Unknown,solo,rec@5:37,recovery,337.0,,,,0,2025,Running_Log_2025.xlsx
2025-05-10,2025,5,130,6,7.0,39.0,334.2857142857143,24.0,5.0,clear,dry,low,afternoon,Saucony Endorphin Speed 2,east boulder,,Unknown,solo,rec@5:34,recovery,334.0,,,,0,2025,Running_Log_2025.xlsx
2025-05-11,2025,5,131,7,5.5,33.0,360.0,28.0,5.0,clear,dry,low,afternoon,Nike ZoomX Dragonfly,niwot,153.1,Track,solo,"15j, 3218 race@9:49.57, 8j [Frank Shorter Classic]",race,,,,,1,2025,Running_Log_2025.xlsx
2025-05-12,2025,5,132,1,10.0,59.0,354.0,19.0,4.0,cloudy,dry,moderate,afternoon,Saucony Endorphin Speed 2,lakefront,,Unknown,solo,rec@5:54,recovery,354.0,,,,0,2025,Running_Log_2025.xlsx
2025-05-13,2025,5,133,2,9.2,53.0,345.6521739130435,21.0,5.0,cloudy,dry,moderate,afternoon,Saucony Endorphin Speed 2,lakefront,,Unknown,solo,rec@5:45,recovery,345.0,,,,0,2025,Running_Log_2025.xlsx
2025-05-14,2025,5,134,3,8.2,50.0,365.8536585365854,20.0,5.0,cloudy,dry,low,afternoon,Saucony Endorphin Speed 2,lakefront,,Unknown,solo,rec@6:05,recovery,365.0,,,,0,2025,Running_Log_2025.xlsx
2025-05-15,2025,5,135,4,9.2,52.0,339.13043478260875,26.0,6.0,cloudy,dry,moderate,afternoon,Saucony Endorphin Speed 2,lakefront,,Unknown,solo,rec@5:39,recovery,339.0,,,,0,2025,Running_Log_2025.xlsx
2025-05-16,2025,5,136,5,8.2,51.0,373.1707317073171,24.0,5.0,clear,dry,moderate,morning,Saucony Endorphin Speed 2,lakefront,,Unknown,solo,rec@6:13,recovery,373.0,,,,0,2025,Running_Log_2025.xlsx
2025-05-17,2025,5,137,6,5.9,35.0,355.9322033898305,14.0,4.0,overcast,dry,moderate,morning,Saucony Endorphin Speed 2,lakefront,,Unknown,solo,rec@5:55,recovery,355.0,,,,0,2025,Running_Log_2025.xlsx
2025-05-18,2025,5,138,7,5.2,30.0,346.15384615384613,13.0,5.0,clear,dry,low,morning,Saucony Endorphin Speed 2,lakefront,,Unknown,solo,rec@5:46,recovery,346.0,,,,0,2025,Running_Log_2025.xlsx
2025-05-19,2025,5,139,1,9.2,52.0,339.13043478260875,8.0,5.0,cloudy,dry,high,afternoon,Saucony Endorphin Speed 2,lakefront,,Unknown,solo,rec@5:39,recovery,339.0,,,,0,2025,Running_Log_2025.xlsx
2025-05-20,2025,5,140,2,13.8,79.0,343.4782608695652,11.0,5.0,overcast,wet,high,afternoon,Saucony Endorphin Speed 2,south lakefront,,Unknown,solo,rec@5:43,recovery,343.0,,,,0,2025,Running_Log_2025.xlsx
2025-05-21,2025,5,141,3,10.0,59.0,354.0,9.0,5.0,light rain,wet,moderate,morning,Saucony Endorphin Speed 2,lakefront,,Unknown,solo,rec@5:54,recovery,354.0,,,,0,2025,Running_Log_2025.xlsx
2025-05-22,2025,5,142,4,10.0,58.0,348.0,10.0,5.0,overcast,dry,moderate,afternoon,Saucony Endorphin Speed 2,lakefront,,Unknown,solo,rec@5:48,recovery,348.0,,,,0,2025,Running_Log_2025.xlsx
2025-05-23,2025,5,143,5,9.2,50.0,326.0869565217392,13.0,6.0,clear,dry,moderate,afternoon,Saucony Endorphin Speed 2,lakefront,,Unknown,solo,rec@5:26,recovery,326.0,,,,0,2025,Running_Log_2025.xlsx
2025-05-24,2025,5,144,6,8.2,50.0,365.8536585365854,14.0,6.0,clear,dry,moderate,afternoon,Saucony Endorphin Speed 2,lakefront,,Unknown,solo,rec@6:05,recovery,365.0,,,,0,2025,Running_Log_2025.xlsx
2025-05-25,2025,5,145,7,5.9,35.0,355.9322033898305,12.0,5.0,overcast,dry,low,morning,Saucony Endorphin Speed 2,lakefront,,Unknown,solo,rec@5:55,recovery,355.0,,,,0,2025,Running_Log_2025.xlsx
2025-05-26,2025,5,146,1,9.4,47.0,300.0,9.0,4.0,light rain,wet,low,morning,Adidas Adios Pro 4,east boulder,157.5,Unknown,solo,"12j, 10000 race@32:26, 3j [Bolder Boulder]",race,,,,,1,2025,Running_Log_2025.xlsx
2025-05-27,2025,5,147,2,11.2,66.0,353.5714285714286,13.0,5.0,cloudy,dry,low,morning,Saucony Endorphin Speed 2,east boulder,153.7,Unknown,solo,rec@5:53,recovery,353.0,,,,0,2025,Running_Log_2025.xlsx
2025-05-28,2025,5,148,3,10.3,63.0,366.9902912621359,19.0,5.0,cloudy,dry,low,afternoon,Saucony Endorphin Speed 2,boulder creek,153.1,Unknown,solo,rec@6:06,recovery,366.0,,,,0,2025,Running_Log_2025.xlsx
2025-05-29,2025,5,149,4,8.0,44.0,330.0,13.0,5.0,overcast,dry,low,morning,Saucony Endorphin Speed 2,east boulder,154.7,Unknown,solo,rec@5:30,recovery,330.0,,,,0,2025,Running_Log_2025.xlsx
2025-05-30,2025,5,150,5,21.0,124.0,354.2857142857143,25.0,5.0,cloudy,dry,moderate,afternoon,Saucony Endorphin Speed 2,boulder turnpike,151.1,Unknown,solo,long@5:54,long,354.0,,,,0,2025,Running_Log_2025.xlsx
2025-05-31,2025,5,151,6,10.6,64.0,362.26415094339626,24.0,4.0,cloudy,dry,low,afternoon,Saucony Endorphin Speed 2,east boulder,153.1,Unknown,solo,rec@6:02,recovery,362.0,,,,0,2025,Running_Log_2025.xlsx
2025-06-01,2025,6,152,7,11.0,88.0,480.0,23.0,5.0,clear,dry,low,morning,Hoka Speedgoat 5,flagstaff,152.4,Unknown,solo,trail@8:00,trail,480.0,,,,0,2025,Running_Log_2025.xlsx
2025-06-02,2025,6,153,1,10.6,62.0,350.94339622641513,23.0,5.0,cloudy,dry,low,afternoon,Saucony Endorphin Speed 2,east boulder,153.1,Unknown,solo,rec@5:50,recovery,350.0,,,,0,2025,Running_Log_2025.xlsx
2025-06-03,2025,6,154,2,12.4,76.0,367.741935483871,10.0,4.0,light rain,wet,low,afternoon,Saucony Endorphin Speed 2,east boulder,154.7,Unknown,solo,rec@6:07,recovery,367.0,,,,0,2025,Running_Log_2025.xlsx
2025-06-04,2025,6,155,3,7.0,42.0,360.0,12.0,4.0,cloudy,wet,low,morning,Saucony Endorphin Speed 2,east boulder,155.8,Unknown,solo,rec@6:00,recovery,360.0,,,,0,2025,Running_Log_2025.xlsx
2025-06-05,2025,6,156,4,10.6,63.0,356.6037735849057,18.0,4.0,overcast,dry,low,afternoon,Saucony Endorphin Speed 2,east boulder,153.1,Unknown,solo,rec@5:56,recovery,356.0,,,,0,2025,Running_Log_2025.xlsx
2025-06-06,2025,6,157,5,24.0,151.0,377.5,16.0,5.0,overcast,wet,moderate,morning,Saucony Endorphin Speed 4,boulder turnpike,149.6,Unknown,solo,long@6:17,long,377.0,,,,0,2025,Running_Log_2025.xlsx
2025-06-07,2025,6,158,6,8.0,47.0,352.5,25.0,4.0,cloudy,dry,low,afternoon,Saucony Endorphin Speed 4,east boulder,152.4,Unknown,solo,rec@5:52,recovery,352.0,,,,0,2025,Running_Log_2025.xlsx
2025-06-08,2025,6,159,7,6.0,34.0,340.0,25.0,5.0,clear,dry,low,morning,Saucony Endorphin Speed 4,east boulder,153.7,Unknown,solo,rec@5:40,recovery,340.0,,,,0,2025,Running_Log_2025.xlsx
2025-06-09,2025,6,160,1,11.2,189.0,1012.5000000000001,23.0,5.0,clear,dry,low,afternoon,Hoka Speedgoat 5,south boulder peak,151.1,Unknown,solo,trail@16:52,trail,1012.0,,,,0,2025,Running_Log_2025.xlsx
2025-06-10,2025,6,161,2,6.0,35.0,350.0,27.0,5.0,clear,dry,low,morning,Saucony Endorphin Speed 4,east boulder,155.8,Unknown,solo,rec@5:50,recovery,350.0,,,,0,2025,Running_Log_2025.xlsx
2025-06-11,2025,6,162,3,11.2,70.0,375.0,26.0,5.0,clear,dry,low,morning,Saucony Endorphin Speed 4,east boulder,153.0,Unknown,solo,rec@6:15,recovery,375.0,,,,0,2025,Running_Log_2025.xlsx
2025-06-12,2025,6,163,4,6.0,35.0,350.0,27.0,4.0,cloudy,dry,low,morning,Saucony Endorphin Speed 4,east boulder,155.8,Unknown,solo,rec@5:50,recovery,350.0,,,,0,2025,Running_Log_2025.xlsx
2025-06-13,2025,6,164,5,18.1,114.0,377.9005524861878,11.0,4.0,clear,dry,low,morning,Saucony Endorphin Speed 4,magnolia,154.7,Unknown,solo,long@6:17,long,377.0,,,,0,2025,Running_Log_2025.xlsx
2025-06-14,2025,6,165,6,7.0,42.0,360.0,22.0,4.0,clear,dry,low,morning,Saucony Endorphin Speed 4,east boulder,155.8,Unknown,solo,rec@6:00,recovery,360.0,,,,0,2025,Running_Log_2025.xlsx
2025-06-15,2025,6,166,7,10.4,61.0,351.9230769230769,21.0,4.0,clear,dry,low,afternoon,Saucony Endorphin Speed 4,english hill,154.7,Unknown,solo,rec@5:51,recovery,351.0,,,,0,2025,Running_Log_2025.xlsx
2025-06-16,2025,6,167,1,10.4,64.0,369.2307692307692,22.0,5.0,clear,dry,moderate,afternoon,Saucony Endorphin Speed 4,river trail,153.0,Unknown,solo,rec@6:09,recovery,369.0,,,,0,2025,Running_Log_2025.xlsx
2025-06-17,2025,6,168,2,7.1,45.0,380.2816901408451,22.0,6.0,clear,dry,low,afternoon,Saucony Endorphin Speed 4,suburbia,154.6,Unknown,solo,rec@6:20,recovery,380.0,,,,0,2025,Running_Log_2025.xlsx
2025-06-18,2025,6,169,3,9.7,54.0,334.02061855670104,15.0,5.0,cloudy,dry,moderate,late,Nike ZoomX Dragonfly,shoreline,157.2,Track,solo,"25j, 5rec/t, 3000 race@8:48.89, 15j",race,,,,,1,2025,Running_Log_2025.xlsx
2025-06-19,2025,6,170,4,12.7,85.0,401.57480314960634,19.0,4.0,cloudy,dry,moderate,morning,Saucony Endorphin Speed 4,pipeline,152.8,Unknown,solo,trail@6:41,trail,401.0,,,,0,2025,Running_Log_2025.xlsx
2025-06-20,2025,6,171,5,9.7,59.0,364.94845360824746,18.0,6.0,cloudy,dry,low,afternoon,Saucony Endorphin Speed 4,english hill,156.0,Unknown,solo,rec@6:04,recovery,364.0,,,,0,2025,Running_Log_2025.xlsx
2025-06-21,2025,6,172,6,21.8,120.0,330.27522935779814,14.0,5.0,light rain,wet,low,afternoon,Saucony Endorphin Speed 4,lake samm,154.4,Unknown,solo,long@5:30,long,330.0,,,,0,2025,Running_Log_2025.xlsx
2025-06-22,2025,6,173,7,5.5,37.0,403.6363636363636,14.0,5.0,overcast,dry,low,morning,Saucony Endorphin Speed 4,nike>powerline,155.8,Unknown,solo,rec@6:43,recovery,403.0,,,,0,2025,Running_Log_2025.xlsx
2025-06-23,2025,6,174,1,10.0,61.0,366.0,16.0,3.0,overcast,dry,high,afternoon,Saucony Endorphin Speed 4,banff,,Unknown,solo,rec@6:06,recovery,366.0,,,,0,2025,Running_Log_2025.xlsx
2025-06-24,2025,6,175,2,9.7,62.0,383.50515463917526,8.0,5.0,clear,dry,low,morning,Saucony Endorphin Speed 4,banff,,Unknown,solo,rec@6:23,recovery,383.0,,,,0,2025,Running_Log_2025.xlsx
2025-06-25,2025,6,176,3,9.2,58.0,378.26086956521743,11.0,5.0,overcast,wet,low,morning,Saucony Endorphin Speed 4,banff,,Unknown,solo,rec@6:18,recovery,378.0,,,,0,2025,Running_Log_2025.xlsx
2025-06-26,2025,6,177,4,16.2,146.0,540.7407407407408,14.0,4.0,light rain,wet,low,morning,Saucony Endorphin Speed 4,sulphur mountain,,Unknown,solo,trail@9:00,trail,540.0,,,,0,2025,Running_Log_2025.xlsx
2025-06-27,2025,6,178,5,7.5,49.0,392.0,10.0,5.0,light rain,wet,low,morning,Altra Olympus 6,banff,,Unknown,solo,rec@6:32,recovery,392.0,,,,0,2025,Running_Log_2025.xlsx
2025-06-28,2025,6,179,6,11.4,77.0,405.2631578947368,14.0,5.0,overcast,dry,moderate,morning,Altra Olympus 6,banff,,Unknown,solo,rec@6:45,recovery,405.0,,,,0,2025,Running_Log_2025.xlsx
2025-06-29,2025,6,180,7,12.8,76.0,356.25,20.0,5.0,clear,dry,moderate,afternoon,Saucony Endorphin Speed 4,banff,,Unknown,solo,rec@5:56,recovery,356.0,,,,0,2025,Running_Log_2025.xlsx
2025-06-30,2025,6,181,1,24.0,145.0,362.5,21.0,5.0,clear,dry,low,morning,Saucony Endorphin Speed 4,banff,,Unknown,solo,long@6:02,long,362.0,,,,0,2025,Running_Log_2025.xlsx
2025-07-01,2025,7,182,2,8.4,55.0,392.85714285714283,13.0,4.0,clear,dry,low,morning,Saucony Endorphin Speed 4,banff,,Unknown,solo,rec@6:32,recovery,392.0,,,,0,2025,Running_Log_2025.xlsx
2025-07-02,2025,7,183,3,5.2,42.0,484.6153846153846,15.0,4.0,clear,dry,low,morning,Saucony Endorphin Speed 4,tunnel mountain,,Unknown,solo,trail@8:04,trail,484.0,,,,0,2025,Running_Log_2025.xlsx
2025-07-03,2025,7,184,4,10.9,69.0,379.8165137614679,14.0,5.0,clear,dry,low,morning,Saucony Endorphin Speed 4,banff,,Unknown,solo,rec@6:19,recovery,379.0,,,,0,2025,Running_Log_2025.xlsx
2025-07-04,2025,7,185,5,6.0,39.0,390.0,12.0,5.0,clear,dry,low,morning,Altra Olympus 6,banff,,Unknown,solo,rec@6:30,recovery,390.0,,,,0,2025,Running_Log_2025.xlsx
2025-07-05,2025,7,186,6,9.0,55.0,366.6666666666667,12.0,5.0,clear,dry,low,morning,Saucony Endorphin Speed 4,banff,,Unknown,solo,rec@6:06,recovery,366.0,,,,0,2025,Running_Log_2025.xlsx
2025-07-06,2025,7,187,7,13.3,86.0,387.96992481203006,17.0,4.0,cloudy,dry,moderate,afternoon,Saucony Endorphin Speed 4,banff,,Unknown,solo,rec@6:27,recovery,387.0,,,,0,2025,Running_Log_2025.xlsx
2025-07-07,2025,7,188,1,22.8,219.0,576.3157894736842,16.0,5.0,clear,muddy,low,morning,Altra Olympus 6,banff,,Unknown,solo,trail@9:36,trail,576.0,,,,0,2025,Running_Log_2025.xlsx
2025-07-08,2025,7,189,2,12.8,80.0,375.0,18.0,4.0,clear,dry,low,morning,Saucony Endorphin Speed 4,banff,,Unknown,solo,rec@6:15,recovery,375.0,,,,0,2025,Running_Log_2025.xlsx
2025-07-09,2025,7,190,3,7.6,49.0,386.8421052631579,21.0,5.0,overcast,dry,low,morning,Saucony Endorphin Speed 4,banff,,Unknown,solo,rec@6:26,recovery,386.0,,,,0,2025,Running_Log_2025.xlsx
2025-07-10,2025,7,191,4,5.8,34.0,351.7241379310345,11.0,5.0,light rain,wet,low,morning,Saucony Endorphin Speed 4,banff,,Unknown,solo,rec@5:51,recovery,351.0,,,,0,2025,Running_Log_2025.xlsx
2025-07-11,2025,7,192,5,15.2,99.0,390.7894736842105,18.0,6.0,cloudy,dry,moderate,afternoon,Saucony Endorphin Speed 4,banff,,Unknown,solo,rec@6:30,recovery,390.0,,,,0,2025,Running_Log_2025.xlsx
2025-07-12,2025,7,193,6,9.0,54.0,360.0,22.0,4.0,cloudy,dry,low,afternoon,Saucony Endorphin Speed 4,banff,,Unknown,solo,rec@6:00,recovery,360.0,,,,0,2025,Running_Log_2025.xlsx
2025-07-13,2025,7,194,7,28.8,230.0,479.16666666666663,24.0,5.0,cloudy,dry,moderate,afternoon,Altra Olympus 6,round rundle,,Unknown,solo,trail@7:59,trail,479.0,,,,0,2025,Running_Log_2025.xlsx
2025-07-14,2025,7,195,1,9.8,64.0,391.83673469387753,12.0,5.0,light rain,wet,moderate,afternoon,Saucony Endorphin Speed 4,banff,,Unknown,solo,rec@6:31,recovery,391.0,,,,0,2025,Running_Log_2025.xlsx
2025-07-15,2025,7,196,2,5.8,38.0,393.1034482758621,9.0,4.0,light rain,wet,low,morning,Saucony Endorphin Speed 4,banff,,Unknown,solo,rec@6:33,recovery,393.0,,,,0,2025,Running_Log_2025.xlsx
2025-07-16,2025,7,197,3,12.3,305.0,1487.8048780487804,22.0,5.0,clear,dry,low,afternoon,Altra Olympus 6,mount rundle,,Unknown,solo,trail@24:47,trail,1487.0,,,,0,2025,Running_Log_2025.xlsx
2025-07-17,2025,7,198,4,8.3,54.0,390.3614457831325,12.0,4.0,overcast,wet,low,morning,Saucony Endorphin Speed 4,banff,,Unknown,solo,rec@6:30,recovery,390.0,,,,0,2025,Running_Log_2025.xlsx
2025-07-18,2025,7,199,5,15.0,96.0,384.0,17.0,5.0,cloudy,dry,low,afternoon,Saucony Endorphin Speed 4,banff,,Unknown,solo,rec@6:24,recovery,384.0,,,,0,2025,Running_Log_2025.xlsx
2025-07-19,2025,7,200,6,5.2,35.0,403.8461538461538,12.0,5.0,cloudy,muddy,low,morning,Saucony Endorphin Speed 4,banff,,Unknown,solo,rec@6:43,recovery,403.0,,,,0,2025,Running_Log_2025.xlsx
2025-07-20,2025,7,201,7,23.7,347.0,878.4810126582279,15.0,6.0,light rain,muddy,low,afternoon,Altra Olympus 6,banff,,Unknown,solo,trail@14:38,trail,878.0,,,,0,2025,Running_Log_2025.xlsx
2025-07-21,2025,7,202,1,13.9,97.0,418.705035971223,13.0,5.0,overcast,dry,low,morning,Saucony Endorphin Speed 4,banff,,Unknown,solo,rec@6:58,recovery,418.0,,,,0,2025,Running_Log_2025.xlsx
2025-07-22,2025,7,203,2,11.2,73.0,391.0714285714286,10.0,5.0,light rain,wet,low,afternoon,Saucony Endorphin Speed 4,banff,,Unknown,solo,trail@6:31,trail,391.0,,,,0,2025,Running_Log_2025.xlsx
2025-07-23,2025,7,204,3,14.7,111.0,453.06122448979596,18.0,5.0,overcast,wet,low,afternoon,Altra Olympus 6,tunnel mountain,,Unknown,solo,trail@7:33,trail,453.0,,,,0,2025,Running_Log_2025.xlsx
2025-07-24,2025,7,205,4,5.8,37.0,382.7586206896552,15.0,5.0,cloudy,dry,moderate,morning,Saucony Endorphin Speed 4,banff,,Unknown,solo,rec@6:22,recovery,382.0,,,,0,2025,Running_Log_2025.xlsx
2025-07-25,2025,7,206,5,22.6,307.0,815.0442477876105,15.0,4.0,cloudy,dry,moderate,morning,Altra Olympus 6,cascade mountain,,Unknown,solo,trail@13:35,trail,815.0,,,,0,2025,Running_Log_2025.xlsx
2025-07-26,2025,7,207,6,11.7,73.0,374.35897435897436,10.0,5.0,overcast,wet,low,morning,Saucony Endorphin Speed 4,banff,,Unknown,solo,rec@6:14,recovery,374.0,,,,0,2025,Running_Log_2025.xlsx
2025-07-27,2025,7,208,7,7.6,45.0,355.2631578947369,24.0,2.0,clear,dry,low,late,Saucony Endorphin Speed 4,east boulder,,Unknown,solo,rec@5:55,recovery,355.0,,,,0,2025,Running_Log_2025.xlsx
2025-07-28,2025,7,209,1,10.3,67.0,390.2912621359223,30.0,4.0,clear,dry,low,morning,Saucony Endorphin Speed 4,boulder creek,153.6,Unknown,solo,rec@6:30,recovery,390.0,,,,0,2025,Running_Log_2025.xlsx
2025-07-29,2025,7,210,2,8.7,53.0,365.51724137931035,27.0,4.0,overcast,dry,moderate,afternoon,Saucony Endorphin Speed 4,longmont,,Unknown,solo,rec@6:05,recovery,365.0,,,,0,2025,Running_Log_2025.xlsx
2025-07-30,2025,7,211,3,3.8,23.0,363.15789473684214,17.0,4.0,clear,dry,moderate,morning,Saucony Endorphin Speed 4,longmont,,Unknown,solo,rec@6:03,recovery,363.0,,,,0,2025,Running_Log_2025.xlsx
2025-07-31,2025,7,212,4,10.2,61.0,358.82352941176475,22.0,5.0,smoky,dry,moderate,afternoon,Saucony Endorphin Speed 4,lakefront,,Unknown,solo,rec@5:58,recovery,358.0,,,,0,2025,Running_Log_2025.xlsx
2025-08-01,2025,8,213,5,6.8,41.0,361.7647058823529,22.0,5.0,cloudy,dry,moderate,afternoon,Saucony Endorphin Speed 4,lakefront,153.6,Unknown,solo,rec@6:01,recovery,361.0,,,,0,2025,Running_Log_2025.xlsx
2025-08-02,2025,8,214,6,7.8,46.0,353.84615384615387,24.0,5.0,clear,dry,low,afternoon,Saucony Endorphin Speed 4,lakefront,153.6,Unknown,solo,rec@5:53,recovery,353.0,,,,0,2025,Running_Log_2025.xlsx
2025-08-03,2025,8,215,7,7.8,46.0,353.84615384615387,25.0,5.0,clear,dry,low,afternoon,Saucony Endorphin Speed 4,lakefront,154.3,Unknown,solo,rec@5:53,recovery,353.0,,,,0,2025,Running_Log_2025.xlsx
2025-08-04,2025,8,216,1,6.9,41.0,356.52173913043475,22.0,5.0,cloudy,dry,low,morning,Saucony Endorphin Speed 4,lakefront,154.3,Unknown,solo,rec@5:56,recovery,356.0,,,,0,2025,Running_Log_2025.xlsx
2025-08-05,2025,8,217,2,6.6,39.0,354.54545454545456,24.0,5.0,clear,dry,low,morning,Saucony Endorphin Speed 4,lakefront,154.3,Unknown,solo,rec@5:54,recovery,354.0,,,,0,2025,Running_Log_2025.xlsx
2025-08-06,2025,8,218,3,7.3,43.0,353.4246575342466,25.0,5.0,clear,dry,low,morning,Saucony Endorphin Speed 4,lakefront,154.3,Unknown,solo,rec@5:53,recovery,353.0,,,,0,2025,Running_Log_2025.xlsx
2025-08-07,2025,8,219,4,5.6,34.0,364.28571428571433,28.0,4.0,clear,dry,low,morning,Saucony Endorphin Speed 4,lakefront,156.0,Unknown,solo,rec@6:04,recovery,364.0,,,,0,2025,Running_Log_2025.xlsx
2025-08-08,2025,8,220,5,11.8,67.0,340.6779661016949,29.0,5.0,clear,dry,moderate,morning,Adidas Adios Pro 3*,montrose track,153.0,Track,solo,"20j, 5000f@4:42, 20j",fartlek,,5000.0,282.0,fartlek,0,2025,Running_Log_2025.xlsx
2025-08-09,2025,8,221,6,8.0,48.0,360.0,34.0,5.0,clear,dry,low,afternoon,Saucony Endorphin Speed 4,lakefront,153.6,Unknown,solo,rec@6:00,recovery,360.0,,,,0,2025,Running_Log_2025.xlsx
2025-08-10,2025,8,222,7,8.3,49.0,354.2168674698795,33.0,5.0,cloudy,dry,low,afternoon,Saucony Endorphin Speed 4,lakefront,153.6,Unknown,solo,rec@5:54,recovery,354.0,,,,0,2025,Running_Log_2025.xlsx
2025-08-11,2025,8,223,1,5.2,30.0,346.15384615384613,26.0,5.0,cloudy,dry,low,morning,Saucony Endorphin Speed 4,lakefront,155.4,Unknown,solo,rec@5:46,recovery,346.0,,,,0,2025,Running_Log_2025.xlsx
2025-08-12,2025,8,224,2,6.1,36.0,354.09836065573774,26.0,5.0,cloudy,wet,low,morning,Saucony Endorphin Speed 4,lakefront,156.7,Unknown,solo,rec@5:54,recovery,354.0,,,,0,2025,Running_Log_2025.xlsx
2025-08-13,2025,8,225,3,7.3,41.0,336.98630136986304,25.0,5.0,clear,dry,moderate,morning,Saucony Endorphin Speed 4,lakefront,156.7,Unknown,solo,rec@5:36,recovery,336.0,,,,0,2025,Running_Log_2025.xlsx
2025-08-14,2025,8,226,4,21.2,117.0,331.1320754716981,24.0,5.0,clear,dry,moderate,morning,Saucony Endorphin Speed 4,south lakefront,151.7,Unknown,solo,long@5:31,long,331.0,,,,0,2025,Running_Log_2025.xlsx
2025-08-15,2025,8,227,5,7.2,43.0,358.3333333333333,25.0,5.0,cloudy,dry,low,morning,Saucony Endorphin Speed 4,lakefront,155.4,Unknown,solo,rec@5:58,recovery,358.0,,,,0,2025,Running_Log_2025.xlsx
2025-08-16,2025,8,228,6,6.0,34.0,340.0,29.0,5.0,clear,dry,low,morning,Saucony Endorphin Speed 4,lakefront,156.7,Unknown,solo,rec@5:40,recovery,340.0,,,,0,2025,Running_Log_2025.xlsx
2025-08-17,2025,8,229,7,8.0,46.0,345.0,27.0,5.0,clear,dry,low,afternoon,Saucony Endorphin Speed 4,lakefront,155.4,Unknown,solo,rec@5:45,recovery,345.0,,,,0,2025,Running_Log_2025.xlsx
2025-08-18,2025,8,230,1,7.5,44.0,352.0,23.0,4.0,overcast,wet,moderate,morning,Saucony Endorphin Speed 4,lakefront,156.7,Unknown,solo,rec@5:52,recovery,352.0,,,,0,2025,Running_Log_2025.xlsx
2025-08-19,2025,8,231,2,13.1,75.0,343.5114503816794,23.0,4.0,overcast,wet,low,morning,Adidas Adios Pro 3*,montrose track,153.9,Track,solo,"20j, 7600i@4:55, 22j",interval,,7600.0,295.0,interval,0,2025,Running_Log_2025.xlsx
2025-08-20,2025,8,232,3,7.7,46.0,358.4415584415584,23.0,5.0,overcast,wet,high,morning,Saucony Endorphin Speed 4,lakefront,153.9,Unknown,solo,rec@5:58,recovery,358.0,,,,0,2025,Running_Log_2025.xlsx
2025-08-21,2025,8,233,4,5.6,33.0,353.5714285714286,23.0,4.0,overcast,dry,low,morning,Saucony Endorphin Speed 4,williamsburg,,Unknown,solo,rec@5:53,recovery,353.0,,,,0,2025,Running_Log_2025.xlsx
2025-08-22,2025,8,234,5,7.8,47.0,361.53846153846155,24.0,5.0,clear,dry,low,morning,Saucony Endorphin Speed 4,williamsburg,,Unknown,solo,rec@6:01,recovery,361.0,,,,0,2025,Running_Log_2025.xlsx
2025-08-23,2025,8,235,6,9.8,60.0,367.3469387755102,24.0,5.0,clear,dry,low,morning,Saucony Endorphin Speed 4,williamsburg,,Unknown,solo,rec@6:07,recovery,367.0,,,,0,2025,Running_Log_2025.xlsx
2025-08-24,2025,8,236,7,7.0,43.0,368.57142857142856,21.0,5.0,cloudy,dry,low,morning,Saucony Endorphin Speed 4,williamsburg,,Unknown,solo,rec@6:08,recovery,368.0,,,,0,2025,Running_Log_2025.xlsx
2025-08-25,2025,8,237,1,7.2,39.0,325.0,15.0,4.0,cloudy,dry,low,morning,Saucony Endorphin Speed 4,lakefront,,Unknown,solo,rec@5:25,recovery,325.0,,,,0,2025,Running_Log_2025.xlsx
2025-08-26,2025,8,238,2,8.0,46.0,345.0,17.0,5.0,clear,dry,low,morning,Saucony Endorphin Speed 4,lakefront,156.7,Unknown,solo,rec@5:45,recovery,345.0,,,,0,2025,Running_Log_2025.xlsx
2025-08-27,2025,8,239,3,6.0,36.0,360.0,19.0,4.0,cloudy,dry,low,morning,Saucony Endorphin Speed 4,lakefront,159.2,Unknown,solo,rec@6:00,recovery,360.0,,,,0,2025,Running_Log_2025.xlsx
2025-08-28,2025,8,240,4,7.0,41.0,351.42857142857144,18.0,4.0,cloudy,wet,low,morning,Saucony Endorphin Speed 4,lakefront,157.8,Unknown,solo,rec@5:51,recovery,351.0,,,,0,2025,Running_Log_2025.xlsx
2025-08-29,2025,8,241,5,24.2,145.0,359.504132231405,19.0,5.0,cloudy,dry,moderate,afternoon,Saucony Endorphin Speed 4,south lakefront,150.9,Unknown,solo,long@5:59,long,359.0,,,,0,2025,Running_Log_2025.xlsx
2025-08-30,2025,8,242,6,6.0,36.0,360.0,20.0,5.0,cloudy,dry,low,morning,Saucony Endorphin Speed 4,lakefront,156.4,Unknown,solo,rec@6:00,recovery,360.0,,,,0,2025,Running_Log_2025.xlsx
2025-08-31,2025,8,243,7,8.0,47.0,352.5,23.0,6.0,clear,dry,low,afternoon,Saucony Endorphin Speed 4,lakefront,155.4,Unknown,solo,rec@5:52,recovery,352.0,,,,0,2025,Running_Log_2025.xlsx
2025-09-01,2025,9,244,1,5.2,30.0,346.15384615384613,24.0,5.0,clear,dry,low,afternoon,Saucony Endorphin Speed 4,lakefront,157.1,Unknown,solo,rec@5:46,recovery,346.0,,,,0,2025,Running_Log_2025.xlsx
2025-09-02,2025,9,245,2,9.6,54.0,337.5,20.0,3.0,clear,dry,low,morning,Adidas Adios Pro 3*,montrose track,156.5,Track,solo,"20j, 3400i@4:55, 20j",interval,,3400.0,295.0,interval,0,2025,Running_Log_2025.xlsx
2025-09-03,2025,9,246,3,7.0,42.0,360.0,21.0,5.0,overcast,dry,low,morning,Saucony Endorphin Speed 4,lakefront,155.4,Unknown,solo,rec@6:00,recovery,360.0,,,,0,2025,Running_Log_2025.xlsx
2025-09-04,2025,9,247,4,9.4,54.0,344.6808510638298,13.0,4.0,cloudy,dry,moderate,morning,Saucony Endorphin Speed 4,lakefront,155.4,Unknown,solo,rec@5:44,recovery,344.0,,,,0,2025,Running_Log_2025.xlsx
2025-09-05,2025,9,248,5,5.0,30.0,360.0,17.0,5.0,cloudy,dry,moderate,morning,Saucony Endorphin Speed 4,lakefront,158.0,Unknown,solo,rec@6:00,recovery,360.0,,,,0,2025,Running_Log_2025.xlsx
2025-09-06,2025,9,249,6,15.8,85.0,322.7848101265823,12.0,3.0,clear,dry,low,morning,Adidas Adios Pro 4,downtown chicago,157.1,Unknown,solo,"27j, 10000 race@31:57, 26j [Run Mag Mile]",race,,,,,1,2025,Running_Log_2025.xlsx
2025-09-07,2025,9,250,7,8.0,47.0,352.5,19.0,6.0,cloudy,dry,low,afternoon,Saucony Endorphin Speed 4,lakefront,157.1,Unknown,solo,rec@5:52,recovery,352.0,,,,0,2025,Running_Log_2025.xlsx
2025-09-08,2025,9,251,1,8.0,48.0,360.0,13.0,4.0,clear,dry,low,morning,Saucony Endorphin Speed 4,lakefront,156.4,Unknown,solo,rec@6:00,recovery,360.0,,,,0,2025,Running_Log_2025.xlsx
2025-09-09,2025,9,252,2,9.3,54.0,348.38709677419354,18.0,5.0,clear,dry,moderate,morning,Saucony Endorphin Speed 4,lakefront,155.4,Unknown,solo,rec@5:48,recovery,348.0,,,,0,2025,Running_Log_2025.xlsx
2025-09-10,2025,9,253,3,6.3,38.0,361.9047619047619,21.0,4.0,clear,dry,low,morning,Saucony Endorphin Speed 4,lakefront,156.4,Unknown,solo,rec@6:01,recovery,361.0,,,,0,2025,Running_Log_2025.xlsx
2025-09-11,2025,9,254,4,16.2,93.0,344.44444444444446,24.0,5.0,clear,dry,moderate,afternoon,Saucony Endorphin Speed 4,south lakefront,152.4,Unknown,solo,long@5:44,long,344.0,,,,0,2025,Running_Log_2025.xlsx
2025-09-12,2025,9,255,5,4.5,27.0,360.0,21.0,4.0,cloudy,dry,low,morning,Saucony Endorphin Speed 4,lakefront,,Unknown,solo,rec@6:00,recovery,360.0,,,,0,2025,Running_Log_2025.xlsx
2025-09-13,2025,9,256,6,6.5,37.0,341.53846153846155,18.0,5.0,cloudy,wet,moderate,morning,Saucony Endorphin Speed 4,lakefront,157.1,Unknown,solo,rec@5:41,recovery,341.0,,,,0,2025,Running_Log_2025.xlsx
2025-09-14,2025,9,257,7,10.2,59.0,347.05882352941177,26.0,6.0,clear,dry,low,afternoon,Saucony Endorphin Speed 4,lakefront,152.4,Unknown,solo,rec@5:47,recovery,347.0,,,,0,2025,Running_Log_2025.xlsx
2025-09-15,2025,9,258,1,6.0,35.0,350.0,22.0,4.0,clear,dry,low,morning,Saucony Endorphin Speed 4,lakefront,154.8,Unknown,solo,rec@5:50,recovery,350.0,,,,0,2025,Running_Log_2025.xlsx
2025-09-16,2025,9,259,2,13.6,78.0,344.11764705882354,21.0,3.0,clear,dry,low,morning,Adidas Adios Pro 3*,montrose track,153.4,Track,solo,"20j, 8400i@4:54, 22j",interval,,8400.0,294.0,interval,0,2025,Running_Log_2025.xlsx
2025-09-17,2025,9,260,3,7.4,44.0,356.7567567567567,22.0,5.0,clear,dry,low,morning,Saucony Endorphin Speed 4,lakefront,153.7,Unknown,solo,rec@5:56,recovery,356.0,,,,0,2025,Running_Log_2025.xlsx
2025-09-18,2025,9,261,4,6.0,36.0,360.0,22.0,5.0,clear,dry,low,morning,Saucony Endorphin Speed 4,lakefront,155.5,Unknown,solo,rec@6:00,recovery,360.0,,,,0,2025,Running_Log_2025.xlsx
2025-09-19,2025,9,262,5,24.2,145.0,359.504132231405,23.0,4.0,clear,dry,low,morning,Saucony Endorphin Speed 4,south lakefront,150.0,Unknown,solo,long@5:59,long,359.0,,,,0,2025,Running_Log_2025.xlsx
2025-09-20,2025,9,263,6,7.1,42.0,354.92957746478874,23.0,5.0,clear,dry,low,morning,Saucony Endorphin Speed 4,lakefront,154.8,Unknown,solo,rec@5:54,recovery,354.0,,,,0,2025,Running_Log_2025.xlsx
2025-09-21,2025,9,264,7,10.2,62.0,364.7058823529412,26.0,5.0,clear,dry,moderate,afternoon,Saucony Endorphin Speed 4,lakefront,,Unknown,solo,rec@6:04,recovery,364.0,,,,0,2025,Running_Log_2025.xlsx
2025-09-22,2025,9,265,1,8.0,48.0,360.0,27.0,4.0,cloudy,dry,low,afternoon,Saucony Endorphin Speed 4,lakefront,153.7,Unknown,solo,rec@6:00,recovery,360.0,,,,0,2025,Running_Log_2025.xlsx
2025-09-23,2025,9,266,2,7.0,41.0,351.42857142857144,21.0,5.0,overcast,dry,low,morning,Saucony Endorphin Speed 4,lakefront,155.5,Unknown,solo,rec@5:51,recovery,351.0,,,,0,2025,Running_Log_2025.xlsx
2025-09-24,2025,9,267,3,7.5,45.0,360.0,21.0,5.0,clear,dry,low,morning,Saucony Endorphin Speed 4,lakefront,156.8,Unknown,solo,rec@6:00,recovery,360.0,,,,0,2025,Running_Log_2025.xlsx
2025-09-25,2025,9,268,4,24.2,141.0,349.58677685950414,18.0,4.0,cloudy,dry,moderate,morning,Saucony Endorphin Speed 4,south lakefront,152.1,Unknown,solo,long@5:49,long,349.0,,,,0,2025,Running_Log_2025.xlsx
2025-09-26,2025,9,269,5,6.2,39.0,377.4193548387097,19.0,5.0,clear,dry,low,morning,Saucony Endorphin Speed 4,lakefront,156.1,Unknown,solo,rec@6:17,recovery,377.0,,,,0,2025,Running_Log_2025.xlsx
2025-09-27,2025,9,270,6,8.0,47.0,352.5,31.0,5.0,clear,dry,low,afternoon,Saucony Endorphin Speed 4,lakefront,154.3,Unknown,solo,rec@5:52,recovery,352.0,,,,0,2025,Running_Log_2025.xlsx
2025-09-28,2025,9,271,7,10.2,61.0,358.82352941176475,24.0,5.0,clear,dry,low,afternoon,Saucony Endorphin Speed 4,lakefront,152.7,Unknown,solo,rec@5:58,recovery,358.0,,,,0,2025,Running_Log_2025.xlsx
2025-09-29,2025,9,272,1,5.4,32.0,355.55555555555554,21.0,4.0,clear,dry,low,morning,Saucony Endorphin Speed 4,lakefront,154.3,Unknown,solo,rec@5:55,recovery,355.0,,,,0,2025,Running_Log_2025.xlsx
2025-09-30,2025,9,273,2,8.0,48.0,360.0,23.0,5.0,clear,dry,low,morning,Saucony Endorphin Speed 4,lakefront,154.8,Unknown,solo,rec@6:00,recovery,360.0,,,,0,2025,Running_Log_2025.xlsx
2025-10-01,2025,10,274,3,7.2,44.0,366.6666666666667,21.0,5.0,clear,dry,moderate,morning,Saucony Endorphin Speed 4,lakefront,156.1,Unknown,solo,rec@6:06,recovery,366.0,,,,0,2025,Running_Log_2025.xlsx
2025-10-02,2025,10,275,4,7.0,41.0,351.42857142857144,19.0,4.0,clear,dry,low,morning,Saucony Endorphin Speed 4,lakefront,156.8,Unknown,solo,rec@5:51,recovery,351.0,,,,0,2025,Running_Log_2025.xlsx
2025-10-03,2025,10,276,5,8.0,47.0,352.5,22.0,5.0,clear,dry,low,morning,Saucony Endorphin Speed 4,lakefront,155.5,Unknown,solo,rec@5:52,recovery,352.0,,,,0,2025,Running_Log_2025.xlsx
2025-10-04,2025,10,277,6,5.0,28.0,336.0,25.0,5.0,clear,dry,low,morning,Saucony Endorphin Speed 4,lakefront,156.8,Unknown,solo,rec@5:36,recovery,336.0,,,,0,2025,Running_Log_2025.xlsx
2025-10-05,2025,10,278,7,10.2,59.0,347.05882352941177,28.0,5.0,clear,dry,moderate,afternoon,Saucony Endorphin Speed 4,lakefront,152.1,Unknown,solo,rec@5:47,recovery,347.0,,,,0,2025,Running_Log_2025.xlsx
2025-10-06,2025,10,279,1,6.4,39.0,365.625,22.0,4.0,clear,dry,moderate,morning,Saucony Endorphin Speed 4,lakefront,155.8,Unknown,solo,rec@6:05,recovery,365.0,,,,0,2025,Running_Log_2025.xlsx
2025-10-07,2025,10,280,2,7.0,42.0,360.0,16.0,5.0,light rain,wet,moderate,morning,Saucony Endorphin Speed 4,lakefront,155.5,Unknown,solo,rec@6:00,recovery,360.0,,,,0,2025,Running_Log_2025.xlsx
2025-10-08,2025,10,281,3,4.4,26.0,354.5454545454545,16.0,5.0,cloudy,dry,moderate,morning,Saucony Endorphin Speed 4,lakefront,157.2,Unknown,solo,rec@5:54,recovery,354.0,,,,0,2025,Running_Log_2025.xlsx
2025-10-09,2025,10,282,4,4.5,28.0,373.3333333333333,13.0,5.0,clear,dry,moderate,morning,Saucony Endorphin Speed 4,lakefront,156.1,Unknown,solo,rec@6:13,recovery,373.0,,,,0,2025,Running_Log_2025.xlsx
2025-10-10,2025,10,283,5,4.5,28.0,373.3333333333333,19.0,5.0,overcast,dry,moderate,afternoon,Saucony Endorphin Speed 4,lakefront,153.1,Unknown,solo,rec@6:13,recovery,373.0,,,,0,2025,Running_Log_2025.xlsx
2025-10-11,2025,10,284,6,3.6,28.0,466.66666666666663,18.0,5.0,overcast,dry,low,afternoon,Saucony Endorphin Speed 4,lakefront,154.8,Unknown,Maddy,rec@7:46,recovery,466.0,,,,0,2025,Running_Log_2025.xlsx
2025-10-12,2025,10,285,7,26.2,153.0,350.381679389313,14.0,3.0,clear,dry,low,morning,Adidas Adios Pro 4,downtown chicago,150.6,Unknown,solo,42195 race@2:33:01 [Chicago Marathon],race,,,,,1,2025,Running_Log_2025.xlsx
2025-10-13,2025,10,286,1,4.5,31.0,413.3333333333333,16.0,5.0,overcast,dry,low,morning,Saucony Endorphin Speed 4,lakefront,154.7,Unknown,solo,rec@6:53,recovery,413.0,,,,0,2025,Running_Log_2025.xlsx
2025-10-14,2025,10,287,2,5.0,32.0,384.0,18.0,5.0,cloudy,dry,moderate,morning,Saucony Endorphin Speed 4,lakefront,155.3,Unknown,solo,rec@6:24,recovery,384.0,,,,0,2025,Running_Log_2025.xlsx
2025-10-15,2025,10,288,3,5.0,30.0,360.0,14.0,5.0,light rain,wet,moderate,morning,Saucony Endorphin Speed 4,lakefront,158.1,Unknown,solo,rec@6:00,recovery,360.0,,,,0,2025,Running_Log_2025.xlsx
2025-10-16,2025,10,289,4,6.8,42.0,370.5882352941177,15.0,4.0,clear,dry,moderate,morning,Saucony Endorphin Speed 4,lakefront,156.2,Unknown,solo,rec@6:10,recovery,370.0,,,,0,2025,Running_Log_2025.xlsx
2025-10-17,2025,10,290,5,8.0,47.0,352.5,22.0,5.0,clear,dry,moderate,afternoon,Saucony Endorphin Speed 4*,lakefront,152.1,Unknown,solo,rec@5:52,recovery,352.0,,,,0,2025,Running_Log_2025.xlsx
2025-10-18,2025,10,291,6,6.2,38.0,367.741935483871,19.0,5.0,clear,wet,moderate,morning,Saucony Endorphin Speed 4*,lakefront,152.9,Unknown,solo,rec@6:07,recovery,367.0,,,,0,2025,Running_Log_2025.xlsx
2025-10-19,2025,10,292,7,10.0,58.0,348.0,14.0,5.0,cloudy,dry,moderate,afternoon,Saucony Endorphin Speed 4*,lakefront,152.9,Unknown,solo,rec@5:48,recovery,348.0,,,,0,2025,Running_Log_2025.xlsx
2025-10-20,2025,10,293,1,6.0,35.0,350.0,8.0,4.0,clear,dry,low,morning,Saucony Endorphin Speed 4*,lakefront,153.4,Unknown,solo,rec@5:50,recovery,350.0,,,,0,2025,Running_Log_2025.xlsx
2025-10-21,2025,10,294,2,10.4,61.0,351.9230769230769,10.0,4.0,cloudy,wet,moderate,morning,Saucony Endorphin Speed 4*,montrose track,153.4,Track,solo,"20j, 4000f@4:52, 21j",fartlek,,4000.0,292.0,fartlek,0,2025,Running_Log_2025.xlsx
2025-10-22,2025,10,295,3,8.0,46.0,345.0,10.0,5.0,overcast,dry,moderate,afternoon,Saucony Endorphin Speed 4*,lakefront,154.0,Unknown,solo,rec@5:45,recovery,345.0,,,,0,2025,Running_Log_2025.xlsx
2025-10-23,2025,10,296,4,5.3,31.0,350.94339622641513,6.0,5.0,clear,dry,moderate,morning,Saucony Endorphin Speed 4*,lakefront,154.8,Unknown,solo,rec@5:50,recovery,350.0,,,,0,2025,Running_Log_2025.xlsx
2025-10-24,2025,10,297,5,4.2,25.0,357.1428571428571,4.0,4.0,clear,dry,low,morning,Saucony Endorphin Speed 4*,lakefront,154.8,Unknown,solo,rec@5:57,recovery,357.0,,,,0,2025,Running_Log_2025.xlsx
2025-10-25,2025,10,298,6,8.4,49.0,350.0,12.0,6.0,cloudy,dry,low,afternoon,Adidas Adios Pro 4,lakefront,152.7,Unknown,solo,"22j, 5000 race@15:48, 11j [Will Run For Beer]",race,,,,,1,2025,Running_Log_2025.xlsx
2025-10-26,2025,10,299,7,10.0,60.0,360.0,15.0,6.0,clear,dry,moderate,afternoon,Saucony Endorphin Speed 4*,lakefront,152.1,Unknown,solo,rec@6:00,recovery,360.0,,,,0,2025,Running_Log_2025.xlsx
2025-10-27,2025,10,300,1,4.7,27.0,344.6808510638298,11.0,4.0,clear,dry,high,morning,Saucony Endorphin Speed 4*,lakefront,154.0,Unknown,solo,rec@5:44,recovery,344.0,,,,0,2025,Running_Log_2025.xlsx
2025-10-28,2025,10,301,2,5.0,30.0,360.0,12.0,5.0,cloudy,dry,moderate,morning,Saucony Endorphin Speed 4*,lakefront,154.7,Unknown,solo,rec@6:00,recovery,360.0,,,,0,2025,Running_Log_2025.xlsx
2025-10-29,2025,10,302,3,7.2,44.0,366.6666666666667,11.0,4.0,clear,dry,moderate,morning,Saucony Endorphin Speed 4*,lakefront,153.4,Unknown,solo,rec@6:06,recovery,366.0,,,,0,2025,Running_Log_2025.xlsx
2025-10-30,2025,10,303,4,24.5,151.0,369.7959183673469,10.0,3.0,cloudy,dry,high,morning,Saucony Endorphin Speed 4*,south lakefront,151.5,Unknown,solo,long@6:09,long,369.0,,,,0,2025,Running_Log_2025.xlsx
2025-10-31,2025,10,304,5,5.0,31.0,372.0,8.0,5.0,clear,dry,moderate,morning,Saucony Endorphin Speed 4*,lakefront,153.4,Unknown,solo,rec@6:12,recovery,372.0,,,,0,2025,Running_Log_2025.xlsx
2025-11-01,2025,11,305,6,7.4,43.0,348.64864864864865,12.0,4.0,cloudy,dry,low,morning,Saucony Endorphin Speed 4*,mccabe,,Unknown,solo,rec@5:48,recovery,348.0,,,,0,2025,Running_Log_2025.xlsx
2025-11-02,2025,11,306,7,5.2,31.0,357.6923076923077,7.0,5.0,overcast,wet,low,morning,Saucony Endorphin Speed 4*,mccabe,,Unknown,solo,rec@5:57,recovery,357.0,,,,0,2025,Running_Log_2025.xlsx
2025-11-03,2025,11,307,1,6.0,34.0,340.0,9.0,5.0,clear,dry,low,morning,Saucony Endorphin Speed 4*,lakefront,153.4,Unknown,solo,rec@5:40,recovery,340.0,,,,0,2025,Running_Log_2025.xlsx
2025-11-04,2025,11,308,2,6.5,39.0,360.0,9.0,5.0,cloudy,dry,low,morning,Saucony Endorphin Speed 4*,lakefront,153.4,Unknown,solo,rec@6:00,recovery,360.0,,,,0,2025,Running_Log_2025.xlsx
2025-11-05,2025,11,309,3,7.6,45.0,355.2631578947369,13.0,4.0,clear,dry,low,morning,Saucony Endorphin Speed 4*,lakefront,154.0,Unknown,solo,rec@5:55,recovery,355.0,,,,0,2025,Running_Log_2025.xlsx
2025-11-06,2025,11,310,4,24.5,137.0,335.51020408163265,7.0,3.0,clear,dry,low,morning,Saucony Endorphin Speed 4*,south lakefront,150.4,Unknown,solo,long@5:35,long,335.0,,,,0,2025,Running_Log_2025.xlsx
2025-11-07,2025,11,311,5,7.6,47.0,371.0526315789474,17.0,4.0,clear,dry,moderate,afternoon,Saucony Endorphin Speed 4*,lakefront,150.4,Unknown,solo,rec@6:11,recovery,371.0,,,,0,2025,Running_Log_2025.xlsx
2025-11-08,2025,11,312,6,5.8,35.0,362.0689655172414,8.0,5.0,overcast,wet,low,afternoon,Saucony Endorphin Speed 4*,lakefront,154.0,Unknown,solo,rec@6:02,recovery,362.0,,,,0,2025,Running_Log_2025.xlsx
2025-11-09,2025,11,313,7,6.0,36.0,360.0,1.0,5.0,overcast,dry,moderate,afternoon,Saucony Endorphin Speed 4*,lakefront,154.0,Unknown,solo,rec@6:00,recovery,360.0,,,,0,2025,Running_Log_2025.xlsx
2025-11-10,2025,11,314,1,4.3,28.0,390.69767441860466,-2.0,4.0,snow,snow,moderate,morning,Altra Olympus 6,lakefront,152.7,Unknown,solo,rec@6:30,recovery,390.0,,,,0,2025,Running_Log_2025.xlsx
2025-11-11,2025,11,315,2,4.9,29.0,355.1020408163265,3.0,5.0,cloudy,icy,moderate,afternoon,Saucony Endorphin Speed 4*,lakefront,152.4,Unknown,solo,rec@5:55,recovery,355.0,,,,0,2025,Running_Log_2025.xlsx
2025-11-12,2025,11,316,3,4.9,30.0,367.3469387755102,4.0,5.0,cloudy,wet,moderate,morning,Saucony Endorphin Speed 4*,lakefront,152.7,Unknown,solo,rec@6:07,recovery,367.0,,,,0,2025,Running_Log_2025.xlsx
2025-11-13,2025,11,317,4,5.0,29.0,348.0,13.0,5.0,cloudy,dry,low,afternoon,Saucony Endorphin Speed 4*,lakefront,152.7,Unknown,solo,rec@5:48,recovery,348.0,,,,0,2025,Running_Log_2025.xlsx
2025-11-14,2025,11,318,5,5.0,30.0,360.0,18.0,5.0,cloudy,dry,low,afternoon,Saucony Endorphin Speed 4*,lakefront,151.5,Unknown,solo,rec@6:00,recovery,360.0,,,,0,2025,Running_Log_2025.xlsx
2025-11-15,2025,11,319,6,3.6,28.0,466.66666666666663,18.0,5.0,clear,dry,low,afternoon,Saucony Endorphin Speed 4*,lakefront,151.0,Unknown,Maddy,rec@7:46,recovery,466.0,,,,0,2025,Running_Log_2025.xlsx
2025-11-16,2025,11,320,7,7.0,43.0,368.57142857142856,8.0,6.0,clear,dry,moderate,morning,Saucony Endorphin Speed 4*,lakefront,152.1,Unknown,solo,rec@6:08,recovery,368.0,,,,0,2025,Running_Log_2025.xlsx
2025-11-17,2025,11,321,1,6.0,35.0,350.0,8.0,4.0,overcast,dry,low,afternoon,Saucony Endorphin Speed 4*,lakefront,152.7,Unknown,solo,rec@5:50,recovery,350.0,,,,0,2025,Running_Log_2025.xlsx
2025-11-18,2025,11,322,2,4.5,28.0,373.3333333333333,6.0,5.0,overcast,wet,moderate,morning,Saucony Endorphin Speed 4*,lakefront,155.0,Unknown,solo,rec@6:13,recovery,373.0,,,,0,2025,Running_Log_2025.xlsx
2025-11-19,2025,11,323,3,6.0,35.0,350.0,7.0,5.0,overcast,wet,low,afternoon,Saucony Endorphin Speed 4*,lakefront,154.0,Unknown,solo,rec@5:50,recovery,350.0,,,,0,2025,Running_Log_2025.xlsx
2025-11-20,2025,11,324,4,5.5,33.0,360.0,8.0,5.0,overcast,wet,low,morning,Saucony Endorphin Speed 4*,lakefront,153.3,Unknown,solo,rec@6:00,recovery,360.0,,,,0,2025,Running_Log_2025.xlsx
2025-11-21,2025,11,325,5,8.0,48.0,360.0,7.0,4.0,cloudy,dry,low,morning,Saucony Endorphin Speed 4*,lakefront,153.3,Unknown,solo,rec@6:00,recovery,360.0,,,,0,2025,Running_Log_2025.xlsx
2025-11-22,2025,11,326,6,6.8,43.0,379.4117647058824,13.0,5.0,overcast,wet,low,morning,Saucony Endorphin Speed 4*,nike>powerline,153.2,Unknown,Maddy,rec@6:19,recovery,379.0,,,,0,2025,Running_Log_2025.xlsx
2025-11-23,2025,11,327,7,6.1,40.0,393.44262295081967,9.0,5.0,light rain,wet,low,morning,Saucony Endorphin Speed 4*,english hill,,Unknown,solo,rec@6:33,recovery,393.0,,,,0,2025,Running_Log_2025.xlsx
2025-11-24,2025,11,328,1,8.5,258.0,1821.1764705882354,1.0,5.0,cloudy,snow,low,morning,Saucony Endorphin Speed 4*,mt washington,,Unknown,solo,trail@30:21,trail,1821.0,,,,0,2025,Running_Log_2025.xlsx
2025-11-25,2025,11,329,2,8.6,52.0,362.7906976744186,6.0,6.0,overcast,wet,low,afternoon,Saucony Endorphin Speed 4*,river trail,153.2,Unknown,solo,rec@6:02,recovery,362.0,,,,0,2025,Running_Log_2025.xlsx
2025-11-26,2025,11,330,3,6.4,41.0,384.375,8.0,6.0,overcast,wet,low,morning,Saucony Endorphin Speed 4*,suburbia,153.4,Unknown,solo,rec@6:24,recovery,384.0,,,,0,2025,Running_Log_2025.xlsx
2025-11-27,2025,11,331,4,5.8,33.0,341.3793103448276,11.0,6.0,cloudy,wet,low,afternoon,Saucony Endorphin Speed 4*,nike>powerline,153.4,Unknown,solo,rec@5:41,recovery,341.0,,,,0,2025,Running_Log_2025.xlsx
2025-11-28,2025,11,332,5,4.4,25.0,340.9090909090909,7.0,5.0,cloudy,wet,low,morning,Saucony Endorphin Speed 4*,english hill,155.2,Unknown,solo,rec@5:40,recovery,340.0,,,,0,2025,Running_Log_2025.xlsx
2025-11-29,2025,11,333,6,3.4,28.0,494.11764705882354,8.0,5.0,cloudy,muddy,low,afternoon,Saucony Endorphin Speed 4*,ravenna,,Unknown,Maddy,rec@8:14,recovery,494.0,,,,0,2025,Running_Log_2025.xlsx
2025-11-30,2025,11,334,7,26.2,156.0,357.2519083969466,3.0,4.0,clear,dry,low,morning,Adidas Adios Pro 4,seattle,152.8,Unknown,solo,42195 race@2:35:58 [Seattle Marathon],race,,,,,1,2025,Running_Log_2025.xlsx
2025-12-01,2025,12,335,1,6.1,43.0,422.95081967213116,5.0,4.0,cloudy,dry,low,morning,Saucony Endorphin Speed 4*,ravenna,,Unknown,solo,rec@7:02,recovery,422.0,,,,0,2025,Running_Log_2025.xlsx
2025-12-02,2025,12,336,2,5.5,36.0,392.72727272727275,-8.0,3.0,overcast,icy,moderate,late,Saucony Endorphin Speed 4*,lakefront,156.6,Unknown,solo,rec@6:32,recovery,392.0,,,,0,2025,Running_Log_2025.xlsx
2025-12-03,2025,12,337,3,6.6,42.0,381.8181818181818,-1.0,5.0,snow,icy,low,afternoon,Saucony Endorphin Speed 4*,lakefront,,Unknown,solo,rec@6:21,recovery,381.0,,,,0,2025,Running_Log_2025.xlsx
2025-12-04,2025,12,338,4,7.6,47.0,371.0526315789474,-7.0,5.0,cloudy,icy,low,late,Saucony Endorphin Speed 4*,lakefront,155.0,Unknown,solo,rec@6:11,recovery,371.0,,,,0,2025,Running_Log_2025.xlsx
2025-12-05,2025,12,339,5,8.2,51.0,373.1707317073171,-1.0,5.0,overcast,icy,moderate,afternoon,Saucony Endorphin Speed 4*,lakefront,153.3,Unknown,solo,rec@6:13,recovery,373.0,,,,0,2025,Running_Log_2025.xlsx
2025-12-06,2025,12,340,6,8.0,49.0,367.5,1.0,5.0,overcast,icy,low,afternoon,Saucony Endorphin Speed 4*,lakefront,154.0,Unknown,solo,rec@6:07,recovery,367.0,,,,0,2025,Running_Log_2025.xlsx
2025-12-07,2025,12,341,7,10.0,62.0,372.0,-4.0,5.0,overcast,snow,moderate,afternoon,Saucony Endorphin Speed 4*,lakefront,154.0,Unknown,solo,rec@6:12,recovery,372.0,,,,0,2025,Running_Log_2025.xlsx
2025-12-08,2025,12,342,1,10.4,62.0,357.6923076923077,-3.0,4.0,overcast,icy,moderate,late,Saucony Endorphin Speed 4*,lakefront,152.8,Unknown,solo,rec@5:57,recovery,357.0,,,,0,2025,Running_Log_2025.xlsx
2025-12-09,2025,12,343,2,6.4,41.0,384.375,0.0,4.0,cloudy,icy,low,morning,Saucony Endorphin Speed 4*,lakefront,154.8,Unknown,solo,rec@6:24,recovery,384.0,,,,0,2025,Running_Log_2025.xlsx
2025-12-10,2025,12,344,3,13.1,75.0,343.5114503816794,1.0,4.0,snow,wet,high,morning,Saucony Endorphin Speed 4*,lakefront,,Unknown,solo,rec@5:43,recovery,343.0,,,,0,2025,Running_Log_2025.xlsx
2025-12-11,2025,12,345,4,10.6,66.0,373.5849056603774,-6.0,4.0,overcast,icy,low,morning,Saucony Endorphin Speed 4*,lakefront,154.1,Unknown,solo,rec@6:13,recovery,373.0,,,,0,2025,Running_Log_2025.xlsx
2025-12-12,2025,12,346,5,7.9,48.0,364.55696202531647,1.0,4.0,cloudy,dry,low,morning,Saucony Endorphin Speed 4*,falls church,,Unknown,solo,rec@6:04,recovery,364.0,,,,0,2025,Running_Log_2025.xlsx
2025-12-13,2025,12,347,6,24.0,154.0,385.0,0.0,5.0,overcast,dry,low,morning,Saucony Endorphin Speed 4*,falls church,,Unknown,solo,long@6:25,long,385.0,,,,0,2025,Running_Log_2025.xlsx
2025-12-14,2025,12,348,7,11.2,75.0,401.78571428571433,1.0,5.0,overcast,wet,low,morning,Saucony Endorphin Speed 4*,williamsburg,,Unknown,solo,rec@6:41,recovery,401.0,,,,0,2025,Running_Log_2025.xlsx
2025-12-15,2025,12,349,1,11.2,70.0,375.0,-6.0,4.0,cloudy,dry,low,late,Saucony Endorphin Speed 4*,lakefront,154.2,Unknown,solo,rec@6:15,recovery,375.0,,,,0,2025,Running_Log_2025.xlsx
2025-12-16,2025,12,350,2,8.6,53.0,369.7674418604651,-5.0,5.0,clear,dry,low,morning,Saucony Endorphin Speed 4*,lakefront,155.5,Unknown,solo,rec@6:09,recovery,369.0,,,,0,2025,Running_Log_2025.xlsx
2025-12-17,2025,12,351,3,10.6,65.0,367.9245283018868,3.0,4.0,cloudy,wet,low,morning,Saucony Endorphin Speed 4*,lakefront,154.2,Unknown,solo,rec@6:07,recovery,367.0,,,,0,2025,Running_Log_2025.xlsx
2025-12-18,2025,12,352,4,11.6,71.0,367.2413793103448,9.0,4.0,overcast,wet,high,morning,Saucony Endorphin Speed 5,lakefront,153.5,Unknown,solo,rec@6:07,recovery,367.0,,,,0,2025,Running_Log_2025.xlsx
2025-12-19,2025,12,353,5,8.0,48.0,360.0,-11.0,4.0,clear,dry,low,morning,Saucony Endorphin Speed 4*,lakefront,154.9,Unknown,solo,rec@6:00,recovery,360.0,,,,0,2025,Running_Log_2025.xlsx
2025-12-20,2025,12,354,6,14.4,102.0,425.0,3.0,5.0,overcast,dry,low,morning,Saucony Endorphin Speed 4*,flagstaff,,Unknown,solo,trail@7:05,trail,425.0,,,,0,2025,Running_Log_2025.xlsx
2025-12-21,2025,12,355,7,10.5,68.0,388.57142857142856,8.0,5.0,clear,dry,low,morning,Saucony Endorphin Speed 4*,east boulder,,Unknown,solo,rec@6:28,recovery,388.0,,,,0,2025,Running_Log_2025.xlsx
2025-12-22,2025,12,356,1,10.8,73.0,405.55555555555554,22.0,4.0,clear,dry,extreme,afternoon,Saucony Endorphin Speed 4*,boulder turnpike,,Unknown,solo,rec@6:45,recovery,405.0,,,,0,2025,Running_Log_2025.xlsx
2025-12-23,2025,12,357,2,7.4,45.0,364.86486486486484,7.0,4.0,clear,dry,low,early,Saucony Endorphin Speed 4*,east boulder,,Unknown,solo,rec@6:04,recovery,364.0,,,,0,2025,Running_Log_2025.xlsx
2025-12-24,2025,12,358,3,11.3,69.0,366.3716814159292,15.0,6.0,cloudy,dry,low,afternoon,Saucony Endorphin Speed 4*,williamsburg,,Unknown,solo,rec@6:06,recovery,366.0,,,,0,2025,Running_Log_2025.xlsx
2025-12-25,2025,12,359,4,9.4,56.0,357.4468085106383,5.0,4.0,overcast,dry,low,morning,Saucony Endorphin Speed 4*,williamsburg,,Unknown,solo,rec@5:57,recovery,357.0,,,,0,2025,Running_Log_2025.xlsx
2025-12-26,2025,12,360,5,24.0,149.0,372.5,4.0,6.0,overcast,wet,low,afternoon,Saucony Endorphin Speed 4*,williamsburg,,Unknown,solo,long@6:12,long,372.0,,,,0,2025,Running_Log_2025.xlsx
2025-12-27,2025,12,361,6,7.6,47.0,371.0526315789474,5.0,5.0,cloudy,dry,low,morning,Saucony Endorphin Speed 4*,williamsburg,,Unknown,solo,rec@6:11,recovery,371.0,,,,0,2025,Running_Log_2025.xlsx
2025-12-28,2025,12,362,7,10.0,57.0,342.0,5.0,6.0,overcast,dry,low,morning,Saucony Endorphin Speed 4*,williamsburg,,Unknown,solo,rec@5:42,recovery,342.0,,,,0,2025,Running_Log_2025.xlsx
2025-12-29,2025,12,363,1,10.0,57.0,342.0,17.0,5.0,overcast,wet,low,afternoon,Saucony Endorphin Speed 4*,williamsburg,,Unknown,solo,rec@5:42,recovery,342.0,,,,0,2025,Running_Log_2025.xlsx
2025-12-30,2025,12,364,2,7.6,44.0,347.3684210526316,0.0,4.0,clear,dry,low,morning,Saucony Endorphin Speed 4*,williamsburg,,Unknown,solo,rec@5:47,recovery,347.0,,,,0,2025,Running_Log_2025.xlsx
2025-12-31,2025,12,365,3,9.3,55.0,354.83870967741933,2.0,6.0,overcast,dry,low,morning,Saucony Endorphin Speed 4*,dc,,Unknown,solo,rec@5:54,recovery,354.0,,,,0,2025,Running_Log_2025.xlsx
